[image_installer.py] --- Log started at 2026-05-30 21:22:06 ---
[image_installer.py] >>> Dragon's Dogma 2: Image Installer for ItemBelt Mod <<<
[image_installer.py] Running extract_tex.py from run_step()
[extract_tex.py] --- TEX Extractor ---
[extract_tex.py] Game directory: D:\GAMES\Dragons.Dogma.2.Deluxe.Edition-InsaneRamZes
[extract_tex.py] Output directory: D:\GAMES\Dragons.Dogma.2.Deluxe.Edition-InsaneRamZes\reframework\images\ItemBelt
[extract_tex.py] Temporary working dir: C:\Temp\dd2_retool_extract
[extract_tex.py] List file contents:
natives/stm/gui/ui01/common/item/c00/tex_ui01c00_00_iam.tex.760230703
natives/stm/gui/ui01/common/item/c00/tex_ui01c00_01_iam.tex.760230703
natives/stm/gui/ui01/common/item/c00/tex_ui01c00_02_iam.tex.760230703
natives/stm/gui/ui01/common/item/c00/tex_ui01c00_03_iam.tex.760230703
[extract_tex.py] Running REtool on re_chunk_000.pak.patch_001.pak...
[extract_tex.py] Using REtool.exe at: D:\GAMES\REtool\REtool.exe
[extract_tex.py] REtool output for re_chunk_000.pak.patch_001.pak: RE Engine PAK tool v0.240 (by youtube.com/user/FluffyQuack)

Read 4 entries from D:\GAMES\Dragons.Dogma.2.Deluxe.Edition-InsaneRamZes\reframework\images\ItemBelt\pytools\tex_list.txt
Attempting to unpack D:\GAMES\Dragons.Dogma.2.Deluxe.Edition-InsaneRamZes\re_chunk_000.pak.patch_001.pak...
Decrypted PAK TOC.
Extracting files...
Extracted 0 files from D:\GAMES\Dragons.Dogma.2.Deluxe.Edition-InsaneRamZes\re_chunk_000.pak.patch_001.pak
Skipped 452 files


[extract_tex.py] Still missing ['tex_ui01c00_00_iam.tex.760230703', 'tex_ui01c00_01_iam.tex.760230703', 'tex_ui01c00_02_iam.tex.760230703', 'tex_ui01c00_03_iam.tex.760230703']
[extract_tex.py] Running REtool on re_chunk_000.pak.patch_002.pak...
[extract_tex.py] Using REtool.exe at: D:\GAMES\REtool\REtool.exe
[extract_tex.py] REtool output for re_chunk_000.pak.patch_002.pak: RE Engine PAK tool v0.240 (by youtube.com/user/FluffyQuack)

Read 4 entries from D:\GAMES\Dragons.Dogma.2.Deluxe.Edition-InsaneRamZes\reframework\images\ItemBelt\pytools\tex_list.txt
Attempting to unpack D:\GAMES\Dragons.Dogma.2.Deluxe.Edition-InsaneRamZes\re_chunk_000.pak.patch_002.pak...
Decrypted PAK TOC.
Extracting files...
Extracted 0 files from D:\GAMES\Dragons.Dogma.2.Deluxe.Edition-InsaneRamZes\re_chunk_000.pak.patch_002.pak
Skipped 32 files


[extract_tex.py] Still missing ['tex_ui01c00_00_iam.tex.760230703', 'tex_ui01c00_01_iam.tex.760230703', 'tex_ui01c00_02_iam.tex.760230703', 'tex_ui01c00_03_iam.tex.760230703']
[extract_tex.py] Running REtool on re_chunk_000.pak.patch_003.pak...
[extract_tex.py] Using REtool.exe at: D:\GAMES\REtool\REtool.exe
[extract_tex.py] REtool output for re_chunk_000.pak.patch_003.pak: RE Engine PAK tool v0.240 (by youtube.com/user/FluffyQuack)

Read 4 entries from D:\GAMES\Dragons.Dogma.2.Deluxe.Edition-InsaneRamZes\reframework\images\ItemBelt\pytools\tex_list.txt
Attempting to unpack D:\GAMES\Dragons.Dogma.2.Deluxe.Edition-InsaneRamZes\re_chunk_000.pak.patch_003.pak...
Decrypted PAK TOC.
Extracting files...
Extracted 0 files from D:\GAMES\Dragons.Dogma.2.Deluxe.Edition-InsaneRamZes\re_chunk_000.pak.patch_003.pak
Skipped 4340 files


[extract_tex.py] Still missing ['tex_ui01c00_00_iam.tex.760230703', 'tex_ui01c00_01_iam.tex.760230703', 'tex_ui01c00_02_iam.tex.760230703', 'tex_ui01c00_03_iam.tex.760230703']
[extract_tex.py] Running REtool on re_chunk_000.pak.patch_004.pak...
[extract_tex.py] Using REtool.exe at: D:\GAMES\REtool\REtool.exe
[extract_tex.py] REtool output for re_chunk_000.pak.patch_004.pak: RE Engine PAK tool v0.240 (by youtube.com/user/FluffyQuack)

Read 4 entries from D:\GAMES\Dragons.Dogma.2.Deluxe.Edition-InsaneRamZes\reframework\images\ItemBelt\pytools\tex_list.txt
Attempting to unpack D:\GAMES\Dragons.Dogma.2.Deluxe.Edition-InsaneRamZes\re_chunk_000.pak.patch_004.pak...
Decrypted PAK TOC.
Extracting files...
Extracted 0 files from D:\GAMES\Dragons.Dogma.2.Deluxe.Edition-InsaneRamZes\re_chunk_000.pak.patch_004.pak
Skipped 210 files


[extract_tex.py] Still missing ['tex_ui01c00_00_iam.tex.760230703', 'tex_ui01c00_01_iam.tex.760230703', 'tex_ui01c00_02_iam.tex.760230703', 'tex_ui01c00_03_iam.tex.760230703']
[extract_tex.py] Running REtool on re_chunk_000.pak.patch_005.pak...
[extract_tex.py] Using REtool.exe at: D:\GAMES\REtool\REtool.exe
[extract_tex.py] REtool output for re_chunk_000.pak.patch_005.pak: RE Engine PAK tool v0.240 (by youtube.com/user/FluffyQuack)

Read 4 entries from D:\GAMES\Dragons.Dogma.2.Deluxe.Edition-InsaneRamZes\reframework\images\ItemBelt\pytools\tex_list.txt
Attempting to unpack D:\GAMES\Dragons.Dogma.2.Deluxe.Edition-InsaneRamZes\re_chunk_000.pak.patch_005.pak...
Decrypted PAK TOC.
Extracting files...
Extracted 0 files from D:\GAMES\Dragons.Dogma.2.Deluxe.Edition-InsaneRamZes\re_chunk_000.pak.patch_005.pak
Skipped 1031 files


[extract_tex.py] Still missing ['tex_ui01c00_00_iam.tex.760230703', 'tex_ui01c00_01_iam.tex.760230703', 'tex_ui01c00_02_iam.tex.760230703', 'tex_ui01c00_03_iam.tex.760230703']
[extract_tex.py] Running REtool on re_chunk_000.pak.patch_006.pak...
[extract_tex.py] Using REtool.exe at: D:\GAMES\REtool\REtool.exe
[extract_tex.py] REtool output for re_chunk_000.pak.patch_006.pak: RE Engine PAK tool v0.240 (by youtube.com/user/FluffyQuack)

Read 4 entries from D:\GAMES\Dragons.Dogma.2.Deluxe.Edition-InsaneRamZes\reframework\images\ItemBelt\pytools\tex_list.txt
Attempting to unpack D:\GAMES\Dragons.Dogma.2.Deluxe.Edition-InsaneRamZes\re_chunk_000.pak.patch_006.pak...
Decrypted PAK TOC.
Extracting files...
Extracted 0 files from D:\GAMES\Dragons.Dogma.2.Deluxe.Edition-InsaneRamZes\re_chunk_000.pak.patch_006.pak
Skipped 5041 files


[extract_tex.py] Still missing ['tex_ui01c00_00_iam.tex.760230703', 'tex_ui01c00_01_iam.tex.760230703', 'tex_ui01c00_02_iam.tex.760230703', 'tex_ui01c00_03_iam.tex.760230703']
[extract_tex.py] Running REtool on re_chunk_000.pak.patch_007.pak...
[extract_tex.py] Using REtool.exe at: D:\GAMES\REtool\REtool.exe
[extract_tex.py] REtool output for re_chunk_000.pak.patch_007.pak: RE Engine PAK tool v0.240 (by youtube.com/user/FluffyQuack)

Read 4 entries from D:\GAMES\Dragons.Dogma.2.Deluxe.Edition-InsaneRamZes\reframework\images\ItemBelt\pytools\tex_list.txt
Attempting to unpack D:\GAMES\Dragons.Dogma.2.Deluxe.Edition-InsaneRamZes\re_chunk_000.pak.patch_007.pak...
Decrypted PAK TOC.
Extracting files...
Extracted 0 files from D:\GAMES\Dragons.Dogma.2.Deluxe.Edition-InsaneRamZes\re_chunk_000.pak.patch_007.pak
Skipped 11 files


[extract_tex.py] Still missing ['tex_ui01c00_00_iam.tex.760230703', 'tex_ui01c00_01_iam.tex.760230703', 'tex_ui01c00_02_iam.tex.760230703', 'tex_ui01c00_03_iam.tex.760230703']
[extract_tex.py] Running REtool on re_chunk_000.pak.patch_008.pak...
[extract_tex.py] Using REtool.exe at: D:\GAMES\REtool\REtool.exe
[extract_tex.py] REtool output for re_chunk_000.pak.patch_008.pak: RE Engine PAK tool v0.240 (by youtube.com/user/FluffyQuack)

Read 4 entries from D:\GAMES\Dragons.Dogma.2.Deluxe.Edition-InsaneRamZes\reframework\images\ItemBelt\pytools\tex_list.txt
Attempting to unpack D:\GAMES\Dragons.Dogma.2.Deluxe.Edition-InsaneRamZes\re_chunk_000.pak.patch_008.pak...
Decrypted PAK TOC.
Extracting files...
Extracted 0 files from D:\GAMES\Dragons.Dogma.2.Deluxe.Edition-InsaneRamZes\re_chunk_000.pak.patch_008.pak
Skipped 45103 files


[extract_tex.py] Still missing ['tex_ui01c00_00_iam.tex.760230703', 'tex_ui01c00_01_iam.tex.760230703', 'tex_ui01c00_02_iam.tex.760230703', 'tex_ui01c00_03_iam.tex.760230703']
[extract_tex.py] Running REtool on re_chunk_000.pak.patch_009.pak...
[extract_tex.py] Using REtool.exe at: D:\GAMES\REtool\REtool.exe
[extract_tex.py] REtool output for re_chunk_000.pak.patch_009.pak: RE Engine PAK tool v0.240 (by youtube.com/user/FluffyQuack)

Read 4 entries from D:\GAMES\Dragons.Dogma.2.Deluxe.Edition-InsaneRamZes\reframework\images\ItemBelt\pytools\tex_list.txt
Attempting to unpack D:\GAMES\Dragons.Dogma.2.Deluxe.Edition-InsaneRamZes\re_chunk_000.pak.patch_009.pak...
Decrypted PAK TOC.
Extracting files...
Extracted 0 files from D:\GAMES\Dragons.Dogma.2.Deluxe.Edition-InsaneRamZes\re_chunk_000.pak.patch_009.pak
Skipped 19 files


[extract_tex.py] Still missing ['tex_ui01c00_00_iam.tex.760230703', 'tex_ui01c00_01_iam.tex.760230703', 'tex_ui01c00_02_iam.tex.760230703', 'tex_ui01c00_03_iam.tex.760230703']
[extract_tex.py] Running REtool on re_chunk_000.pak.patch_010.pak...
[extract_tex.py] Using REtool.exe at: D:\GAMES\REtool\REtool.exe
[extract_tex.py] REtool output for re_chunk_000.pak.patch_010.pak: RE Engine PAK tool v0.240 (by youtube.com/user/FluffyQuack)

Read 4 entries from D:\GAMES\Dragons.Dogma.2.Deluxe.Edition-InsaneRamZes\reframework\images\ItemBelt\pytools\tex_list.txt
Attempting to unpack D:\GAMES\Dragons.Dogma.2.Deluxe.Edition-InsaneRamZes\re_chunk_000.pak.patch_010.pak...
Decrypted PAK TOC.
Extracting files...
Extracted 0 files from D:\GAMES\Dragons.Dogma.2.Deluxe.Edition-InsaneRamZes\re_chunk_000.pak.patch_010.pak
Skipped 16 files


[extract_tex.py] Still missing ['tex_ui01c00_00_iam.tex.760230703', 'tex_ui01c00_01_iam.tex.760230703', 'tex_ui01c00_02_iam.tex.760230703', 'tex_ui01c00_03_iam.tex.760230703']
[extract_tex.py] Running REtool on re_chunk_000.pak.patch_011.pak...
[extract_tex.py] Using REtool.exe at: D:\GAMES\REtool\REtool.exe
[extract_tex.py] REtool output for re_chunk_000.pak.patch_011.pak: RE Engine PAK tool v0.240 (by youtube.com/user/FluffyQuack)

Read 4 entries from D:\GAMES\Dragons.Dogma.2.Deluxe.Edition-InsaneRamZes\reframework\images\ItemBelt\pytools\tex_list.txt
Attempting to unpack D:\GAMES\Dragons.Dogma.2.Deluxe.Edition-InsaneRamZes\re_chunk_000.pak.patch_011.pak...
Decrypted PAK TOC.
Extracting files...
Extracted 0 files from D:\GAMES\Dragons.Dogma.2.Deluxe.Edition-InsaneRamZes\re_chunk_000.pak.patch_011.pak
Skipped 14884 files


[extract_tex.py] Still missing ['tex_ui01c00_00_iam.tex.760230703', 'tex_ui01c00_01_iam.tex.760230703', 'tex_ui01c00_02_iam.tex.760230703', 'tex_ui01c00_03_iam.tex.760230703']
[extract_tex.py] Running REtool on re_chunk_000.pak.patch_012.pak...
[extract_tex.py] Using REtool.exe at: D:\GAMES\REtool\REtool.exe
[extract_tex.py] REtool output for re_chunk_000.pak.patch_012.pak: RE Engine PAK tool v0.240 (by youtube.com/user/FluffyQuack)

Read 4 entries from D:\GAMES\Dragons.Dogma.2.Deluxe.Edition-InsaneRamZes\reframework\images\ItemBelt\pytools\tex_list.txt
Attempting to unpack D:\GAMES\Dragons.Dogma.2.Deluxe.Edition-InsaneRamZes\re_chunk_000.pak.patch_012.pak...
Decrypted PAK TOC.
Extracting files...
Extracted 0 files from D:\GAMES\Dragons.Dogma.2.Deluxe.Edition-InsaneRamZes\re_chunk_000.pak.patch_012.pak
Skipped 25 files


[extract_tex.py] Still missing ['tex_ui01c00_00_iam.tex.760230703', 'tex_ui01c00_01_iam.tex.760230703', 'tex_ui01c00_02_iam.tex.760230703', 'tex_ui01c00_03_iam.tex.760230703']
[extract_tex.py] Running REtool on re_chunk_000.pak.patch_013.pak...
[extract_tex.py] Using REtool.exe at: D:\GAMES\REtool\REtool.exe
[extract_tex.py] REtool output for re_chunk_000.pak.patch_013.pak: RE Engine PAK tool v0.240 (by youtube.com/user/FluffyQuack)

Read 4 entries from D:\GAMES\Dragons.Dogma.2.Deluxe.Edition-InsaneRamZes\reframework\images\ItemBelt\pytools\tex_list.txt
Attempting to unpack D:\GAMES\Dragons.Dogma.2.Deluxe.Edition-InsaneRamZes\re_chunk_000.pak.patch_013.pak...
Decrypted PAK TOC.
Extracting files...
Extracted 0 files from D:\GAMES\Dragons.Dogma.2.Deluxe.Edition-InsaneRamZes\re_chunk_000.pak.patch_013.pak
Skipped 12 files


[extract_tex.py] Still missing ['tex_ui01c00_00_iam.tex.760230703', 'tex_ui01c00_01_iam.tex.760230703', 'tex_ui01c00_02_iam.tex.760230703', 'tex_ui01c00_03_iam.tex.760230703']
[extract_tex.py] Running REtool on re_chunk_000.pak.patch_014.pak...
[extract_tex.py] Using REtool.exe at: D:\GAMES\REtool\REtool.exe
[extract_tex.py] REtool output for re_chunk_000.pak.patch_014.pak: RE Engine PAK tool v0.240 (by youtube.com/user/FluffyQuack)

Read 4 entries from D:\GAMES\Dragons.Dogma.2.Deluxe.Edition-InsaneRamZes\reframework\images\ItemBelt\pytools\tex_list.txt
Attempting to unpack D:\GAMES\Dragons.Dogma.2.Deluxe.Edition-InsaneRamZes\re_chunk_000.pak.patch_014.pak...
Extracting files...
Extracted 0 files from D:\GAMES\Dragons.Dogma.2.Deluxe.Edition-InsaneRamZes\re_chunk_000.pak.patch_014.pak


[extract_tex.py] Still missing ['tex_ui01c00_00_iam.tex.760230703', 'tex_ui01c00_01_iam.tex.760230703', 'tex_ui01c00_02_iam.tex.760230703', 'tex_ui01c00_03_iam.tex.760230703']
[extract_tex.py] Running REtool on re_chunk_000.pak.patch_015.pak...
[extract_tex.py] Using REtool.exe at: D:\GAMES\REtool\REtool.exe
[extract_tex.py] REtool output for re_chunk_000.pak.patch_015.pak: RE Engine PAK tool v0.240 (by youtube.com/user/FluffyQuack)

Read 4 entries from D:\GAMES\Dragons.Dogma.2.Deluxe.Edition-InsaneRamZes\reframework\images\ItemBelt\pytools\tex_list.txt
Attempting to unpack D:\GAMES\Dragons.Dogma.2.Deluxe.Edition-InsaneRamZes\re_chunk_000.pak.patch_015.pak...
Extracting files...
Extracted 0 files from D:\GAMES\Dragons.Dogma.2.Deluxe.Edition-InsaneRamZes\re_chunk_000.pak.patch_015.pak


[extract_tex.py] Still missing ['tex_ui01c00_00_iam.tex.760230703', 'tex_ui01c00_01_iam.tex.760230703', 'tex_ui01c00_02_iam.tex.760230703', 'tex_ui01c00_03_iam.tex.760230703']
[extract_tex.py] Running REtool on re_chunk_000.pak.patch_016.pak...
[extract_tex.py] Using REtool.exe at: D:\GAMES\REtool\REtool.exe
[extract_tex.py] REtool output for re_chunk_000.pak.patch_016.pak: RE Engine PAK tool v0.240 (by youtube.com/user/FluffyQuack)

Read 4 entries from D:\GAMES\Dragons.Dogma.2.Deluxe.Edition-InsaneRamZes\reframework\images\ItemBelt\pytools\tex_list.txt
Attempting to unpack D:\GAMES\Dragons.Dogma.2.Deluxe.Edition-InsaneRamZes\re_chunk_000.pak.patch_016.pak...
Extracting files...
Extracted 0 files from D:\GAMES\Dragons.Dogma.2.Deluxe.Edition-InsaneRamZes\re_chunk_000.pak.patch_016.pak


[extract_tex.py] Still missing ['tex_ui01c00_00_iam.tex.760230703', 'tex_ui01c00_01_iam.tex.760230703', 'tex_ui01c00_02_iam.tex.760230703', 'tex_ui01c00_03_iam.tex.760230703']
[extract_tex.py] Running REtool on re_chunk_000.pak.patch_017.pak...
[extract_tex.py] Using REtool.exe at: D:\GAMES\REtool\REtool.exe
[extract_tex.py] REtool output for re_chunk_000.pak.patch_017.pak: RE Engine PAK tool v0.240 (by youtube.com/user/FluffyQuack)

Read 4 entries from D:\GAMES\Dragons.Dogma.2.Deluxe.Edition-InsaneRamZes\reframework\images\ItemBelt\pytools\tex_list.txt
Attempting to unpack D:\GAMES\Dragons.Dogma.2.Deluxe.Edition-InsaneRamZes\re_chunk_000.pak.patch_017.pak...
Extracting files...
Extracted 0 files from D:\GAMES\Dragons.Dogma.2.Deluxe.Edition-InsaneRamZes\re_chunk_000.pak.patch_017.pak


[extract_tex.py] Still missing ['tex_ui01c00_00_iam.tex.760230703', 'tex_ui01c00_01_iam.tex.760230703', 'tex_ui01c00_02_iam.tex.760230703', 'tex_ui01c00_03_iam.tex.760230703']
[extract_tex.py] Running REtool on re_chunk_000.pak.patch_018.pak...
[extract_tex.py] Using REtool.exe at: D:\GAMES\REtool\REtool.exe
[extract_tex.py] REtool output for re_chunk_000.pak.patch_018.pak: RE Engine PAK tool v0.240 (by youtube.com/user/FluffyQuack)

Read 4 entries from D:\GAMES\Dragons.Dogma.2.Deluxe.Edition-InsaneRamZes\reframework\images\ItemBelt\pytools\tex_list.txt
Attempting to unpack D:\GAMES\Dragons.Dogma.2.Deluxe.Edition-InsaneRamZes\re_chunk_000.pak.patch_018.pak...
Extracting files...
Extracted 0 files from D:\GAMES\Dragons.Dogma.2.Deluxe.Edition-InsaneRamZes\re_chunk_000.pak.patch_018.pak


[extract_tex.py] Still missing ['tex_ui01c00_00_iam.tex.760230703', 'tex_ui01c00_01_iam.tex.760230703', 'tex_ui01c00_02_iam.tex.760230703', 'tex_ui01c00_03_iam.tex.760230703']
[extract_tex.py] Running REtool on re_chunk_000.pak.patch_019.pak...
[extract_tex.py] Using REtool.exe at: D:\GAMES\REtool\REtool.exe
[extract_tex.py] REtool output for re_chunk_000.pak.patch_019.pak: RE Engine PAK tool v0.240 (by youtube.com/user/FluffyQuack)

Read 4 entries from D:\GAMES\Dragons.Dogma.2.Deluxe.Edition-InsaneRamZes\reframework\images\ItemBelt\pytools\tex_list.txt
Attempting to unpack D:\GAMES\Dragons.Dogma.2.Deluxe.Edition-InsaneRamZes\re_chunk_000.pak.patch_019.pak...
Extracting files...
Extracted 0 files from D:\GAMES\Dragons.Dogma.2.Deluxe.Edition-InsaneRamZes\re_chunk_000.pak.patch_019.pak
Skipped 13 files


[extract_tex.py] Still missing ['tex_ui01c00_00_iam.tex.760230703', 'tex_ui01c00_01_iam.tex.760230703', 'tex_ui01c00_02_iam.tex.760230703', 'tex_ui01c00_03_iam.tex.760230703']
[extract_tex.py] Running REtool on re_chunk_000.pak.patch_020.pak...
[extract_tex.py] Using REtool.exe at: D:\GAMES\REtool\REtool.exe
[extract_tex.py] REtool output for re_chunk_000.pak.patch_020.pak: RE Engine PAK tool v0.240 (by youtube.com/user/FluffyQuack)

Read 4 entries from D:\GAMES\Dragons.Dogma.2.Deluxe.Edition-InsaneRamZes\reframework\images\ItemBelt\pytools\tex_list.txt
Attempting to unpack D:\GAMES\Dragons.Dogma.2.Deluxe.Edition-InsaneRamZes\re_chunk_000.pak.patch_020.pak...
Read 9 entries
Loaded hash list from manifest
Extracting files...
Wrote re_chunk_000.pak.patch_020\__MANIFEST/MANIFEST.TXT (deflate)
Wrote re_chunk_000.pak.patch_020\natives/stm/character/_kit/body/body_000_f/body_000_f.mesh.240423143 (deflate)
Wrote re_chunk_000.pak.patch_020\natives/stm/character/_kit/_equipment/_furmasks/tops/tops_247_f_mskm.tex.760230703 (deflate)
Wrote re_chunk_000.pak.patch_020\DD2NudeMod.jpg (copied)
Wrote re_chunk_000.pak.patch_020\natives/stm/character/_kit/_equipment/_furmasks/tops/tops_248_f_mskm.tex.760230703 (deflate)
Wrote re_chunk_000.pak.patch_020\natives/stm/character/_kit/_equipment/_furmasks/tops/tops_248_f_job02_left_mskm.tex.760230703 (deflate)
Wrote re_chunk_000.pak.patch_020\natives/stm/character/_kit/_equipment/tops/036/tops_036_wb_f.mesh.240423143 (deflate)
Wrote re_chunk_000.pak.patch_020\modinfo.ini (copied)
Wrote re_chunk_000.pak.patch_020\natives/stm/character/_kit/_equipment/_furmasks/tops/tops_248_f_job08_left_mskm.tex.760230703 (deflate)
Extracted 9 files from D:\GAMES\Dragons.Dogma.2.Deluxe.Edition-InsaneRamZes\re_chunk_000.pak.patch_020.pak
Extracted 2 files with zero compression
Extracted 7 files compressed with deflate


[extract_tex.py] Still missing ['tex_ui01c00_00_iam.tex.760230703', 'tex_ui01c00_01_iam.tex.760230703', 'tex_ui01c00_02_iam.tex.760230703', 'tex_ui01c00_03_iam.tex.760230703']
[extract_tex.py] Running REtool on re_chunk_000.pak.patch_021.pak...
[extract_tex.py] Using REtool.exe at: D:\GAMES\REtool\REtool.exe
[extract_tex.py] REtool output for re_chunk_000.pak.patch_021.pak: RE Engine PAK tool v0.240 (by youtube.com/user/FluffyQuack)

Read 4 entries from D:\GAMES\Dragons.Dogma.2.Deluxe.Edition-InsaneRamZes\reframework\images\ItemBelt\pytools\tex_list.txt
Attempting to unpack D:\GAMES\Dragons.Dogma.2.Deluxe.Edition-InsaneRamZes\re_chunk_000.pak.patch_021.pak...
Read 7 entries
Loaded hash list from manifest
Extracting files...
Wrote re_chunk_000.pak.patch_021\__MANIFEST/MANIFEST.TXT (deflate)
Wrote re_chunk_000.pak.patch_021\natives/stm/gui/ui02/ui0203/tex_ui020301_04_iam.tex.760230703 (deflate)
Wrote re_chunk_000.pak.patch_021\modinfo.ini (copied)
Wrote re_chunk_000.pak.patch_021\screenshot.jpg (copied)
Wrote re_chunk_000.pak.patch_021\natives/stm/gui/ui01/common/map/tex_map_02_iam.tex.760230703 (deflate)
Wrote re_chunk_000.pak.patch_021\natives/stm/gui/ui01/common/map/tex_map_03_iam.tex.760230703 (deflate)
Wrote re_chunk_000.pak.patch_021\natives/stm/gui/ui01/common/map/tex_map_01_iam.tex.760230703 (deflate)
Extracted 7 files from D:\GAMES\Dragons.Dogma.2.Deluxe.Edition-InsaneRamZes\re_chunk_000.pak.patch_021.pak
Extracted 2 files with zero compression
Extracted 5 files compressed with deflate


[extract_tex.py] Still missing ['tex_ui01c00_00_iam.tex.760230703', 'tex_ui01c00_01_iam.tex.760230703', 'tex_ui01c00_02_iam.tex.760230703', 'tex_ui01c00_03_iam.tex.760230703']
[extract_tex.py] Running REtool on re_chunk_000.pak.patch_022.pak...
[extract_tex.py] Using REtool.exe at: D:\GAMES\REtool\REtool.exe
[extract_tex.py] REtool output for re_chunk_000.pak.patch_022.pak: RE Engine PAK tool v0.240 (by youtube.com/user/FluffyQuack)

Read 4 entries from D:\GAMES\Dragons.Dogma.2.Deluxe.Edition-InsaneRamZes\reframework\images\ItemBelt\pytools\tex_list.txt
Attempting to unpack D:\GAMES\Dragons.Dogma.2.Deluxe.Edition-InsaneRamZes\re_chunk_000.pak.patch_022.pak...
Read 5 entries
Loaded hash list from manifest
Extracting files...
Wrote re_chunk_000.pak.patch_022\__MANIFEST/MANIFEST.TXT (deflate)
Wrote re_chunk_000.pak.patch_022\natives/stm/gui/ui02/ui0203/tex_ui020301_04_iam.tex.760230703 (deflate)
Wrote re_chunk_000.pak.patch_022\screenshot.png (copied)
Wrote re_chunk_000.pak.patch_022\modinfo.ini (copied)
Wrote re_chunk_000.pak.patch_022\natives/stm/gui/ui01/common/map/tex_map_03_iam.tex.760230703 (deflate)
Extracted 5 files from D:\GAMES\Dragons.Dogma.2.Deluxe.Edition-InsaneRamZes\re_chunk_000.pak.patch_022.pak
Extracted 2 files with zero compression
Extracted 3 files compressed with deflate


[extract_tex.py] Still missing ['tex_ui01c00_00_iam.tex.760230703', 'tex_ui01c00_01_iam.tex.760230703', 'tex_ui01c00_02_iam.tex.760230703', 'tex_ui01c00_03_iam.tex.760230703']
[extract_tex.py] Running REtool on re_chunk_000.pak.patch_023.pak...
[extract_tex.py] Using REtool.exe at: D:\GAMES\REtool\REtool.exe
[extract_tex.py] REtool output for re_chunk_000.pak.patch_023.pak: RE Engine PAK tool v0.240 (by youtube.com/user/FluffyQuack)

Read 4 entries from D:\GAMES\Dragons.Dogma.2.Deluxe.Edition-InsaneRamZes\reframework\images\ItemBelt\pytools\tex_list.txt
Attempting to unpack D:\GAMES\Dragons.Dogma.2.Deluxe.Edition-InsaneRamZes\re_chunk_000.pak.patch_023.pak...
Read 8 entries
Loaded hash list from manifest
Extracting files...
Wrote re_chunk_000.pak.patch_023\natives/stm/appsystem/charaedit/ch000/parts/underwear/mesh/underwear_500_f.pfb.17 (deflate)
Wrote re_chunk_000.pak.patch_023\__MANIFEST/MANIFEST.TXT (deflate)
Wrote re_chunk_000.pak.patch_023\natives/stm/character/_kit/_equipment/_furmasks/underwear/underwear_001_f_upper_mskm.tex.760230703 (deflate)
Wrote re_chunk_000.pak.patch_023\natives/stm/character/_kit/_equipment/underwear/500/underwear_500_f.mdf2.40 (deflate)
Wrote re_chunk_000.pak.patch_023\natives/stm/character/_kit/_equipment/underwear/500/underwear_500_f.mesh.240423143 (deflate)
Wrote re_chunk_000.pak.patch_023\natives/stm/character/_kit/_equipment/underwear/500/PubicHairNormal_NRMR.tex.760230703 (deflate)
Wrote re_chunk_000.pak.patch_023\natives/stm/character/_kit/_equipment/_furmasks/underwear/underwear_000_f_upper_mskm.tex.760230703 (deflate)
Wrote re_chunk_000.pak.patch_023\natives/stm/character/_kit/_equipment/_furmasks/underwear/underwear_000_f_lower_mskm.tex.760230703 (deflate)
Extracted 8 files from D:\GAMES\Dragons.Dogma.2.Deluxe.Edition-InsaneRamZes\re_chunk_000.pak.patch_023.pak
Extracted 8 files compressed with deflate


[extract_tex.py] Still missing ['tex_ui01c00_00_iam.tex.760230703', 'tex_ui01c00_01_iam.tex.760230703', 'tex_ui01c00_02_iam.tex.760230703', 'tex_ui01c00_03_iam.tex.760230703']
[extract_tex.py] Running REtool on re_chunk_000.pak.patch_024.pak...
[extract_tex.py] Using REtool.exe at: D:\GAMES\REtool\REtool.exe
[extract_tex.py] REtool output for re_chunk_000.pak.patch_024.pak: RE Engine PAK tool v0.240 (by youtube.com/user/FluffyQuack)

Read 4 entries from D:\GAMES\Dragons.Dogma.2.Deluxe.Edition-InsaneRamZes\reframework\images\ItemBelt\pytools\tex_list.txt
Attempting to unpack D:\GAMES\Dragons.Dogma.2.Deluxe.Edition-InsaneRamZes\re_chunk_000.pak.patch_024.pak...
Read 8 entries
Loaded hash list from manifest
Extracting files...
Wrote re_chunk_000.pak.patch_024\natives/stm/appsystem/charaedit/ch000/parts/underwear/mesh/underwear_500_f.pfb.17 (deflate)
Wrote re_chunk_000.pak.patch_024\__MANIFEST/MANIFEST.TXT (deflate)
Wrote re_chunk_000.pak.patch_024\natives/stm/character/_kit/_equipment/_furmasks/underwear/underwear_001_f_upper_mskm.tex.760230703 (deflate)
Wrote re_chunk_000.pak.patch_024\natives/stm/character/_kit/_equipment/underwear/500/underwear_500_f.mdf2.40 (deflate)
Wrote re_chunk_000.pak.patch_024\natives/stm/character/_kit/_equipment/underwear/500/underwear_500_f.mesh.240423143 (deflate)
Wrote re_chunk_000.pak.patch_024\natives/stm/character/_kit/_equipment/underwear/500/PubicHairNormal_NRMR.tex.760230703 (deflate)
Wrote re_chunk_000.pak.patch_024\natives/stm/character/_kit/_equipment/_furmasks/underwear/underwear_000_f_upper_mskm.tex.760230703 (deflate)
Wrote re_chunk_000.pak.patch_024\natives/stm/character/_kit/_equipment/_furmasks/underwear/underwear_000_f_lower_mskm.tex.760230703 (deflate)
Extracted 8 files from D:\GAMES\Dragons.Dogma.2.Deluxe.Edition-InsaneRamZes\re_chunk_000.pak.patch_024.pak
Extracted 8 files compressed with deflate


[extract_tex.py] Still missing ['tex_ui01c00_00_iam.tex.760230703', 'tex_ui01c00_01_iam.tex.760230703', 'tex_ui01c00_02_iam.tex.760230703', 'tex_ui01c00_03_iam.tex.760230703']
[extract_tex.py] Running REtool on re_chunk_000.pak.patch_025.pak...
[extract_tex.py] Using REtool.exe at: D:\GAMES\REtool\REtool.exe
[extract_tex.py] REtool output for re_chunk_000.pak.patch_025.pak: RE Engine PAK tool v0.240 (by youtube.com/user/FluffyQuack)

Read 4 entries from D:\GAMES\Dragons.Dogma.2.Deluxe.Edition-InsaneRamZes\reframework\images\ItemBelt\pytools\tex_list.txt
Attempting to unpack D:\GAMES\Dragons.Dogma.2.Deluxe.Edition-InsaneRamZes\re_chunk_000.pak.patch_025.pak...
Read 8 entries
Loaded hash list from manifest
Extracting files...
Wrote re_chunk_000.pak.patch_025\natives/stm/appsystem/charaedit/ch000/parts/underwear/mesh/underwear_500_f.pfb.17 (deflate)
Wrote re_chunk_000.pak.patch_025\__MANIFEST/MANIFEST.TXT (deflate)
Wrote re_chunk_000.pak.patch_025\natives/stm/character/_kit/_equipment/_furmasks/underwear/underwear_001_f_upper_mskm.tex.760230703 (deflate)
Wrote re_chunk_000.pak.patch_025\natives/stm/character/_kit/_equipment/underwear/500/underwear_500_f.mdf2.40 (deflate)
Wrote re_chunk_000.pak.patch_025\natives/stm/character/_kit/_equipment/underwear/500/underwear_500_f.mesh.240423143 (deflate)
Wrote re_chunk_000.pak.patch_025\natives/stm/character/_kit/_equipment/underwear/500/PubicHairNormal_NRMR.tex.760230703 (deflate)
Wrote re_chunk_000.pak.patch_025\natives/stm/character/_kit/_equipment/_furmasks/underwear/underwear_000_f_upper_mskm.tex.760230703 (deflate)
Wrote re_chunk_000.pak.patch_025\natives/stm/character/_kit/_equipment/_furmasks/underwear/underwear_000_f_lower_mskm.tex.760230703 (deflate)
Extracted 8 files from D:\GAMES\Dragons.Dogma.2.Deluxe.Edition-InsaneRamZes\re_chunk_000.pak.patch_025.pak
Extracted 8 files compressed with deflate


[extract_tex.py] Still missing ['tex_ui01c00_00_iam.tex.760230703', 'tex_ui01c00_01_iam.tex.760230703', 'tex_ui01c00_02_iam.tex.760230703', 'tex_ui01c00_03_iam.tex.760230703']
[extract_tex.py] Running REtool on re_chunk_000.pak.patch_026.pak...
[extract_tex.py] Using REtool.exe at: D:\GAMES\REtool\REtool.exe
[extract_tex.py] REtool output for re_chunk_000.pak.patch_026.pak: RE Engine PAK tool v0.240 (by youtube.com/user/FluffyQuack)

Read 4 entries from D:\GAMES\Dragons.Dogma.2.Deluxe.Edition-InsaneRamZes\reframework\images\ItemBelt\pytools\tex_list.txt
Attempting to unpack D:\GAMES\Dragons.Dogma.2.Deluxe.Edition-InsaneRamZes\re_chunk_000.pak.patch_026.pak...
Read 5 entries
Loaded hash list from manifest
Extracting files...
Wrote re_chunk_000.pak.patch_026\natives/stm/streaming/character/ch/ch22_000/ch22_000_body_albd.tex.760230703 (deflate)
Wrote re_chunk_000.pak.patch_026\__MANIFEST/MANIFEST.TXT (deflate)
Wrote re_chunk_000.pak.patch_026\natives/stm/character/ch/ch22_000/ch22_000_body_nrmr.tex.760230703 (deflate)
Wrote re_chunk_000.pak.patch_026\natives/stm/character/ch/ch22_000/ch22_000_body_albd.tex.760230703 (deflate)
Wrote re_chunk_000.pak.patch_026\natives/stm/streaming/character/ch/ch22_000/ch22_000_body_nrmr.tex.760230703 (deflate)
Extracted 5 files from D:\GAMES\Dragons.Dogma.2.Deluxe.Edition-InsaneRamZes\re_chunk_000.pak.patch_026.pak
Extracted 5 files compressed with deflate


[extract_tex.py] Still missing ['tex_ui01c00_00_iam.tex.760230703', 'tex_ui01c00_01_iam.tex.760230703', 'tex_ui01c00_02_iam.tex.760230703', 'tex_ui01c00_03_iam.tex.760230703']
[extract_tex.py] Running REtool on re_chunk_000.pak.patch_027.pak...
[extract_tex.py] Using REtool.exe at: D:\GAMES\REtool\REtool.exe
[extract_tex.py] REtool output for re_chunk_000.pak.patch_027.pak: RE Engine PAK tool v0.240 (by youtube.com/user/FluffyQuack)

Read 4 entries from D:\GAMES\Dragons.Dogma.2.Deluxe.Edition-InsaneRamZes\reframework\images\ItemBelt\pytools\tex_list.txt
Attempting to unpack D:\GAMES\Dragons.Dogma.2.Deluxe.Edition-InsaneRamZes\re_chunk_000.pak.patch_027.pak...
Read 5 entries
Loaded hash list from manifest
Extracting files...
Wrote re_chunk_000.pak.patch_027\__MANIFEST/MANIFEST.TXT (deflate)
Wrote re_chunk_000.pak.patch_027\natives/stm/streaming/character/ch/ch53_001/ch53_001_upperbody_nrmr.tex.760230703 (deflate)
Wrote re_chunk_000.pak.patch_027\natives/stm/character/ch/ch53_001/ch53_001_upperbody_albd.tex.760230703 (deflate)
Wrote re_chunk_000.pak.patch_027\natives/stm/character/ch/ch53_001/ch53_001_upperbody_nrmr.tex.760230703 (deflate)
Wrote re_chunk_000.pak.patch_027\natives/stm/streaming/character/ch/ch53_001/ch53_001_upperbody_albd.tex.760230703 (deflate)
Extracted 5 files from D:\GAMES\Dragons.Dogma.2.Deluxe.Edition-InsaneRamZes\re_chunk_000.pak.patch_027.pak
Extracted 5 files compressed with deflate


[extract_tex.py] Still missing ['tex_ui01c00_00_iam.tex.760230703', 'tex_ui01c00_01_iam.tex.760230703', 'tex_ui01c00_02_iam.tex.760230703', 'tex_ui01c00_03_iam.tex.760230703']
[extract_tex.py] Running REtool on re_chunk_000.pak.patch_028.pak...
[extract_tex.py] Using REtool.exe at: D:\GAMES\REtool\REtool.exe
[extract_tex.py] REtool output for re_chunk_000.pak.patch_028.pak: RE Engine PAK tool v0.240 (by youtube.com/user/FluffyQuack)

Read 4 entries from D:\GAMES\Dragons.Dogma.2.Deluxe.Edition-InsaneRamZes\reframework\images\ItemBelt\pytools\tex_list.txt
Attempting to unpack D:\GAMES\Dragons.Dogma.2.Deluxe.Edition-InsaneRamZes\re_chunk_000.pak.patch_028.pak...
Extracting files...
Extracted 0 files from D:\GAMES\Dragons.Dogma.2.Deluxe.Edition-InsaneRamZes\re_chunk_000.pak.patch_028.pak
Skipped 179 files


[extract_tex.py] Still missing ['tex_ui01c00_00_iam.tex.760230703', 'tex_ui01c00_01_iam.tex.760230703', 'tex_ui01c00_02_iam.tex.760230703', 'tex_ui01c00_03_iam.tex.760230703']
[extract_tex.py] Running REtool on re_chunk_000.pak.patch_029.pak...
[extract_tex.py] Using REtool.exe at: D:\GAMES\REtool\REtool.exe
[extract_tex.py] REtool output for re_chunk_000.pak.patch_029.pak: RE Engine PAK tool v0.240 (by youtube.com/user/FluffyQuack)

Read 4 entries from D:\GAMES\Dragons.Dogma.2.Deluxe.Edition-InsaneRamZes\reframework\images\ItemBelt\pytools\tex_list.txt
Attempting to unpack D:\GAMES\Dragons.Dogma.2.Deluxe.Edition-InsaneRamZes\re_chunk_000.pak.patch_029.pak...
Read 175 entries
Loaded hash list from manifest
Extracting files...
Wrote re_chunk_000.pak.patch_029\natives/stm/streaming/character/_kit/body/body_208_f/body_208_f_high_nrmr.tex.760230703 (deflate)
Wrote re_chunk_000.pak.patch_029\natives/stm/character/_kit/body/body_203_f/body_203_f_high_nrmr.tex.760230703 (deflate)
Wrote re_chunk_000.pak.patch_029\natives/stm/character/_kit/body/body_202_f/body_202_f_alb.tex.760230703 (deflate)
Wrote re_chunk_000.pak.patch_029\natives/stm/streaming/character/_kit/body/body_607_f/body_607_f_high_nrmr.tex.760230703 (deflate)
Wrote re_chunk_000.pak.patch_029\natives/stm/streaming/character/_kit/body/body_224_f/body_224_f_alb.tex.760230703 (deflate)
Wrote re_chunk_000.pak.patch_029\natives/stm/character/_kit/body/body_224_f/body_224_f_alb.tex.760230703 (deflate)
Wrote re_chunk_000.pak.patch_029\natives/stm/streaming/character/_kit/body/body_602_f/body_602_f_alb.tex.760230703 (deflate)
Wrote re_chunk_000.pak.patch_029\natives/stm/character/_kit/body/body_207_f/body_207_f_alb.tex.760230703 (deflate)
Wrote re_chunk_000.pak.patch_029\natives/stm/streaming/character/_kit/body/body_601_f/body_601_f_high_nrmr.tex.760230703 (deflate)
Wrote re_chunk_000.pak.patch_029\natives/stm/streaming/character/_kit/body/body_220_f/body_220_f_alb.tex.760230703 (deflate)
Wrote re_chunk_000.pak.patch_029\natives/stm/streaming/character/_kit/body/body_221_f/body_221_f_alb.tex.760230703 (deflate)
Wrote re_chunk_000.pak.patch_029\natives/stm/streaming/character/_kit/body/body_203_f/body_203_f_high_nrmr.tex.760230703 (deflate)
Wrote re_chunk_000.pak.patch_029\natives/stm/character/_kit/body/body_216_f/body_216_f_high_nrmr.tex.760230703 (deflate)
Wrote re_chunk_000.pak.patch_029\natives/stm/character/_kit/body/body_204_f/body_204_f_alb.tex.760230703 (deflate)
Wrote re_chunk_000.pak.patch_029\natives/stm/streaming/character/_kit/body/body_207_f/body_207_f_high_nrmr.tex.760230703 (deflate)
Wrote re_chunk_000.pak.patch_029\natives/stm/character/_kit/body/body_223_f/body_223_f_alb.tex.760230703 (deflate)
Wrote re_chunk_000.pak.patch_029\natives/stm/character/_kit/_common/textures/ui_highlight/underwear_500_top_highlight_female.tex.760230703 (deflate)
Wrote re_chunk_000.pak.patch_029\natives/stm/streaming/character/_kit/body/body_001_f/body_001_f_alb.tex.760230703 (deflate)
Wrote re_chunk_000.pak.patch_029\natives/stm/streaming/character/_kit/body/body_204_f/body_204_f_high_nrmr.tex.760230703 (deflate)
Wrote re_chunk_000.pak.patch_029\natives/stm/streaming/character/_kit/body/body_213_f/body_213_f_high_nrmr.tex.760230703 (deflate)
Wrote re_chunk_000.pak.patch_029\__MANIFEST/MANIFEST.TXT (deflate)
Wrote re_chunk_000.pak.patch_029\natives/stm/character/_kit/body/body_214_f/body_214_f_alb.tex.760230703 (deflate)
Wrote re_chunk_000.pak.patch_029\natives/stm/streaming/character/_kit/body/body_820_f/body_820_f_high_nrmr.tex.760230703 (deflate)
Wrote re_chunk_000.pak.patch_029\natives/stm/character/_kit/_equipment/_furmasks/underwear/underwear_001_f_upper_mskm.tex.760230703 (deflate)
Wrote re_chunk_000.pak.patch_029\natives/stm/character/_kit/_equipment/underwear/500/underwear_500_f.mesh.231011879 (deflate)
Wrote re_chunk_000.pak.patch_029\natives/stm/streaming/character/_kit/body/body_600_f/body_600_f_alb.tex.760230703 (deflate)
Wrote re_chunk_000.pak.patch_029\natives/stm/character/_kit/body/body_205_f/body_205_f_high_nrmr.tex.760230703 (deflate)
Wrote re_chunk_000.pak.patch_029\natives/stm/streaming/character/_kit/body/body_201_f/body_201_f_alb.tex.760230703 (deflate)
Wrote re_chunk_000.pak.patch_029\natives/stm/character/_kit/body/body_216_f/body_216_f_alb.tex.760230703 (deflate)
Wrote re_chunk_000.pak.patch_029\natives/stm/character/_kit/body/body_601_f/body_601_f_alb.tex.760230703 (deflate)
Wrote re_chunk_000.pak.patch_029\natives/stm/character/_kit/body/body_200_f/body_200_f_high_nrmr.tex.760230703 (deflate)
Wrote re_chunk_000.pak.patch_029\natives/stm/character/_kit/body/body_607_f/body_607_f_high_nrmr.tex.760230703 (deflate)
Wrote re_chunk_000.pak.patch_029\natives/stm/character/_kit/body/body_604_f/body_604_f_high_nrmr.tex.760230703 (deflate)
Wrote re_chunk_000.pak.patch_029\natives/stm/character/_kit/body/body_001_f/body_001_f_high_nrmr.tex.760230703 (deflate)
Wrote re_chunk_000.pak.patch_029\natives/stm/character/_kit/body/body_820_f/body_820_f_high_nrmr.tex.760230703 (deflate)
Wrote re_chunk_000.pak.patch_029\natives/stm/character/_kit/body/body_602_f/body_602_f_high_nrmr.tex.760230703 (deflate)
Wrote re_chunk_000.pak.patch_029\natives/stm/character/_kit/body/body_218_f/body_218_f_high_nrmr.tex.760230703 (deflate)
Wrote re_chunk_000.pak.patch_029\natives/stm/streaming/character/_kit/body/body_223_f/body_223_f_high_nrmr.tex.760230703 (deflate)
Wrote re_chunk_000.pak.patch_029\natives/stm/streaming/character/_kit/body/body_004_f/body_004_f_high_nrmr.tex.760230703 (deflate)
Wrote re_chunk_000.pak.patch_029\natives/stm/character/_kit/body/body_606_f/body_606_f_alb.tex.760230703 (deflate)
Wrote re_chunk_000.pak.patch_029\natives/stm/streaming/character/_kit/body/body_213_f/body_213_f_alb.tex.760230703 (deflate)
Wrote re_chunk_000.pak.patch_029\natives/stm/streaming/character/_kit/body/body_001_f/body_001_f_high_nrmr.tex.760230703 (deflate)
Wrote re_chunk_000.pak.patch_029\natives/stm/character/_kit/body/body_220_f/body_220_f_alb.tex.760230703 (deflate)
Wrote re_chunk_000.pak.patch_029\natives/stm/streaming/character/_kit/body/body_608_f/body_608_f_alb.tex.760230703 (deflate)
Wrote re_chunk_000.pak.patch_029\natives/stm/character/_kit/body/body_200_f/body_200_f_alb.tex.760230703 (deflate)
Wrote re_chunk_000.pak.patch_029\natives/stm/streaming/character/_kit/body/body_216_f/body_216_f_alb.tex.760230703 (deflate)
Wrote re_chunk_000.pak.patch_029\natives/stm/character/_kit/body/body_605_f/body_605_f_alb.tex.760230703 (deflate)
Wrote re_chunk_000.pak.patch_029\natives/stm/character/_kit/body/body_225_f/body_225_f_alb.tex.760230703 (deflate)
Wrote re_chunk_000.pak.patch_029\natives/stm/streaming/character/_kit/body/body_603_f/body_603_f_high_nrmr.tex.760230703 (deflate)
Wrote re_chunk_000.pak.patch_029\natives/stm/character/_kit/body/body_201_f/body_201_f_high_nrmr.tex.760230703 (deflate)
Wrote re_chunk_000.pak.patch_029\natives/stm/streaming/character/_kit/body/body_207_f/body_207_f_alb.tex.760230703 (deflate)
Wrote re_chunk_000.pak.patch_029\natives/stm/streaming/character/_kit/body/body_202_f/body_202_f_alb.tex.760230703 (deflate)
Wrote re_chunk_000.pak.patch_029\natives/stm/character/_kit/body/body_002_f/body_002_f_alb.tex.760230703 (deflate)
Wrote re_chunk_000.pak.patch_029\natives/stm/streaming/character/_kit/body/body_222_f/body_222_f_high_nrmr.tex.760230703 (deflate)
Wrote re_chunk_000.pak.patch_029\natives/stm/character/_kit/body/body_204_f/body_204_f_high_nrmr.tex.760230703 (deflate)
Wrote re_chunk_000.pak.patch_029\natives/stm/character/_kit/body/body_606_f/body_606_f_high_nrmr.tex.760230703 (deflate)
Wrote re_chunk_000.pak.patch_029\natives/stm/streaming/character/_kit/body/body_217_f/body_217_f_alb.tex.760230703 (deflate)
Wrote re_chunk_000.pak.patch_029\natives/stm/streaming/character/_kit/body/body_203_f/body_203_f_alb.tex.760230703 (deflate)
Wrote re_chunk_000.pak.patch_029\natives/stm/streaming/character/_kit/body/body_219_f/body_219_f_alb.tex.760230703 (deflate)
Wrote re_chunk_000.pak.patch_029\natives/stm/streaming/character/_kit/body/body_603_f/body_603_f_alb.tex.760230703 (deflate)
Wrote re_chunk_000.pak.patch_029\natives/stm/character/_kit/body/body_603_f/body_603_f_high_nrmr.tex.760230703 (deflate)
Wrote re_chunk_000.pak.patch_029\natives/stm/character/_kit/body/body_210_f/body_210_f_high_nrmr.tex.760230703 (deflate)
Wrote re_chunk_000.pak.patch_029\natives/stm/streaming/character/_kit/body/body_003_f/body_003_f_high_nrmr.tex.760230703 (deflate)
Wrote re_chunk_000.pak.patch_029\natives/stm/streaming/character/_kit/body/body_226_f/body_226_f_alb.tex.760230703 (deflate)
Wrote re_chunk_000.pak.patch_029\natives/stm/streaming/character/_kit/body/body_206_f/body_206_f_high_nrmr.tex.760230703 (deflate)
Wrote re_chunk_000.pak.patch_029\natives/stm/streaming/character/_kit/body/body_209_f/body_209_f_alb.tex.760230703 (deflate)
Wrote re_chunk_000.pak.patch_029\natives/stm/streaming/character/_kit/body/body_220_f/body_220_f_high_nrmr.tex.760230703 (deflate)
Wrote re_chunk_000.pak.patch_029\natives/stm/streaming/character/_kit/body/body_606_f/body_606_f_high_nrmr.tex.760230703 (deflate)
Wrote re_chunk_000.pak.patch_029\natives/stm/character/_kit/body/body_608_f/body_608_f_high_nrmr.tex.760230703 (deflate)
Wrote re_chunk_000.pak.patch_029\natives/stm/streaming/character/_kit/body/body_216_f/body_216_f_high_nrmr.tex.760230703 (deflate)
Wrote re_chunk_000.pak.patch_029\natives/stm/streaming/character/_kit/body/body_214_f/body_214_f_high_nrmr.tex.760230703 (deflate)
Wrote re_chunk_000.pak.patch_029\natives/stm/character/_kit/body/body_206_f/body_206_f_high_nrmr.tex.760230703 (deflate)
Wrote re_chunk_000.pak.patch_029\natives/stm/character/_kit/body/body_211_f/body_211_f_alb.tex.760230703 (deflate)
Wrote re_chunk_000.pak.patch_029\natives/stm/character/_kit/body/body_209_f/body_209_f_high_nrmr.tex.760230703 (deflate)
Wrote re_chunk_000.pak.patch_029\natives/stm/character/_kit/body/body_208_f/body_208_f_high_nrmr.tex.760230703 (deflate)
Wrote re_chunk_000.pak.patch_029\natives/stm/streaming/character/_kit/body/body_209_f/body_209_f_high_nrmr.tex.760230703 (deflate)
Wrote re_chunk_000.pak.patch_029\natives/stm/character/_kit/body/body_222_f/body_222_f_alb.tex.760230703 (deflate)
Wrote re_chunk_000.pak.patch_029\natives/stm/streaming/character/_kit/body/_common/textures/body_bm_common_f_furmask_msk.tex.760230703 (deflate)
Wrote re_chunk_000.pak.patch_029\natives/stm/streaming/character/_kit/body/body_218_f/body_218_f_high_nrmr.tex.760230703 (deflate)
Wrote re_chunk_000.pak.patch_029\natives/stm/character/_kit/body/body_217_f/body_217_f_alb.tex.760230703 (deflate)
Wrote re_chunk_000.pak.patch_029\natives/stm/character/_kit/body/body_213_f/body_213_f_alb.tex.760230703 (deflate)
Wrote re_chunk_000.pak.patch_029\natives/stm/streaming/character/_kit/body/body_604_f/body_604_f_alb.tex.760230703 (deflate)
Wrote re_chunk_000.pak.patch_029\natives/stm/streaming/character/_kit/body/body_602_f/body_602_f_high_nrmr.tex.760230703 (deflate)
Wrote re_chunk_000.pak.patch_029\natives/stm/character/_kit/body/body_221_f/body_221_f_alb.tex.760230703 (deflate)
Wrote re_chunk_000.pak.patch_029\natives/stm/character/_kit/body/body_211_f/body_211_f_high_nrmr.tex.760230703 (deflate)
Wrote re_chunk_000.pak.patch_029\natives/stm/character/_kit/body/body_217_f/body_217_f_high_nrmr.tex.760230703 (deflate)
Wrote re_chunk_000.pak.patch_029\natives/stm/streaming/character/_kit/body/body_223_f/body_223_f_alb.tex.760230703 (deflate)
Wrote re_chunk_000.pak.patch_029\natives/stm/character/_kit/body/body_222_f/body_222_f_high_nrmr.tex.760230703 (deflate)
Wrote re_chunk_000.pak.patch_029\natives/stm/streaming/character/_kit/body/body_608_f/body_608_f_high_nrmr.tex.760230703 (deflate)
Wrote re_chunk_000.pak.patch_029\natives/stm/character/_kit/body/body_219_f/body_219_f_high_nrmr.tex.760230703 (deflate)
Wrote re_chunk_000.pak.patch_029\natives/stm/character/_kit/body/body_215_f/body_215_f_high_nrmr.tex.760230703 (deflate)
Wrote re_chunk_000.pak.patch_029\natives/stm/character/_kit/body/body_220_f/body_220_f_high_nrmr.tex.760230703 (deflate)
Wrote re_chunk_000.pak.patch_029\natives/stm/streaming/character/_kit/body/body_601_f/body_601_f_alb.tex.760230703 (deflate)
Wrote re_chunk_000.pak.patch_029\natives/stm/streaming/character/_kit/body/body_604_f/body_604_f_high_nrmr.tex.760230703 (deflate)
Wrote re_chunk_000.pak.patch_029\natives/stm/streaming/character/_kit/body/body_225_f/body_225_f_high_nrmr.tex.760230703 (deflate)
Wrote re_chunk_000.pak.patch_029\natives/stm/streaming/character/_kit/body/body_002_f/body_002_f_high_nrmr.tex.760230703 (deflate)
Wrote re_chunk_000.pak.patch_029\natives/stm/character/_kit/body/body_205_f/body_205_f_alb.tex.760230703 (deflate)
Wrote re_chunk_000.pak.patch_029\natives/stm/character/_kit/body/body_209_f/body_209_f_alb.tex.760230703 (deflate)
Wrote re_chunk_000.pak.patch_029\natives/stm/streaming/character/_kit/body/body_212_f/body_212_f_alb.tex.760230703 (deflate)
Wrote re_chunk_000.pak.patch_029\natives/stm/character/_kit/body/body_605_f/body_605_f_high_nrmr.tex.760230703 (deflate)
Wrote re_chunk_000.pak.patch_029\natives/stm/streaming/character/_kit/body/body_215_f/body_215_f_alb.tex.760230703 (deflate)
Wrote re_chunk_000.pak.patch_029\natives/stm/streaming/character/_kit/body/body_225_f/body_225_f_alb.tex.760230703 (deflate)
Wrote re_chunk_000.pak.patch_029\natives/stm/streaming/character/_kit/body/body_211_f/body_211_f_alb.tex.760230703 (deflate)
Wrote re_chunk_000.pak.patch_029\natives/stm/streaming/character/_kit/body/body_002_f/body_002_f_alb.tex.760230703 (deflate)
Wrote re_chunk_000.pak.patch_029\natives/stm/streaming/character/_kit/body/body_210_f/body_210_f_alb.tex.760230703 (deflate)
Wrote re_chunk_000.pak.patch_029\natives/stm/character/_kit/body/body_202_f/body_202_f_high_nrmr.tex.760230703 (deflate)
Wrote re_chunk_000.pak.patch_029\natives/stm/character/_kit/_common/textures/ui_highlight/underwear_500_pants_highlight_female.tex.760230703 (deflate)
Wrote re_chunk_000.pak.patch_029\natives/stm/character/_kit/body/body_203_f/body_203_f_alb.tex.760230703 (deflate)
Wrote re_chunk_000.pak.patch_029\natives/stm/streaming/character/_kit/body/body_205_f/body_205_f_alb.tex.760230703 (deflate)
Wrote re_chunk_000.pak.patch_029\natives/stm/character/_kit/body/body_226_f/body_226_f_high_nrmr.tex.760230703 (deflate)
Wrote re_chunk_000.pak.patch_029\natives/stm/character/_kit/body/body_002_f/body_002_f_high_nrmr.tex.760230703 (deflate)
Wrote re_chunk_000.pak.patch_029\natives/stm/character/_kit/body/body_821_f/body_821_f_high_nrmr.tex.760230703 (deflate)
Wrote re_chunk_000.pak.patch_029\natives/stm/streaming/character/_kit/body/body_201_f/body_201_f_high_nrmr.tex.760230703 (deflate)
Wrote re_chunk_000.pak.patch_029\natives/stm/character/_kit/body/body_003_f/body_003_f_alb.tex.760230703 (deflate)
Wrote re_chunk_000.pak.patch_029\natives/stm/character/_kit/body/body_224_f/body_224_f_high_nrmr.tex.760230703 (deflate)
Wrote re_chunk_000.pak.patch_029\natives/stm/character/_kit/body/body_225_f/body_225_f_high_nrmr.tex.760230703 (deflate)
Wrote re_chunk_000.pak.patch_029\natives/stm/character/_kit/body/body_607_f/body_607_f_alb.tex.760230703 (deflate)
Wrote re_chunk_000.pak.patch_029\natives/stm/streaming/character/_kit/body/body_208_f/body_208_f_alb.tex.760230703 (deflate)
Wrote re_chunk_000.pak.patch_029\natives/stm/character/_kit/body/body_003_f/body_003_f_high_nrmr.tex.760230703 (deflate)
Wrote re_chunk_000.pak.patch_029\natives/stm/streaming/character/_kit/body/body_224_f/body_224_f_high_nrmr.tex.760230703 (deflate)
Wrote re_chunk_000.pak.patch_029\natives/stm/character/_kit/body/body_223_f/body_223_f_high_nrmr.tex.760230703 (deflate)
Wrote re_chunk_000.pak.patch_029\natives/stm/streaming/character/_kit/body/body_218_f/body_218_f_alb.tex.760230703 (deflate)
Wrote re_chunk_000.pak.patch_029\natives/stm/streaming/character/_kit/body/body_210_f/body_210_f_high_nrmr.tex.760230703 (deflate)
Wrote re_chunk_000.pak.patch_029\natives/stm/streaming/character/_kit/body/body_200_f/body_200_f_high_nrmr.tex.760230703 (deflate)
Wrote re_chunk_000.pak.patch_029\natives/stm/streaming/character/_kit/body/body_214_f/body_214_f_alb.tex.760230703 (deflate)
Wrote re_chunk_000.pak.patch_029\natives/stm/character/_kit/body/body_201_f/body_201_f_alb.tex.760230703 (deflate)
Wrote re_chunk_000.pak.patch_029\natives/stm/streaming/character/_kit/body/body_219_f/body_219_f_high_nrmr.tex.760230703 (deflate)
Wrote re_chunk_000.pak.patch_029\natives/stm/streaming/character/_kit/body/body_605_f/body_605_f_high_nrmr.tex.760230703 (deflate)
Wrote re_chunk_000.pak.patch_029\natives/stm/streaming/character/_kit/body/body_206_f/body_206_f_alb.tex.760230703 (deflate)
Wrote re_chunk_000.pak.patch_029\natives/stm/streaming/character/_kit/body/body_226_f/body_226_f_high_nrmr.tex.760230703 (deflate)
Wrote re_chunk_000.pak.patch_029\natives/stm/character/_kit/body/body_207_f/body_207_f_high_nrmr.tex.760230703 (deflate)
Wrote re_chunk_000.pak.patch_029\natives/stm/streaming/character/_kit/body/body_204_f/body_204_f_alb.tex.760230703 (deflate)
Wrote re_chunk_000.pak.patch_029\natives/stm/character/_kit/body/body_212_f/body_212_f_high_nrmr.tex.760230703 (deflate)
Wrote re_chunk_000.pak.patch_029\natives/stm/streaming/character/_kit/body/body_211_f/body_211_f_high_nrmr.tex.760230703 (deflate)
Wrote re_chunk_000.pak.patch_029\natives/stm/character/_kit/body/body_604_f/body_604_f_alb.tex.760230703 (deflate)
Wrote re_chunk_000.pak.patch_029\natives/stm/character/_kit/body/body_226_f/body_226_f_alb.tex.760230703 (deflate)
Wrote re_chunk_000.pak.patch_029\natives/stm/streaming/character/_kit/body/body_606_f/body_606_f_alb.tex.760230703 (deflate)
Wrote re_chunk_000.pak.patch_029\natives/stm/character/_kit/body/body_212_f/body_212_f_alb.tex.760230703 (deflate)
Wrote re_chunk_000.pak.patch_029\natives/stm/streaming/character/_kit/body/body_200_f/body_200_f_alb.tex.760230703 (deflate)
Wrote re_chunk_000.pak.patch_029\natives/stm/character/_kit/body/body_600_f/body_600_f_alb.tex.760230703 (deflate)
Wrote re_chunk_000.pak.patch_029\natives/stm/character/_kit/body/body_820_f/body_820_f_alb.tex.760230703 (deflate)
Wrote re_chunk_000.pak.patch_029\natives/stm/character/_kit/_equipment/_furmasks/underwear/underwear_000_f_upper_mskm.tex.760230703 (deflate)
Wrote re_chunk_000.pak.patch_029\natives/stm/streaming/character/_kit/body/body_004_f/body_004_f_alb.tex.760230703 (deflate)
Wrote re_chunk_000.pak.patch_029\natives/stm/character/_kit/body/body_210_f/body_210_f_alb.tex.760230703 (deflate)
Wrote re_chunk_000.pak.patch_029\natives/stm/character/_kit/_equipment/_furmasks/underwear/underwear_000_f_lower_mskm.tex.760230703 (deflate)
Wrote re_chunk_000.pak.patch_029\natives/stm/character/_kit/body/body_208_f/body_208_f_alb.tex.760230703 (deflate)
Wrote re_chunk_000.pak.patch_029\natives/stm/streaming/character/_kit/body/body_217_f/body_217_f_high_nrmr.tex.760230703 (deflate)
Wrote re_chunk_000.pak.patch_029\natives/stm/streaming/character/_kit/body/body_212_f/body_212_f_high_nrmr.tex.760230703 (deflate)
Wrote re_chunk_000.pak.patch_029\natives/stm/streaming/character/_kit/body/body_221_f/body_221_f_high_nrmr.tex.760230703 (deflate)
Wrote re_chunk_000.pak.patch_029\natives/stm/character/_kit/body/body_004_f/body_004_f_high_nrmr.tex.760230703 (deflate)
Wrote re_chunk_000.pak.patch_029\natives/stm/streaming/character/_kit/body/body_600_f/body_600_f_high_nrmr.tex.760230703 (deflate)
Wrote re_chunk_000.pak.patch_029\natives/stm/streaming/character/_kit/body/body_215_f/body_215_f_high_nrmr.tex.760230703 (deflate)
Wrote re_chunk_000.pak.patch_029\natives/stm/streaming/character/_kit/body/body_607_f/body_607_f_alb.tex.760230703 (deflate)
Wrote re_chunk_000.pak.patch_029\natives/stm/streaming/character/_kit/body/body_205_f/body_205_f_high_nrmr.tex.760230703 (deflate)
Wrote re_chunk_000.pak.patch_029\natives/stm/character/_kit/body/body_602_f/body_602_f_alb.tex.760230703 (deflate)
Wrote re_chunk_000.pak.patch_029\natives/stm/streaming/character/_kit/body/body_003_f/body_003_f_alb.tex.760230703 (deflate)
Wrote re_chunk_000.pak.patch_029\natives/stm/character/_kit/body/body_600_f/body_600_f_high_nrmr.tex.760230703 (deflate)
Wrote re_chunk_000.pak.patch_029\natives/stm/character/_kit/body/body_004_f/body_004_f_alb.tex.760230703 (deflate)
Wrote re_chunk_000.pak.patch_029\natives/stm/character/_kit/body/body_219_f/body_219_f_alb.tex.760230703 (deflate)
Wrote re_chunk_000.pak.patch_029\natives/stm/character/_kit/body/body_213_f/body_213_f_high_nrmr.tex.760230703 (deflate)
Wrote re_chunk_000.pak.patch_029\natives/stm/streaming/character/_kit/body/body_222_f/body_222_f_alb.tex.760230703 (deflate)
Wrote re_chunk_000.pak.patch_029\natives/stm/character/_kit/body/body_214_f/body_214_f_high_nrmr.tex.760230703 (deflate)
Wrote re_chunk_000.pak.patch_029\natives/stm/streaming/character/_kit/body/body_605_f/body_605_f_alb.tex.760230703 (deflate)
Wrote re_chunk_000.pak.patch_029\natives/stm/character/_kit/body/body_218_f/body_218_f_alb.tex.760230703 (deflate)
Wrote re_chunk_000.pak.patch_029\natives/stm/character/_kit/body/body_001_f/body_001_f_alb.tex.760230703 (deflate)
Wrote re_chunk_000.pak.patch_029\natives/stm/character/_kit/body/_common/textures/body_bm_common_f_furmask_msk.tex.760230703 (deflate)
Wrote re_chunk_000.pak.patch_029\natives/stm/character/_kit/body/body_215_f/body_215_f_alb.tex.760230703 (deflate)
Wrote re_chunk_000.pak.patch_029\natives/stm/streaming/character/_kit/body/body_202_f/body_202_f_high_nrmr.tex.760230703 (deflate)
Wrote re_chunk_000.pak.patch_029\natives/stm/character/_kit/body/body_603_f/body_603_f_alb.tex.760230703 (deflate)
Wrote re_chunk_000.pak.patch_029\natives/stm/streaming/character/_kit/body/body_821_f/body_821_f_high_nrmr.tex.760230703 (deflate)
Wrote re_chunk_000.pak.patch_029\natives/stm/streaming/character/_kit/body/body_820_f/body_820_f_alb.tex.760230703 (deflate)
Wrote re_chunk_000.pak.patch_029\natives/stm/character/_kit/body/body_206_f/body_206_f_alb.tex.760230703 (deflate)
Wrote re_chunk_000.pak.patch_029\natives/stm/character/_kit/body/body_608_f/body_608_f_alb.tex.760230703 (deflate)
Wrote re_chunk_000.pak.patch_029\natives/stm/character/_kit/body/body_221_f/body_221_f_high_nrmr.tex.760230703 (deflate)
Wrote re_chunk_000.pak.patch_029\natives/stm/character/_kit/body/body_601_f/body_601_f_high_nrmr.tex.760230703 (deflate)
Extracted 175 files from D:\GAMES\Dragons.Dogma.2.Deluxe.Edition-InsaneRamZes\re_chunk_000.pak.patch_029.pak
Extracted 175 files compressed with deflate


[extract_tex.py] Still missing ['tex_ui01c00_00_iam.tex.760230703', 'tex_ui01c00_01_iam.tex.760230703', 'tex_ui01c00_02_iam.tex.760230703', 'tex_ui01c00_03_iam.tex.760230703']
[extract_tex.py] Running REtool on re_chunk_000.pak.patch_030.pak...
[extract_tex.py] Using REtool.exe at: D:\GAMES\REtool\REtool.exe
[extract_tex.py] REtool output for re_chunk_000.pak.patch_030.pak: RE Engine PAK tool v0.240 (by youtube.com/user/FluffyQuack)

Read 4 entries from D:\GAMES\Dragons.Dogma.2.Deluxe.Edition-InsaneRamZes\reframework\images\ItemBelt\pytools\tex_list.txt
Attempting to unpack D:\GAMES\Dragons.Dogma.2.Deluxe.Edition-InsaneRamZes\re_chunk_000.pak.patch_030.pak...
Extracting files...
Extracted 0 files from D:\GAMES\Dragons.Dogma.2.Deluxe.Edition-InsaneRamZes\re_chunk_000.pak.patch_030.pak
Skipped 176 files


[extract_tex.py] Still missing ['tex_ui01c00_00_iam.tex.760230703', 'tex_ui01c00_01_iam.tex.760230703', 'tex_ui01c00_02_iam.tex.760230703', 'tex_ui01c00_03_iam.tex.760230703']
[extract_tex.py] Running REtool on re_chunk_000.pak.patch_031.pak...
[extract_tex.py] Using REtool.exe at: D:\GAMES\REtool\REtool.exe
[extract_tex.py] REtool output for re_chunk_000.pak.patch_031.pak: RE Engine PAK tool v0.240 (by youtube.com/user/FluffyQuack)

Read 4 entries from D:\GAMES\Dragons.Dogma.2.Deluxe.Edition-InsaneRamZes\reframework\images\ItemBelt\pytools\tex_list.txt
Attempting to unpack D:\GAMES\Dragons.Dogma.2.Deluxe.Edition-InsaneRamZes\re_chunk_000.pak.patch_031.pak...
Extracting files...
Extracted 0 files from D:\GAMES\Dragons.Dogma.2.Deluxe.Edition-InsaneRamZes\re_chunk_000.pak.patch_031.pak
Skipped 179 files


[extract_tex.py] Still missing ['tex_ui01c00_00_iam.tex.760230703', 'tex_ui01c00_01_iam.tex.760230703', 'tex_ui01c00_02_iam.tex.760230703', 'tex_ui01c00_03_iam.tex.760230703']
[extract_tex.py] Running REtool on re_chunk_000.pak.patch_032.pak...
[extract_tex.py] Using REtool.exe at: D:\GAMES\REtool\REtool.exe
[extract_tex.py] REtool output for re_chunk_000.pak.patch_032.pak: RE Engine PAK tool v0.240 (by youtube.com/user/FluffyQuack)

Read 4 entries from D:\GAMES\Dragons.Dogma.2.Deluxe.Edition-InsaneRamZes\reframework\images\ItemBelt\pytools\tex_list.txt
Attempting to unpack D:\GAMES\Dragons.Dogma.2.Deluxe.Edition-InsaneRamZes\re_chunk_000.pak.patch_032.pak...
Extracting files...
Extracted 0 files from D:\GAMES\Dragons.Dogma.2.Deluxe.Edition-InsaneRamZes\re_chunk_000.pak.patch_032.pak
Skipped 179 files


[extract_tex.py] Still missing ['tex_ui01c00_00_iam.tex.760230703', 'tex_ui01c00_01_iam.tex.760230703', 'tex_ui01c00_02_iam.tex.760230703', 'tex_ui01c00_03_iam.tex.760230703']
[extract_tex.py] Running REtool on re_chunk_000.pak.patch_033.pak...
[extract_tex.py] Using REtool.exe at: D:\GAMES\REtool\REtool.exe
[extract_tex.py] REtool output for re_chunk_000.pak.patch_033.pak: RE Engine PAK tool v0.240 (by youtube.com/user/FluffyQuack)

Read 4 entries from D:\GAMES\Dragons.Dogma.2.Deluxe.Edition-InsaneRamZes\reframework\images\ItemBelt\pytools\tex_list.txt
Attempting to unpack D:\GAMES\Dragons.Dogma.2.Deluxe.Edition-InsaneRamZes\re_chunk_000.pak.patch_033.pak...
Extracting files...
Extracted 0 files from D:\GAMES\Dragons.Dogma.2.Deluxe.Edition-InsaneRamZes\re_chunk_000.pak.patch_033.pak
Skipped 179 files


[extract_tex.py] Still missing ['tex_ui01c00_00_iam.tex.760230703', 'tex_ui01c00_01_iam.tex.760230703', 'tex_ui01c00_02_iam.tex.760230703', 'tex_ui01c00_03_iam.tex.760230703']
[extract_tex.py] Running REtool on re_chunk_000.pak.patch_034.pak...
[extract_tex.py] Using REtool.exe at: D:\GAMES\REtool\REtool.exe
[extract_tex.py] REtool output for re_chunk_000.pak.patch_034.pak: RE Engine PAK tool v0.240 (by youtube.com/user/FluffyQuack)

Read 4 entries from D:\GAMES\Dragons.Dogma.2.Deluxe.Edition-InsaneRamZes\reframework\images\ItemBelt\pytools\tex_list.txt
Attempting to unpack D:\GAMES\Dragons.Dogma.2.Deluxe.Edition-InsaneRamZes\re_chunk_000.pak.patch_034.pak...
Extracting files...
Extracted 0 files from D:\GAMES\Dragons.Dogma.2.Deluxe.Edition-InsaneRamZes\re_chunk_000.pak.patch_034.pak
Skipped 179 files


[extract_tex.py] Still missing ['tex_ui01c00_00_iam.tex.760230703', 'tex_ui01c00_01_iam.tex.760230703', 'tex_ui01c00_02_iam.tex.760230703', 'tex_ui01c00_03_iam.tex.760230703']
[extract_tex.py] Running REtool on re_chunk_000.pak.patch_035.pak...
[extract_tex.py] Using REtool.exe at: D:\GAMES\REtool\REtool.exe
[extract_tex.py] REtool output for re_chunk_000.pak.patch_035.pak: RE Engine PAK tool v0.240 (by youtube.com/user/FluffyQuack)

Read 4 entries from D:\GAMES\Dragons.Dogma.2.Deluxe.Edition-InsaneRamZes\reframework\images\ItemBelt\pytools\tex_list.txt
Attempting to unpack D:\GAMES\Dragons.Dogma.2.Deluxe.Edition-InsaneRamZes\re_chunk_000.pak.patch_035.pak...
Extracting files...
Extracted 0 files from D:\GAMES\Dragons.Dogma.2.Deluxe.Edition-InsaneRamZes\re_chunk_000.pak.patch_035.pak
Skipped 179 files


[extract_tex.py] Still missing ['tex_ui01c00_00_iam.tex.760230703', 'tex_ui01c00_01_iam.tex.760230703', 'tex_ui01c00_02_iam.tex.760230703', 'tex_ui01c00_03_iam.tex.760230703']
[extract_tex.py] Running REtool on re_chunk_000.pak.patch_036.pak...
[extract_tex.py] Using REtool.exe at: D:\GAMES\REtool\REtool.exe
[extract_tex.py] REtool output for re_chunk_000.pak.patch_036.pak: RE Engine PAK tool v0.240 (by youtube.com/user/FluffyQuack)

Read 4 entries from D:\GAMES\Dragons.Dogma.2.Deluxe.Edition-InsaneRamZes\reframework\images\ItemBelt\pytools\tex_list.txt
Attempting to unpack D:\GAMES\Dragons.Dogma.2.Deluxe.Edition-InsaneRamZes\re_chunk_000.pak.patch_036.pak...
Extracting files...
Extracted 0 files from D:\GAMES\Dragons.Dogma.2.Deluxe.Edition-InsaneRamZes\re_chunk_000.pak.patch_036.pak
Skipped 30 files


[extract_tex.py] Still missing ['tex_ui01c00_00_iam.tex.760230703', 'tex_ui01c00_01_iam.tex.760230703', 'tex_ui01c00_02_iam.tex.760230703', 'tex_ui01c00_03_iam.tex.760230703']
[extract_tex.py] Running REtool on re_chunk_000.pak.patch_037.pak...
[extract_tex.py] Using REtool.exe at: D:\GAMES\REtool\REtool.exe
[extract_tex.py] REtool output for re_chunk_000.pak.patch_037.pak: RE Engine PAK tool v0.240 (by youtube.com/user/FluffyQuack)

Read 4 entries from D:\GAMES\Dragons.Dogma.2.Deluxe.Edition-InsaneRamZes\reframework\images\ItemBelt\pytools\tex_list.txt
Attempting to unpack D:\GAMES\Dragons.Dogma.2.Deluxe.Edition-InsaneRamZes\re_chunk_000.pak.patch_037.pak...
Extracting files...
Extracted 0 files from D:\GAMES\Dragons.Dogma.2.Deluxe.Edition-InsaneRamZes\re_chunk_000.pak.patch_037.pak
Skipped 179 files


[extract_tex.py] Still missing ['tex_ui01c00_00_iam.tex.760230703', 'tex_ui01c00_01_iam.tex.760230703', 'tex_ui01c00_02_iam.tex.760230703', 'tex_ui01c00_03_iam.tex.760230703']
[extract_tex.py] Running REtool on re_chunk_000.pak.patch_038.pak...
[extract_tex.py] Using REtool.exe at: D:\GAMES\REtool\REtool.exe
[extract_tex.py] REtool output for re_chunk_000.pak.patch_038.pak: RE Engine PAK tool v0.240 (by youtube.com/user/FluffyQuack)

Read 4 entries from D:\GAMES\Dragons.Dogma.2.Deluxe.Edition-InsaneRamZes\reframework\images\ItemBelt\pytools\tex_list.txt
Attempting to unpack D:\GAMES\Dragons.Dogma.2.Deluxe.Edition-InsaneRamZes\re_chunk_000.pak.patch_038.pak...
Extracting files...
Extracted 0 files from D:\GAMES\Dragons.Dogma.2.Deluxe.Edition-InsaneRamZes\re_chunk_000.pak.patch_038.pak
Skipped 358 files


[extract_tex.py] Still missing ['tex_ui01c00_00_iam.tex.760230703', 'tex_ui01c00_01_iam.tex.760230703', 'tex_ui01c00_02_iam.tex.760230703', 'tex_ui01c00_03_iam.tex.760230703']
[extract_tex.py] Running REtool on re_chunk_000.pak.patch_039.pak...
[extract_tex.py] Using REtool.exe at: D:\GAMES\REtool\REtool.exe
[extract_tex.py] REtool output for re_chunk_000.pak.patch_039.pak: RE Engine PAK tool v0.240 (by youtube.com/user/FluffyQuack)

Read 4 entries from D:\GAMES\Dragons.Dogma.2.Deluxe.Edition-InsaneRamZes\reframework\images\ItemBelt\pytools\tex_list.txt
Attempting to unpack D:\GAMES\Dragons.Dogma.2.Deluxe.Edition-InsaneRamZes\re_chunk_000.pak.patch_039.pak...
Read 6 entries
Loaded hash list from manifest
Extracting files...
Wrote re_chunk_000.pak.patch_039\natives/stm/gui/ui01/common/item/c00/tex_ui01c00_01_iam.tex.760230703 (deflate)
Wrote re_chunk_000.pak.patch_039\__MANIFEST/MANIFEST.TXT (deflate)
Wrote re_chunk_000.pak.patch_039\natives/stm/gui/ui01/common/item/c00/tex_ui01c00_00_iam.tex.760230703 (deflate)
Wrote re_chunk_000.pak.patch_039\natives/stm/gui/ui01/common/item/c00/tex_ui01c00_02_iam.tex.760230703 (deflate)
Wrote re_chunk_000.pak.patch_039\screenshot.png (copied)
Wrote re_chunk_000.pak.patch_039\modinfo.ini (copied)
Extracted 6 files from D:\GAMES\Dragons.Dogma.2.Deluxe.Edition-InsaneRamZes\re_chunk_000.pak.patch_039.pak
Extracted 2 files with zero compression
Extracted 4 files compressed with deflate


[extract_tex.py] Moved tex_ui01c00_02_iam.tex.760230703 --> reframework\images\ItemBelt\tex_ui01c00_02_iam.tex.760230703
[extract_tex.py] Moved tex_ui01c00_00_iam.tex.760230703 --> reframework\images\ItemBelt\tex_ui01c00_00_iam.tex.760230703
[extract_tex.py] Moved tex_ui01c00_01_iam.tex.760230703 --> reframework\images\ItemBelt\tex_ui01c00_01_iam.tex.760230703
[extract_tex.py] Still missing ['tex_ui01c00_03_iam.tex.760230703']
[extract_tex.py] Running REtool on re_chunk_000.pak.patch_040.pak...
[extract_tex.py] Using REtool.exe at: D:\GAMES\REtool\REtool.exe
[extract_tex.py] REtool output for re_chunk_000.pak.patch_040.pak: RE Engine PAK tool v0.240 (by youtube.com/user/FluffyQuack)

Read 4 entries from D:\GAMES\Dragons.Dogma.2.Deluxe.Edition-InsaneRamZes\reframework\images\ItemBelt\pytools\tex_list.txt
Attempting to unpack D:\GAMES\Dragons.Dogma.2.Deluxe.Edition-InsaneRamZes\re_chunk_000.pak.patch_040.pak...
Read 5 entries
Loaded hash list from manifest
Extracting files...
Wrote re_chunk_000.pak.patch_040\natives/stm/gui/ui01/common/item/c00/tex_ui01c00_05_iam.tex_old.760230703 (deflate)
Wrote re_chunk_000.pak.patch_040\__MANIFEST/MANIFEST.TXT (deflate)
Wrote re_chunk_000.pak.patch_040\modinfo.ini (copied)
Wrote re_chunk_000.pak.patch_040\screenshot.jpg (copied)
Wrote re_chunk_000.pak.patch_040\natives/stm/gui/ui01/common/item/c00/tex_ui01c00_05_iam.tex.760230703 (deflate)
Extracted 5 files from D:\GAMES\Dragons.Dogma.2.Deluxe.Edition-InsaneRamZes\re_chunk_000.pak.patch_040.pak
Extracted 2 files with zero compression
Extracted 3 files compressed with deflate


[extract_tex.py] Still missing ['tex_ui01c00_03_iam.tex.760230703']
[extract_tex.py] Running REtool on re_chunk_000.pak.patch_041.pak...
[extract_tex.py] Using REtool.exe at: D:\GAMES\REtool\REtool.exe
[extract_tex.py] REtool output for re_chunk_000.pak.patch_041.pak: RE Engine PAK tool v0.240 (by youtube.com/user/FluffyQuack)

Read 4 entries from D:\GAMES\Dragons.Dogma.2.Deluxe.Edition-InsaneRamZes\reframework\images\ItemBelt\pytools\tex_list.txt
Attempting to unpack D:\GAMES\Dragons.Dogma.2.Deluxe.Edition-InsaneRamZes\re_chunk_000.pak.patch_041.pak...
Read 4 entries
Loaded hash list from manifest
Extracting files...
Wrote re_chunk_000.pak.patch_041\__MANIFEST/MANIFEST.TXT (deflate)
Wrote re_chunk_000.pak.patch_041\natives/stm/appsystem/ch/common/human/userdata/parameter/job03lockonrangeparameter.user.2 (deflate)
Wrote re_chunk_000.pak.patch_041\natives/stm/appsystem/ch/common/human/userdata/parameter/job06lockonrangeparameter.user.2 (deflate)
Wrote re_chunk_000.pak.patch_041\natives/stm/appsystem/ch/common/human/userdata/parameter/job06_job03lockonrangeparameter.user.2 (deflate)
Extracted 4 files from D:\GAMES\Dragons.Dogma.2.Deluxe.Edition-InsaneRamZes\re_chunk_000.pak.patch_041.pak
Extracted 4 files compressed with deflate


[extract_tex.py] Still missing ['tex_ui01c00_03_iam.tex.760230703']
[extract_tex.py] Running REtool on re_chunk_000.pak.patch_042.pak...
[extract_tex.py] Using REtool.exe at: D:\GAMES\REtool\REtool.exe
[extract_tex.py] REtool output for re_chunk_000.pak.patch_042.pak: RE Engine PAK tool v0.240 (by youtube.com/user/FluffyQuack)

Read 4 entries from D:\GAMES\Dragons.Dogma.2.Deluxe.Edition-InsaneRamZes\reframework\images\ItemBelt\pytools\tex_list.txt
Attempting to unpack D:\GAMES\Dragons.Dogma.2.Deluxe.Edition-InsaneRamZes\re_chunk_000.pak.patch_042.pak...
Read 4 entries
Loaded hash list from manifest
Extracting files...
Wrote re_chunk_000.pak.patch_042\__MANIFEST/MANIFEST.TXT (deflate)
Wrote re_chunk_000.pak.patch_042\modinfo.ini (copied)
Wrote re_chunk_000.pak.patch_042\screenshot.jpg (copied)
Wrote re_chunk_000.pak.patch_042\natives/stm/gui/ui01/font/fot-prentice.oft.1 (deflate)
Extracted 4 files from D:\GAMES\Dragons.Dogma.2.Deluxe.Edition-InsaneRamZes\re_chunk_000.pak.patch_042.pak
Extracted 2 files with zero compression
Extracted 2 files compressed with deflate


[extract_tex.py] Still missing ['tex_ui01c00_03_iam.tex.760230703']
[extract_tex.py] Running REtool on re_chunk_000.pak.patch_043.pak...
[extract_tex.py] Using REtool.exe at: D:\GAMES\REtool\REtool.exe
[extract_tex.py] REtool output for re_chunk_000.pak.patch_043.pak: RE Engine PAK tool v0.240 (by youtube.com/user/FluffyQuack)

Read 4 entries from D:\GAMES\Dragons.Dogma.2.Deluxe.Edition-InsaneRamZes\reframework\images\ItemBelt\pytools\tex_list.txt
Attempting to unpack D:\GAMES\Dragons.Dogma.2.Deluxe.Edition-InsaneRamZes\re_chunk_000.pak.patch_043.pak...
Read 5 entries
Loaded hash list from manifest
Extracting files...
Wrote re_chunk_000.pak.patch_043\__MANIFEST/MANIFEST.TXT (deflate)
Wrote re_chunk_000.pak.patch_043\natives/stm/gui/ui01/ui0131/ui013109/tex_ui013109_iam.tex.760230703 (deflate)
Wrote re_chunk_000.pak.patch_043\modinfo.ini (copied)
Wrote re_chunk_000.pak.patch_043\natives/stm/gui/ui01/ui0131/ui013103/tex_ui013103_01_iam.tex.760230703 (deflate)
Wrote re_chunk_000.pak.patch_043\screenshot.jpg (copied)
Extracted 5 files from D:\GAMES\Dragons.Dogma.2.Deluxe.Edition-InsaneRamZes\re_chunk_000.pak.patch_043.pak
Extracted 2 files with zero compression
Extracted 3 files compressed with deflate


[extract_tex.py] Still missing ['tex_ui01c00_03_iam.tex.760230703']
[extract_tex.py] Running REtool on re_chunk_000.pak.patch_044.pak...
[extract_tex.py] Using REtool.exe at: D:\GAMES\REtool\REtool.exe
[extract_tex.py] REtool output for re_chunk_000.pak.patch_044.pak: RE Engine PAK tool v0.240 (by youtube.com/user/FluffyQuack)

Read 4 entries from D:\GAMES\Dragons.Dogma.2.Deluxe.Edition-InsaneRamZes\reframework\images\ItemBelt\pytools\tex_list.txt
Attempting to unpack D:\GAMES\Dragons.Dogma.2.Deluxe.Edition-InsaneRamZes\re_chunk_000.pak.patch_044.pak...
Extracting files...
Extracted 0 files from D:\GAMES\Dragons.Dogma.2.Deluxe.Edition-InsaneRamZes\re_chunk_000.pak.patch_044.pak
Skipped 7 files


[extract_tex.py] Still missing ['tex_ui01c00_03_iam.tex.760230703']
[extract_tex.py] Running REtool on re_chunk_000.pak.patch_045.pak...
[extract_tex.py] Using REtool.exe at: D:\GAMES\REtool\REtool.exe
[extract_tex.py] REtool output for re_chunk_000.pak.patch_045.pak: RE Engine PAK tool v0.240 (by youtube.com/user/FluffyQuack)

Read 4 entries from D:\GAMES\Dragons.Dogma.2.Deluxe.Edition-InsaneRamZes\reframework\images\ItemBelt\pytools\tex_list.txt
Attempting to unpack D:\GAMES\Dragons.Dogma.2.Deluxe.Edition-InsaneRamZes\re_chunk_000.pak.patch_045.pak...
Extracting files...
Extracted 0 files from D:\GAMES\Dragons.Dogma.2.Deluxe.Edition-InsaneRamZes\re_chunk_000.pak.patch_045.pak
Skipped 7 files


[extract_tex.py] Still missing ['tex_ui01c00_03_iam.tex.760230703']
[extract_tex.py] Running REtool on re_chunk_000.pak.patch_046.pak...
[extract_tex.py] Using REtool.exe at: D:\GAMES\REtool\REtool.exe
[extract_tex.py] REtool output for re_chunk_000.pak.patch_046.pak: RE Engine PAK tool v0.240 (by youtube.com/user/FluffyQuack)

Read 4 entries from D:\GAMES\Dragons.Dogma.2.Deluxe.Edition-InsaneRamZes\reframework\images\ItemBelt\pytools\tex_list.txt
Attempting to unpack D:\GAMES\Dragons.Dogma.2.Deluxe.Edition-InsaneRamZes\re_chunk_000.pak.patch_046.pak...
Read 4 entries
Loaded hash list from manifest
Extracting files...
Wrote re_chunk_000.pak.patch_046\__MANIFEST/MANIFEST.TXT (deflate)
Wrote re_chunk_000.pak.patch_046\natives/stm/appsystem/ch/ch221/userdata/ch221droppartsuserdata.user.2 (deflate)
Wrote re_chunk_000.pak.patch_046\modinfo.ini (copied)
Wrote re_chunk_000.pak.patch_046\natives/stm/appsystem/ch/ch221/userdata/ch221001droppartsuserdata.user.2 (deflate)
Extracted 4 files from D:\GAMES\Dragons.Dogma.2.Deluxe.Edition-InsaneRamZes\re_chunk_000.pak.patch_046.pak
Extracted 1 files with zero compression
Extracted 3 files compressed with deflate


[extract_tex.py] Still missing ['tex_ui01c00_03_iam.tex.760230703']
[extract_tex.py] Running REtool on re_chunk_000.pak.patch_047.pak...
[extract_tex.py] Using REtool.exe at: D:\GAMES\REtool\REtool.exe
[extract_tex.py] REtool output for re_chunk_000.pak.patch_047.pak: RE Engine PAK tool v0.240 (by youtube.com/user/FluffyQuack)

Read 4 entries from D:\GAMES\Dragons.Dogma.2.Deluxe.Edition-InsaneRamZes\reframework\images\ItemBelt\pytools\tex_list.txt
Attempting to unpack D:\GAMES\Dragons.Dogma.2.Deluxe.Edition-InsaneRamZes\re_chunk_000.pak.patch_047.pak...
Read 12 entries
Loaded hash list from manifest
Extracting files...
Wrote re_chunk_000.pak.patch_047\natives/stm/message/ui/job02act.msg.22 (deflate)
Wrote re_chunk_000.pak.patch_047\natives/stm/message/ui/job04act.msg.22 (deflate)
Wrote re_chunk_000.pak.patch_047\__MANIFEST/MANIFEST.TXT (deflate)
Wrote re_chunk_000.pak.patch_047\natives/stm/message/ui/job01act.msg.22 (deflate)
Wrote re_chunk_000.pak.patch_047\natives/stm/message/ui/itemdetail.msg.22 (deflate)
Wrote re_chunk_000.pak.patch_047\natives/stm/message/ui/job03act.msg.22 (deflate)
Wrote re_chunk_000.pak.patch_047\natives/stm/message/ui/job06act.msg.22 (deflate)
Wrote re_chunk_000.pak.patch_047\natives/stm/message/ui/job05act.msg.22 (deflate)
Wrote re_chunk_000.pak.patch_047\natives/stm/message/ui/job07act.msg.22 (deflate)
Wrote re_chunk_000.pak.patch_047\natives/stm/message/ui/job10act.msg.22 (deflate)
Wrote re_chunk_000.pak.patch_047\natives/stm/message/ui/job09act.msg.22 (deflate)
Wrote re_chunk_000.pak.patch_047\natives/stm/message/ui/job08act.msg.22 (deflate)
Extracted 12 files from D:\GAMES\Dragons.Dogma.2.Deluxe.Edition-InsaneRamZes\re_chunk_000.pak.patch_047.pak
Extracted 12 files compressed with deflate


[extract_tex.py] Still missing ['tex_ui01c00_03_iam.tex.760230703']
[extract_tex.py] Running REtool on re_chunk_000.pak.patch_048.pak...
[extract_tex.py] Using REtool.exe at: D:\GAMES\REtool\REtool.exe
[extract_tex.py] REtool output for re_chunk_000.pak.patch_048.pak: RE Engine PAK tool v0.240 (by youtube.com/user/FluffyQuack)

Read 4 entries from D:\GAMES\Dragons.Dogma.2.Deluxe.Edition-InsaneRamZes\reframework\images\ItemBelt\pytools\tex_list.txt
Attempting to unpack D:\GAMES\Dragons.Dogma.2.Deluxe.Edition-InsaneRamZes\re_chunk_000.pak.patch_048.pak...
Read 12 entries
Loaded hash list from manifest
Extracting files...
Wrote re_chunk_000.pak.patch_048\natives/stm/message/ui/job02act.msg.22 (deflate)
Wrote re_chunk_000.pak.patch_048\natives/stm/message/ui/job04act.msg.22 (deflate)
Wrote re_chunk_000.pak.patch_048\__MANIFEST/MANIFEST.TXT (deflate)
Wrote re_chunk_000.pak.patch_048\natives/stm/message/ui/job01act.msg.22 (deflate)
Wrote re_chunk_000.pak.patch_048\natives/stm/message/ui/itemdetail.msg.22 (deflate)
Wrote re_chunk_000.pak.patch_048\natives/stm/message/ui/job03act.msg.22 (deflate)
Wrote re_chunk_000.pak.patch_048\natives/stm/message/ui/job06act.msg.22 (deflate)
Wrote re_chunk_000.pak.patch_048\natives/stm/message/ui/job05act.msg.22 (deflate)
Wrote re_chunk_000.pak.patch_048\natives/stm/message/ui/job07act.msg.22 (deflate)
Wrote re_chunk_000.pak.patch_048\natives/stm/message/ui/job10act.msg.22 (deflate)
Wrote re_chunk_000.pak.patch_048\natives/stm/message/ui/job09act.msg.22 (deflate)
Wrote re_chunk_000.pak.patch_048\natives/stm/message/ui/job08act.msg.22 (deflate)
Extracted 12 files from D:\GAMES\Dragons.Dogma.2.Deluxe.Edition-InsaneRamZes\re_chunk_000.pak.patch_048.pak
Extracted 12 files compressed with deflate


[extract_tex.py] Still missing ['tex_ui01c00_03_iam.tex.760230703']
[extract_tex.py] Running REtool on re_chunk_000.pak.patch_049.pak...
[extract_tex.py] Using REtool.exe at: D:\GAMES\REtool\REtool.exe
[extract_tex.py] REtool output for re_chunk_000.pak.patch_049.pak: RE Engine PAK tool v0.240 (by youtube.com/user/FluffyQuack)

Read 4 entries from D:\GAMES\Dragons.Dogma.2.Deluxe.Edition-InsaneRamZes\reframework\images\ItemBelt\pytools\tex_list.txt
Attempting to unpack D:\GAMES\Dragons.Dogma.2.Deluxe.Edition-InsaneRamZes\re_chunk_000.pak.patch_049.pak...
Read 4 entries
Loaded hash list from manifest
Extracting files...
Wrote re_chunk_000.pak.patch_049\__MANIFEST/MANIFEST.TXT (deflate)
Wrote re_chunk_000.pak.patch_049\natives/stm/character/_kit/_equipment/_furmasks/pants/pants_273_f_mskm.tex.760230703 (deflate)
Wrote re_chunk_000.pak.patch_049\natives/stm/character/_kit/_equipment/_furmasks/pants/pants_210_f_mskm.tex.760230703 (deflate)
Wrote re_chunk_000.pak.patch_049\natives/stm/character/_kit/_equipment/_furmasks/pants/pants_021_f_mskm.tex.760230703 (deflate)
Extracted 4 files from D:\GAMES\Dragons.Dogma.2.Deluxe.Edition-InsaneRamZes\re_chunk_000.pak.patch_049.pak
Extracted 4 files compressed with deflate


[extract_tex.py] Still missing ['tex_ui01c00_03_iam.tex.760230703']
[extract_tex.py] Running REtool on re_chunk_000.pak.patch_050.pak...
[extract_tex.py] Using REtool.exe at: D:\GAMES\REtool\REtool.exe
[extract_tex.py] REtool output for re_chunk_000.pak.patch_050.pak: RE Engine PAK tool v0.240 (by youtube.com/user/FluffyQuack)

Read 4 entries from D:\GAMES\Dragons.Dogma.2.Deluxe.Edition-InsaneRamZes\reframework\images\ItemBelt\pytools\tex_list.txt
Attempting to unpack D:\GAMES\Dragons.Dogma.2.Deluxe.Edition-InsaneRamZes\re_chunk_000.pak.patch_050.pak...
Read 1739 entries
Loaded hash list from manifest
Extracting files...
Wrote re_chunk_000.pak.patch_050\natives/stm/character/_kit/_equipment/_furmasks/tops/tops_015_m_mskm.tex.760230703 (deflate)
Wrote re_chunk_000.pak.patch_050\natives/stm/character/_kit/_equipment/_furmasks/pants/pants_279_f_mskm.tex.760230703 (deflate)
Wrote re_chunk_000.pak.patch_050\natives/stm/character/_kit/_equipment/_furmasks/tops/tops_2081_m_mskm.tex.760230703 (deflate)
Wrote re_chunk_000.pak.patch_050\natives/stm/character/_kit/_equipment/_furmasks/pants/pants_256_f_mskm.tex.760230703 (deflate)
Wrote re_chunk_000.pak.patch_050\natives/stm/character/_kit/_equipment/_furmasks/helm/helm_033_m_mskm.tex.760230703 (deflate)
Wrote re_chunk_000.pak.patch_050\natives/stm/character/_kit/_equipment/_furmasks/tops/tops_3080_m_mskm.tex.760230703 (deflate)
Wrote re_chunk_000.pak.patch_050\natives/stm/character/_kit/_equipment/_furmasks/helm/helm_050_f_mskm.tex.760230703 (deflate)
Wrote re_chunk_000.pak.patch_050\natives/stm/character/_kit/_equipment/_furmasks/pants/pants_2152_m_mskm.tex.760230703 (deflate)
Wrote re_chunk_000.pak.patch_050\natives/stm/character/_kit/_equipment/_furmasks/pants/pants_231_m_mskm.tex.760230703 (deflate)
Wrote re_chunk_000.pak.patch_050\natives/stm/character/_kit/_equipment/_furmasks/helm/helm_2146_f_mskm.tex.760230703 (deflate)
Wrote re_chunk_000.pak.patch_050\natives/stm/character/_kit/_equipment/_furmasks/pants/pants_2300_m_mskm.tex.760230703 (deflate)
Wrote re_chunk_000.pak.patch_050\natives/stm/character/_kit/_equipment/_furmasks/pants/pants_020_f_mskm.tex.760230703 (deflate)
Wrote re_chunk_000.pak.patch_050\natives/stm/character/_kit/_equipment/_furmasks/pants/pants_2301_m_mskm.tex.760230703 (deflate)
Wrote re_chunk_000.pak.patch_050\natives/stm/character/_kit/_equipment/_furmasks/tops/tops_4000_f_mskm.tex.760230703 (deflate)
Wrote re_chunk_000.pak.patch_050\natives/stm/character/_kit/_equipment/_furmasks/tops/tops_211_f_job02_left_mskm.tex.760230703 (deflate)
Wrote re_chunk_000.pak.patch_050\natives/stm/character/_kit/_equipment/_furmasks/helm/helm_2387_f_mskm.tex.760230703 (deflate)
Wrote re_chunk_000.pak.patch_050\natives/stm/character/_kit/_equipment/_furmasks/tops/tops_4040_m_mskm.tex.760230703 (deflate)
Wrote re_chunk_000.pak.patch_050\natives/stm/character/_kit/_equipment/_furmasks/tops/tops_4050_f_mskm.tex.760230703 (deflate)
Wrote re_chunk_000.pak.patch_050\natives/stm/character/_kit/_equipment/_furmasks/pants/pants_226_f_mskm.tex.760230703 (deflate)
Wrote re_chunk_000.pak.patch_050\natives/stm/character/_kit/_equipment/_furmasks/pants/pants_018_f_mskm.tex.760230703 (deflate)
Wrote re_chunk_000.pak.patch_050\natives/stm/character/_kit/_equipment/_furmasks/tops/tops_309_m_job01_left_mskm.tex.760230703 (deflate)
Wrote re_chunk_000.pak.patch_050\natives/stm/character/_kit/_equipment/_furmasks/tops/tops_211_m_job08_left_mskm.tex.760230703 (deflate)
Wrote re_chunk_000.pak.patch_050\natives/stm/character/_kit/_equipment/_furmasks/helm/helm_2140_m_mskm.tex.760230703 (deflate)
Wrote re_chunk_000.pak.patch_050\natives/stm/character/_kit/_equipment/_furmasks/tops/tops_313_f_job02_left_mskm.tex.760230703 (deflate)
Wrote re_chunk_000.pak.patch_050\natives/stm/character/_kit/_equipment/_furmasks/tops/tops_2077_f_mskm.tex.760230703 (deflate)
Wrote re_chunk_000.pak.patch_050\natives/stm/character/_kit/_equipment/_furmasks/tops/tops_207_f_job07_right_mskm.tex.760230703 (deflate)
Wrote re_chunk_000.pak.patch_050\natives/stm/character/_kit/_equipment/_furmasks/tops/tops_274_m_job08_left_mskm.tex.760230703 (deflate)
Wrote re_chunk_000.pak.patch_050\natives/stm/character/_kit/_equipment/_furmasks/pants/pants_4060_f_mskm.tex.760230703 (deflate)
Wrote re_chunk_000.pak.patch_050\natives/stm/character/_kit/_equipment/_furmasks/tops/tops_4081_f_mskm.tex.760230703 (deflate)
Wrote re_chunk_000.pak.patch_050\natives/stm/character/_kit/_equipment/_furmasks/helm/helm_3300_f_mskm.tex.760230703 (deflate)
Wrote re_chunk_000.pak.patch_050\natives/stm/character/_kit/_equipment/_furmasks/tops/tops_2072_f_mskm.tex.760230703 (deflate)
Wrote re_chunk_000.pak.patch_050\natives/stm/character/_kit/_equipment/_furmasks/pants/pants_020_m_mskm.tex.760230703 (deflate)
Wrote re_chunk_000.pak.patch_050\natives/stm/character/_kit/_equipment/_furmasks/pants/pants_2329_f_mskm.tex.760230703 (deflate)
Wrote re_chunk_000.pak.patch_050\natives/stm/character/_kit/_equipment/_furmasks/tops/tops_2421_m_mskm.tex.760230703 (deflate)
Wrote re_chunk_000.pak.patch_050\natives/stm/character/_kit/_equipment/_furmasks/tops/tops_2060_m_mskm.tex.760230703 (deflate)
Wrote re_chunk_000.pak.patch_050\natives/stm/character/_kit/_equipment/_furmasks/tops/tops_291_m_job02_left_mskm.tex.760230703 (deflate)
Wrote re_chunk_000.pak.patch_050\natives/stm/character/_kit/_equipment/_furmasks/tops/tops_2003_m_mskm.tex.760230703 (deflate)
Wrote re_chunk_000.pak.patch_050\natives/stm/character/_kit/_equipment/_furmasks/helm/helm_2145_m_mskm.tex.760230703 (deflate)
Wrote re_chunk_000.pak.patch_050\natives/stm/character/_kit/_equipment/_furmasks/tops/tops_4101_m_mskm.tex.760230703 (deflate)
Wrote re_chunk_000.pak.patch_050\natives/stm/character/_kit/_equipment/_furmasks/pants/pants_2021_m_mskm.tex.760230703 (deflate)
Wrote re_chunk_000.pak.patch_050\natives/stm/character/_kit/_equipment/_furmasks/tops/tops_212_m_job08_left_mskm.tex.760230703 (deflate)
Wrote re_chunk_000.pak.patch_050\natives/stm/character/_kit/_equipment/_furmasks/tops/tops_9004_m_mskm.tex.760230703 (deflate)
Wrote re_chunk_000.pak.patch_050\natives/stm/character/_kit/_equipment/_furmasks/tops/tops_280_f_job02_left_mskm.tex.760230703 (deflate)
Wrote re_chunk_000.pak.patch_050\natives/stm/character/_kit/_equipment/_furmasks/helm/helm_210_m_mskm.tex.760230703 (deflate)
Wrote re_chunk_000.pak.patch_050\natives/stm/character/_kit/_equipment/_furmasks/tops/tops_2140_m_mskm.tex.760230703 (deflate)
Wrote re_chunk_000.pak.patch_050\natives/stm/character/_kit/_equipment/_furmasks/tops/tops_2067_f_mskm.tex.760230703 (deflate)
Wrote re_chunk_000.pak.patch_050\natives/stm/character/_kit/_equipment/_furmasks/pants/pants_006_m_mskm.tex.760230703 (deflate)
Wrote re_chunk_000.pak.patch_050\natives/stm/character/_kit/_equipment/_furmasks/hair/hair_049_mskm.tex.760230703 (deflate)
Wrote re_chunk_000.pak.patch_050\natives/stm/character/_kit/_equipment/_furmasks/tops/tops_303_m_mskm.tex.760230703 (deflate)
Wrote re_chunk_000.pak.patch_050\natives/stm/character/_kit/_equipment/_furmasks/pants/pants_262_m_mskm.tex.760230703 (deflate)
Wrote re_chunk_000.pak.patch_050\natives/stm/character/_kit/_equipment/_furmasks/tops/tops_4001_f_job02_left_mskm.tex.760230703 (deflate)
Wrote re_chunk_000.pak.patch_050\natives/stm/character/_kit/_equipment/_furmasks/helm/helm_4070_f_mskm.tex.760230703 (deflate)
Wrote re_chunk_000.pak.patch_050\natives/stm/character/_kit/_equipment/_furmasks/helm/helm_3250_m_mskm.tex.760230703 (deflate)
Wrote re_chunk_000.pak.patch_050\natives/stm/character/_kit/_equipment/_furmasks/pants/pants_237_m_mskm.tex.760230703 (deflate)
Wrote re_chunk_000.pak.patch_050\natives/stm/character/_kit/_equipment/_furmasks/tops/tops_3030_m_mskm.tex.760230703 (deflate)
Wrote re_chunk_000.pak.patch_050\natives/stm/character/_kit/_equipment/_furmasks/tops/tops_3160_f_mskm.tex.760230703 (deflate)
Wrote re_chunk_000.pak.patch_050\natives/stm/character/_kit/_equipment/_furmasks/pants/pants_249_f_mskm.tex.760230703 (deflate)
Wrote re_chunk_000.pak.patch_050\natives/stm/character/_kit/_equipment/_furmasks/helm/helm_270_m_mskm.tex.760230703 (deflate)
Wrote re_chunk_000.pak.patch_050\natives/stm/character/_kit/_equipment/_furmasks/pants/pants_2304_m_mskm.tex.760230703 (deflate)
Wrote re_chunk_000.pak.patch_050\natives/stm/character/_kit/_equipment/_furmasks/pants/pants_2390_f_mskm.tex.760230703 (deflate)
Wrote re_chunk_000.pak.patch_050\natives/stm/character/_kit/_equipment/_furmasks/helm/helm_001_f_mskm.tex.760230703 (deflate)
Wrote re_chunk_000.pak.patch_050\natives/stm/character/_kit/_equipment/_furmasks/pants/pants_252_f_mskm.tex.760230703 (deflate)
Wrote re_chunk_000.pak.patch_050\natives/stm/character/_kit/_equipment/_furmasks/pants/pants_203_f_mskm.tex.760230703 (deflate)
Wrote re_chunk_000.pak.patch_050\natives/stm/character/_kit/_equipment/_furmasks/pants/pants_214_f_mskm.tex.760230703 (deflate)
Wrote re_chunk_000.pak.patch_050\natives/stm/character/_kit/_equipment/_furmasks/pants/pants_2302_m_mskm.tex.760230703 (deflate)
Wrote re_chunk_000.pak.patch_050\natives/stm/character/_kit/_equipment/_furmasks/tops/tops_292_m_mskm.tex.760230703 (deflate)
Wrote re_chunk_000.pak.patch_050\natives/stm/character/_kit/_equipment/_furmasks/tops/tops_201_m_mskm.tex.760230703 (deflate)
Wrote re_chunk_000.pak.patch_050\natives/stm/character/_kit/_equipment/_furmasks/tops/tops_264_m_job01_left_mskm.tex.760230703 (deflate)
Wrote re_chunk_000.pak.patch_050\natives/stm/character/_kit/_equipment/_furmasks/tops/tops_4061_f_mskm.tex.760230703 (deflate)
Wrote re_chunk_000.pak.patch_050\natives/stm/character/_kit/_equipment/_furmasks/tops/tops_205_f_job02_left_mskm.tex.760230703 (deflate)
Wrote re_chunk_000.pak.patch_050\natives/stm/character/_kit/_equipment/_furmasks/pants/pants_2340_m_mskm.tex.760230703 (deflate)
Wrote re_chunk_000.pak.patch_050\natives/stm/character/_kit/_equipment/_furmasks/helm/helm_035_m_mskm.tex.760230703 (deflate)
Wrote re_chunk_000.pak.patch_050\natives/stm/character/_kit/_equipment/_furmasks/tops/tops_4001_m_mskm.tex.760230703 (deflate)
Wrote re_chunk_000.pak.patch_050\natives/stm/character/_kit/_equipment/_furmasks/tops/tops_2165_f_mskm.tex.760230703 (deflate)
Wrote re_chunk_000.pak.patch_050\natives/stm/character/_kit/_equipment/_furmasks/pants/pants_206_m_mskm.tex.760230703 (deflate)
Wrote re_chunk_000.pak.patch_050\natives/stm/character/_kit/_equipment/_furmasks/tops/tops_3230_f_mskm.tex.760230703 (deflate)
Wrote re_chunk_000.pak.patch_050\natives/stm/character/_kit/_equipment/_furmasks/hair/hair_025_mskm.tex.760230703 (deflate)
Wrote re_chunk_000.pak.patch_050\natives/stm/character/_kit/_equipment/_furmasks/tops/tops_4151_f_mskm.tex.760230703 (deflate)
Wrote re_chunk_000.pak.patch_050\natives/stm/character/_kit/_equipment/_furmasks/tops/tops_225_f_job08_left_mskm.tex.760230703 (deflate)
Wrote re_chunk_000.pak.patch_050\natives/stm/character/_kit/_equipment/_furmasks/tops/tops_015_m_job08_left_mskm.tex.760230703 (deflate)
Wrote re_chunk_000.pak.patch_050\natives/stm/character/_kit/_equipment/_furmasks/pants/pants_274_m_mskm.tex.760230703 (deflate)
Wrote re_chunk_000.pak.patch_050\natives/stm/character/_kit/_equipment/_furmasks/tops/tops_9003_f_mskm.tex.760230703 (deflate)
Wrote re_chunk_000.pak.patch_050\natives/stm/character/_kit/_equipment/_furmasks/tops/tops_4100_f_mskm.tex.760230703 (deflate)
Wrote re_chunk_000.pak.patch_050\natives/stm/character/_kit/_equipment/_furmasks/helm/helm_221_f_mskm.tex.760230703 (deflate)
Wrote re_chunk_000.pak.patch_050\natives/stm/character/_kit/_equipment/_furmasks/helm/helm_2381_f_mskm.tex.760230703 (deflate)
Wrote re_chunk_000.pak.patch_050\natives/stm/character/_kit/_equipment/_furmasks/pants/pants_239_m_mskm.tex.760230703 (deflate)
Wrote re_chunk_000.pak.patch_050\natives/stm/character/_kit/_equipment/_furmasks/tops/tops_3260_f_mskm.tex.760230703 (deflate)
Wrote re_chunk_000.pak.patch_050\natives/stm/character/_kit/_equipment/_furmasks/tops/tops_2308_f_mskm.tex.760230703 (deflate)
Wrote re_chunk_000.pak.patch_050\natives/stm/character/_kit/_equipment/_furmasks/tops/tops_4111_f_job02_left_mskm.tex.760230703 (deflate)
Wrote re_chunk_000.pak.patch_050\natives/stm/character/_kit/_equipment/_furmasks/tops/tops_2180_f_mskm.tex.760230703 (deflate)
Wrote re_chunk_000.pak.patch_050\natives/stm/character/_kit/_equipment/_furmasks/tops/tops_048_f_mskm.tex.760230703 (deflate)
Wrote re_chunk_000.pak.patch_050\natives/stm/character/_kit/_equipment/_furmasks/tops/tops_313_f_job07_right_mskm.tex.760230703 (deflate)
Wrote re_chunk_000.pak.patch_050\natives/stm/character/_kit/_equipment/_furmasks/tops/tops_305_f_mskm.tex.760230703 (deflate)
Wrote re_chunk_000.pak.patch_050\natives/stm/character/_kit/_equipment/_furmasks/pants/pants_282_f_mskm.tex.760230703 (deflate)
Wrote re_chunk_000.pak.patch_050\natives/stm/character/_kit/_equipment/_furmasks/helm/helm_035_f_mskm.tex.760230703 (deflate)
Wrote re_chunk_000.pak.patch_050\natives/stm/character/_kit/_equipment/_furmasks/tops/tops_3450_f_mskm.tex.760230703 (deflate)
Wrote re_chunk_000.pak.patch_050\natives/stm/character/_kit/_equipment/_furmasks/tops/tops_2006_f_mskm.tex.760230703 (deflate)
Wrote re_chunk_000.pak.patch_050\natives/stm/character/_kit/_equipment/_furmasks/pants/pants_9000_m_mskm.tex.760230703 (deflate)
Wrote re_chunk_000.pak.patch_050\natives/stm/character/_kit/_equipment/_furmasks/tops/tops_301_f_mskm.tex.760230703 (deflate)
Wrote re_chunk_000.pak.patch_050\natives/stm/character/_kit/_equipment/_furmasks/tops/tops_3410_f_mskm.tex.760230703 (deflate)
Wrote re_chunk_000.pak.patch_050\natives/stm/character/_kit/_equipment/_furmasks/tops/tops_2424_m_mskm.tex.760230703 (deflate)
Wrote re_chunk_000.pak.patch_050\natives/stm/character/_kit/_equipment/_furmasks/pants/pants_226_m_mskm.tex.760230703 (deflate)
Wrote re_chunk_000.pak.patch_050\natives/stm/character/_kit/_equipment/_furmasks/pants/pants_237_f_mskm.tex.760230703 (deflate)
Wrote re_chunk_000.pak.patch_050\natives/stm/character/_kit/_equipment/_furmasks/helm/helm_229_f_mskm.tex.760230703 (deflate)
Wrote re_chunk_000.pak.patch_050\natives/stm/character/_kit/_equipment/_furmasks/tops/tops_2385_f_mskm.tex.760230703 (deflate)
Wrote re_chunk_000.pak.patch_050\natives/stm/character/_kit/_equipment/_furmasks/tops/tops_051_f_mskm.tex.760230703 (deflate)
Wrote re_chunk_000.pak.patch_050\natives/stm/character/_kit/_equipment/_furmasks/tops/tops_2070_m_mskm.tex.760230703 (deflate)
Wrote re_chunk_000.pak.patch_050\natives/stm/character/_kit/_equipment/_furmasks/tops/tops_9002_m_mskm.tex.760230703 (deflate)
Wrote re_chunk_000.pak.patch_050\natives/stm/character/_kit/_equipment/_furmasks/pants/pants_4131_m_mskm.tex.760230703 (deflate)
Wrote re_chunk_000.pak.patch_050\natives/stm/character/_kit/_equipment/_furmasks/pants/pants_271_f_mskm.tex.760230703 (deflate)
Wrote re_chunk_000.pak.patch_050\natives/stm/character/_kit/_equipment/_furmasks/tops/tops_202_f_mskm.tex.760230703 (deflate)
Wrote re_chunk_000.pak.patch_050\natives/stm/character/_kit/_equipment/_furmasks/tops/tops_012_m_mskm.tex.760230703 (deflate)
Wrote re_chunk_000.pak.patch_050\natives/stm/character/_kit/_equipment/_furmasks/facewear/facewear_300_f_mskm.tex.760230703 (deflate)
Wrote re_chunk_000.pak.patch_050\natives/stm/character/_kit/_equipment/_furmasks/tops/tops_280_m_job01_left_mskm.tex.760230703 (deflate)
Wrote re_chunk_000.pak.patch_050\natives/stm/character/_kit/_equipment/_furmasks/helm/helm_2141_m_mskm.tex.760230703 (deflate)
Wrote re_chunk_000.pak.patch_050\natives/stm/character/_kit/_equipment/_furmasks/helm/helm_238_f_mskm.tex.760230703 (deflate)
Wrote re_chunk_000.pak.patch_050\natives/stm/character/_kit/_equipment/_furmasks/helm/helm_303_f_mskm.tex.760230703 (deflate)
Wrote re_chunk_000.pak.patch_050\natives/stm/character/_kit/_equipment/_furmasks/tops/tops_4021_f_job08_left_mskm.tex.760230703 (deflate)
Wrote re_chunk_000.pak.patch_050\natives/stm/character/_kit/_equipment/_furmasks/tops/tops_200_m_mskm.tex.760230703 (deflate)
Wrote re_chunk_000.pak.patch_050\natives/stm/character/_kit/_equipment/_furmasks/tops/tops_202_m_job08_left_mskm.tex.760230703 (deflate)
Wrote re_chunk_000.pak.patch_050\natives/stm/character/_kit/_equipment/_furmasks/pants/pants_2220_f_mskm.tex.760230703 (deflate)
Wrote re_chunk_000.pak.patch_050\natives/stm/character/_kit/_equipment/_furmasks/tops/tops_3140_m_mskm.tex.760230703 (deflate)
Wrote re_chunk_000.pak.patch_050\natives/stm/character/_kit/_equipment/_furmasks/tops/tops_012_f_mskm.tex.760230703 (deflate)
Wrote re_chunk_000.pak.patch_050\natives/stm/character/_kit/_equipment/_furmasks/tops/tops_2424_f_mskm.tex.760230703 (deflate)
Wrote re_chunk_000.pak.patch_050\natives/stm/character/_kit/_equipment/_furmasks/tops/tops_4011_m_job08_left_mskm.tex.760230703 (deflate)
Wrote re_chunk_000.pak.patch_050\natives/stm/character/_kit/_equipment/_furmasks/tops/tops_207_m_job08_left_mskm.tex.760230703 (deflate)
Wrote re_chunk_000.pak.patch_050\natives/stm/character/_kit/_equipment/_furmasks/pants/pants_007_f_mskm.tex.760230703 (deflate)
Wrote re_chunk_000.pak.patch_050\natives/stm/character/_kit/_equipment/_furmasks/helm/helm_2003_m_mskm.tex.760230703 (deflate)
Wrote re_chunk_000.pak.patch_050\natives/stm/character/_kit/_equipment/_furmasks/tops/tops_313_m_job08_left_mskm.tex.760230703 (deflate)
Wrote re_chunk_000.pak.patch_050\natives/stm/character/_kit/_equipment/_furmasks/tops/tops_311_m_mskm.tex.760230703 (deflate)
Wrote re_chunk_000.pak.patch_050\natives/stm/character/_kit/_equipment/_furmasks/pants/pants_245_f_mskm.tex.760230703 (deflate)
Wrote re_chunk_000.pak.patch_050\natives/stm/character/_kit/_equipment/_furmasks/pants/pants_3420_f_mskm.tex.760230703 (deflate)
Wrote re_chunk_000.pak.patch_050\natives/stm/character/_kit/_equipment/_furmasks/tops/tops_2004_f_mskm.tex.760230703 (deflate)
Wrote re_chunk_000.pak.patch_050\natives/stm/character/_kit/_equipment/_furmasks/helm/helm_301_f_mskm.tex.760230703 (deflate)
Wrote re_chunk_000.pak.patch_050\natives/stm/character/_kit/_equipment/_furmasks/helm/helm_048_m_mskm.tex.760230703 (deflate)
Wrote re_chunk_000.pak.patch_050\natives/stm/character/_kit/_equipment/_furmasks/pants/pants_2382_f_mskm.tex.760230703 (deflate)
Wrote re_chunk_000.pak.patch_050\natives/stm/character/_kit/_equipment/_furmasks/tops/tops_2203_f_mskm.tex.760230703 (deflate)
Wrote re_chunk_000.pak.patch_050\natives/stm/character/_kit/_equipment/_furmasks/helm/helm_2024_f_mskm.tex.760230703 (deflate)
Wrote re_chunk_000.pak.patch_050\natives/stm/character/_kit/_equipment/_furmasks/tops/tops_315_f_mskm.tex.760230703 (deflate)
Wrote re_chunk_000.pak.patch_050\natives/stm/character/_kit/_equipment/_furmasks/helm/helm_2142_m_mskm.tex.760230703 (deflate)
Wrote re_chunk_000.pak.patch_050\natives/stm/character/_kit/_equipment/_furmasks/tops/tops_225_m_mskm.tex.760230703 (deflate)
Wrote re_chunk_000.pak.patch_050\natives/stm/character/_kit/_equipment/_furmasks/pants/pants_248_f_mskm.tex.760230703 (deflate)
Wrote re_chunk_000.pak.patch_050\natives/stm/character/_kit/_equipment/_furmasks/tops/tops_2345_m_mskm.tex.760230703 (deflate)
Wrote re_chunk_000.pak.patch_050\natives/stm/character/_kit/_equipment/_furmasks/pants/pants_4000_f_mskm.tex.760230703 (deflate)
Wrote re_chunk_000.pak.patch_050\natives/stm/character/_kit/_equipment/_furmasks/pants/pants_213_f_mskm.tex.760230703 (deflate)
Wrote re_chunk_000.pak.patch_050\natives/stm/character/_kit/_equipment/_furmasks/tops/tops_006_f_mskm.tex.760230703 (deflate)
Wrote re_chunk_000.pak.patch_050\natives/stm/character/_kit/_equipment/_furmasks/tops/tops_3000_m_mskm.tex.760230703 (deflate)
Wrote re_chunk_000.pak.patch_050\natives/stm/character/_kit/_equipment/_furmasks/helm/helm_254_m_mskm.tex.760230703 (deflate)
Wrote re_chunk_000.pak.patch_050\natives/stm/character/_kit/_equipment/_furmasks/pants/pants_2140_m_mskm.tex.760230703 (deflate)
Wrote re_chunk_000.pak.patch_050\natives/stm/character/_kit/_equipment/_furmasks/pants/pants_2002_f_mskm.tex.760230703 (deflate)
Wrote re_chunk_000.pak.patch_050\natives/stm/character/_kit/_equipment/_furmasks/facewear/facewear_305_m_mskm.tex.760230703 (deflate)
Wrote re_chunk_000.pak.patch_050\natives/stm/character/_kit/_equipment/_furmasks/facewear/facewear_310_f_mskm.tex.760230703 (deflate)
Wrote re_chunk_000.pak.patch_050\natives/stm/character/_kit/_equipment/_furmasks/tops/tops_266_m_mskm.tex.760230703 (deflate)
Wrote re_chunk_000.pak.patch_050\natives/stm/character/_kit/_equipment/_furmasks/pants/pants_2141_m_mskm.tex.760230703 (deflate)
Wrote re_chunk_000.pak.patch_050\natives/stm/character/_kit/_equipment/_furmasks/tops/tops_3430_f_mskm.tex.760230703 (deflate)
Wrote re_chunk_000.pak.patch_050\natives/stm/character/_kit/_equipment/_furmasks/pants/pants_219_m_mskm.tex.760230703 (deflate)
Wrote re_chunk_000.pak.patch_050\natives/stm/character/_kit/_equipment/_furmasks/tops/tops_212_m_job02_left_mskm.tex.760230703 (deflate)
Wrote re_chunk_000.pak.patch_050\natives/stm/character/_kit/_equipment/_furmasks/tops/tops_4021_f_job01_left_mskm.tex.760230703 (deflate)
Wrote re_chunk_000.pak.patch_050\natives/stm/character/_kit/_equipment/_furmasks/helm/helm_205_m_mskm.tex.760230703 (deflate)
Wrote re_chunk_000.pak.patch_050\natives/stm/character/_kit/_equipment/_furmasks/helm/helm_2102_f_mskm.tex.760230703 (deflate)
Wrote re_chunk_000.pak.patch_050\natives/stm/character/_kit/_equipment/_furmasks/tops/tops_309_m_job08_left_mskm.tex.760230703 (deflate)
Wrote re_chunk_000.pak.patch_050\natives/stm/character/_kit/_equipment/_furmasks/helm/helm_267_f_mskm.tex.760230703 (deflate)
Wrote re_chunk_000.pak.patch_050\natives/stm/character/_kit/_equipment/_furmasks/pants/pants_243_m_mskm.tex.760230703 (deflate)
Wrote re_chunk_000.pak.patch_050\natives/stm/character/_kit/_equipment/_furmasks/facewear/facewear_002_m_mskm.tex.760230703 (deflate)
Wrote re_chunk_000.pak.patch_050\natives/stm/character/_kit/_equipment/_furmasks/tops/tops_4111_m_job02_left_mskm.tex.760230703 (deflate)
Wrote re_chunk_000.pak.patch_050\natives/stm/character/_kit/_equipment/_furmasks/tops/tops_4031_m_job08_left_mskm.tex.760230703 (deflate)
Wrote re_chunk_000.pak.patch_050\natives/stm/character/_kit/_equipment/_furmasks/tops/tops_203_f_mskm.tex.760230703 (deflate)
Wrote re_chunk_000.pak.patch_050\natives/stm/character/_kit/_equipment/_furmasks/tops/tops_278_f_mskm.tex.760230703 (deflate)
Wrote re_chunk_000.pak.patch_050\natives/stm/character/_kit/_equipment/_furmasks/tops/tops_4010_m_job07_right_mskm.tex.760230703 (deflate)
Wrote re_chunk_000.pak.patch_050\natives/stm/character/_kit/_equipment/_furmasks/tops/tops_313_m_job03_right_mskm.tex.760230703 (deflate)
Wrote re_chunk_000.pak.patch_050\natives/stm/character/_kit/_equipment/_furmasks/facewear/facewear_305_f_mskm.tex.760230703 (deflate)
Wrote re_chunk_000.pak.patch_050\natives/stm/character/_kit/_equipment/_furmasks/tops/tops_2305_m_mskm.tex.760230703 (deflate)
Wrote re_chunk_000.pak.patch_050\natives/stm/character/_kit/_equipment/_furmasks/pants/pants_2361_m_mskm.tex.760230703 (deflate)
Wrote re_chunk_000.pak.patch_050\natives/stm/character/_kit/_equipment/_furmasks/tops/tops_4170_f_mskm.tex.760230703 (deflate)
Wrote re_chunk_000.pak.patch_050\natives/stm/character/_kit/_equipment/_furmasks/tops/tops_242_m_mskm.tex.760230703 (deflate)
Wrote re_chunk_000.pak.patch_050\natives/stm/character/_kit/_equipment/_furmasks/tops/tops_313_m_mskm.tex.760230703 (deflate)
Wrote re_chunk_000.pak.patch_050\natives/stm/character/_kit/_equipment/_furmasks/pants/pants_2320_f_mskm.tex.760230703 (deflate)
Wrote re_chunk_000.pak.patch_050\natives/stm/character/_kit/_equipment/_furmasks/pants/pants_242_f_mskm.tex.760230703 (deflate)
Wrote re_chunk_000.pak.patch_050\natives/stm/character/_kit/_equipment/_furmasks/pants/pants_212_m_mskm.tex.760230703 (deflate)
Wrote re_chunk_000.pak.patch_050\natives/stm/character/_kit/_equipment/_furmasks/tops/tops_2028_f_mskm.tex.760230703 (deflate)
Wrote re_chunk_000.pak.patch_050\natives/stm/character/_kit/_equipment/_furmasks/tops/tops_281_f_job01_left_mskm.tex.760230703 (deflate)
Wrote re_chunk_000.pak.patch_050\natives/stm/character/_kit/_equipment/_furmasks/tops/tops_315_m_job08_left_mskm.tex.760230703 (deflate)
Wrote re_chunk_000.pak.patch_050\natives/stm/character/_kit/_equipment/_furmasks/tops/tops_2073_f_job08_left_mskm.tex.760230703 (deflate)
Wrote re_chunk_000.pak.patch_050\natives/stm/character/_kit/_equipment/_furmasks/tops/tops_2074_f_mskm.tex.760230703 (deflate)
Wrote re_chunk_000.pak.patch_050\natives/stm/character/_kit/_equipment/_furmasks/tops/tops_4161_m_mskm.tex.760230703 (deflate)
Wrote re_chunk_000.pak.patch_050\natives/stm/character/_kit/_equipment/_furmasks/tops/tops_281_f_mskm.tex.760230703 (deflate)
Wrote re_chunk_000.pak.patch_050\natives/stm/character/_kit/_equipment/_furmasks/tops/tops_211_f_job08_left_mskm.tex.760230703 (deflate)
Wrote re_chunk_000.pak.patch_050\natives/stm/character/_kit/_equipment/_furmasks/helm/helm_4160_m_mskm.tex.760230703 (deflate)
Wrote re_chunk_000.pak.patch_050\natives/stm/character/_kit/_equipment/_furmasks/pants/pants_4180_m_mskm.tex.760230703 (deflate)
Wrote re_chunk_000.pak.patch_050\natives/stm/character/_kit/_equipment/_furmasks/tops/tops_205_f_job08_left_mskm.tex.760230703 (deflate)
Wrote re_chunk_000.pak.patch_050\natives/stm/character/_kit/_equipment/_furmasks/tops/tops_2066_f_mskm.tex.760230703 (deflate)
Wrote re_chunk_000.pak.patch_050\natives/stm/character/_kit/_equipment/_furmasks/tops/tops_2307_f_mskm.tex.760230703 (deflate)
Wrote re_chunk_000.pak.patch_050\natives/stm/character/_kit/_equipment/_furmasks/tops/tops_9002_f_mskm.tex.760230703 (deflate)
Wrote re_chunk_000.pak.patch_050\natives/stm/character/_kit/_equipment/_furmasks/tops/tops_310_m_job02_left_mskm.tex.760230703 (deflate)
Wrote re_chunk_000.pak.patch_050\natives/stm/character/_kit/_equipment/_furmasks/tops/tops_2143_m_mskm.tex.760230703 (deflate)
Wrote re_chunk_000.pak.patch_050\natives/stm/character/_kit/_equipment/_furmasks/helm/helm_2320_f_mskm.tex.760230703 (deflate)
Wrote re_chunk_000.pak.patch_050\natives/stm/character/_kit/_equipment/_furmasks/tops/tops_039_m_mskm.tex.760230703 (deflate)
Wrote re_chunk_000.pak.patch_050\natives/stm/character/_kit/_equipment/_furmasks/pants/pants_2062_m_mskm.tex.760230703 (deflate)
Wrote re_chunk_000.pak.patch_050\natives/stm/character/_kit/_equipment/_furmasks/tops/tops_050_f_mskm.tex.760230703 (deflate)
Wrote re_chunk_000.pak.patch_050\natives/stm/character/_kit/_equipment/_furmasks/hair/hair_042_mskm.tex.760230703 (deflate)
Wrote re_chunk_000.pak.patch_050\natives/stm/character/_kit/_equipment/_furmasks/hair/hair_028_mskm.tex.760230703 (deflate)
Wrote re_chunk_000.pak.patch_050\natives/stm/character/_kit/_equipment/_furmasks/tops/tops_2091_f_mskm.tex.760230703 (deflate)
Wrote re_chunk_000.pak.patch_050\natives/stm/character/_kit/_equipment/_furmasks/helm/helm_2105_m_mskm.tex.760230703 (deflate)
Wrote re_chunk_000.pak.patch_050\natives/stm/character/_kit/_equipment/_furmasks/tops/tops_2153_m_mskm.tex.760230703 (deflate)
Wrote re_chunk_000.pak.patch_050\natives/stm/character/_kit/_equipment/_furmasks/tops/tops_4000_f_job02_left_mskm.tex.760230703 (deflate)
Wrote re_chunk_000.pak.patch_050\natives/stm/character/_kit/_equipment/_furmasks/tops/tops_201_m_job01_left_mskm.tex.760230703 (deflate)
Wrote re_chunk_000.pak.patch_050\natives/stm/character/_kit/_equipment/_furmasks/pants/pants_046_f_mskm.tex.760230703 (deflate)
Wrote re_chunk_000.pak.patch_050\natives/stm/character/_kit/_equipment/_furmasks/pants/pants_267_m_mskm.tex.760230703 (deflate)
Wrote re_chunk_000.pak.patch_050\natives/stm/character/_kit/_equipment/_furmasks/tops/tops_004_m_mskm.tex.760230703 (deflate)
Wrote re_chunk_000.pak.patch_050\natives/stm/character/_kit/_equipment/_furmasks/tops/tops_291_f_job07_right_mskm.tex.760230703 (deflate)
Wrote re_chunk_000.pak.patch_050\natives/stm/character/_kit/_equipment/_furmasks/tops/tops_002_f_mskm.tex.760230703 (deflate)
Wrote re_chunk_000.pak.patch_050\natives/stm/character/_kit/_equipment/_furmasks/tops/tops_4021_m_mskm.tex.760230703 (deflate)
Wrote re_chunk_000.pak.patch_050\natives/stm/character/_kit/_equipment/_furmasks/facewear/facewear_001_f_mskm.tex.760230703 (deflate)
Wrote re_chunk_000.pak.patch_050\natives/stm/character/_kit/_equipment/_furmasks/helm/helm_281_m_mskm.tex.760230703 (deflate)
Wrote re_chunk_000.pak.patch_050\natives/stm/character/_kit/_equipment/_furmasks/pants/pants_047_f_mskm.tex.760230703 (deflate)
Wrote re_chunk_000.pak.patch_050\natives/stm/character/_kit/_equipment/_furmasks/tops/tops_2000_m_mskm.tex.760230703 (deflate)
Wrote re_chunk_000.pak.patch_050\natives/stm/character/_kit/_equipment/_furmasks/tops/tops_313_m_job09_right_mskm.tex.760230703 (deflate)
Wrote re_chunk_000.pak.patch_050\natives/stm/character/_kit/_equipment/_furmasks/tops/tops_3220_m_mskm.tex.760230703 (deflate)
Wrote re_chunk_000.pak.patch_050\natives/stm/character/_kit/_equipment/_furmasks/helm/helm_278_f_mskm.tex.760230703 (deflate)
Wrote re_chunk_000.pak.patch_050\natives/stm/character/_kit/_equipment/_furmasks/tops/tops_3340_m_mskm.tex.760230703 (deflate)
Wrote re_chunk_000.pak.patch_050\natives/stm/character/_kit/_equipment/_furmasks/tops/tops_4030_m_job07_right_mskm.tex.760230703 (deflate)
Wrote re_chunk_000.pak.patch_050\natives/stm/character/_kit/_equipment/_furmasks/helm/helm_2101_f_mskm.tex.760230703 (deflate)
Wrote re_chunk_000.pak.patch_050\natives/stm/character/_kit/_equipment/_furmasks/pants/pants_3430_f_mskm.tex.760230703 (deflate)
Wrote re_chunk_000.pak.patch_050\natives/stm/character/_kit/_equipment/_furmasks/tops/tops_2324_f_mskm.tex.760230703 (deflate)
Wrote re_chunk_000.pak.patch_050\natives/stm/character/_kit/_equipment/_furmasks/pants/pants_4170_f_mskm.tex.760230703 (deflate)
Wrote re_chunk_000.pak.patch_050\natives/stm/character/_kit/_equipment/_furmasks/pants/pants_218_f_mskm.tex.760230703 (deflate)
Wrote re_chunk_000.pak.patch_050\natives/stm/character/_kit/_equipment/_furmasks/tops/tops_4061_m_mskm.tex.760230703 (deflate)
Wrote re_chunk_000.pak.patch_050\natives/stm/character/_kit/_equipment/_furmasks/tops/tops_212_f_job02_left_mskm.tex.760230703 (deflate)
Wrote re_chunk_000.pak.patch_050\natives/stm/character/_kit/_equipment/_furmasks/helm/helm_057_m_mskm.tex.760230703 (deflate)
Wrote re_chunk_000.pak.patch_050\natives/stm/character/_kit/_equipment/_furmasks/pants/pants_3310_m_mskm.tex.760230703 (deflate)
Wrote re_chunk_000.pak.patch_050\natives/stm/character/_kit/_equipment/_furmasks/tops/tops_2040_f_mskm.tex.760230703 (deflate)
Wrote re_chunk_000.pak.patch_050\natives/stm/character/_kit/_equipment/_furmasks/tops/tops_2386_f_mskm.tex.760230703 (deflate)
Wrote re_chunk_000.pak.patch_050\__MANIFEST/MANIFEST.TXT (deflate)
Wrote re_chunk_000.pak.patch_050\natives/stm/character/_kit/_equipment/_furmasks/helm/helm_207_f_mskm.tex.760230703 (deflate)
Wrote re_chunk_000.pak.patch_050\natives/stm/character/_kit/_equipment/_furmasks/pants/pants_4160_m_mskm.tex.760230703 (deflate)
Wrote re_chunk_000.pak.patch_050\natives/stm/character/_kit/_equipment/_furmasks/pants/pants_2154_f_mskm.tex.760230703 (deflate)
Wrote re_chunk_000.pak.patch_050\natives/stm/character/_kit/_equipment/_furmasks/pants/pants_2343_m_mskm.tex.760230703 (deflate)
Wrote re_chunk_000.pak.patch_050\natives/stm/character/_kit/_equipment/_furmasks/facewear/facewear_006_f_mskm.tex.760230703 (deflate)
Wrote re_chunk_000.pak.patch_050\natives/stm/character/_kit/_equipment/_furmasks/helm/helm_2060_m_mskm.tex.760230703 (deflate)
Wrote re_chunk_000.pak.patch_050\natives/stm/character/_kit/_equipment/_furmasks/tops/tops_207_f_job01_left_mskm.tex.760230703 (deflate)
Wrote re_chunk_000.pak.patch_050\natives/stm/character/_kit/_equipment/_furmasks/pants/pants_9001_m_mskm.tex.760230703 (deflate)
Wrote re_chunk_000.pak.patch_050\natives/stm/character/_kit/_equipment/_furmasks/helm/helm_042_f_mskm.tex.760230703 (deflate)
Wrote re_chunk_000.pak.patch_050\natives/stm/character/_kit/_equipment/_furmasks/tops/tops_3070_m_mskm.tex.760230703 (deflate)
Wrote re_chunk_000.pak.patch_050\natives/stm/character/_kit/_equipment/_furmasks/tops/tops_2124_f_mskm.tex.760230703 (deflate)
Wrote re_chunk_000.pak.patch_050\natives/stm/character/_kit/_equipment/_furmasks/hair/hair_060_mskm.tex.760230703 (deflate)
Wrote re_chunk_000.pak.patch_050\natives/stm/character/_kit/_equipment/_furmasks/tops/tops_2168_f_mskm.tex.760230703 (deflate)
Wrote re_chunk_000.pak.patch_050\natives/stm/character/_kit/_equipment/_furmasks/helm/helm_4020_m_mskm.tex.760230703 (deflate)
Wrote re_chunk_000.pak.patch_050\natives/stm/character/_kit/_equipment/_furmasks/tops/tops_202_m_job02_left_mskm.tex.760230703 (deflate)
Wrote re_chunk_000.pak.patch_050\natives/stm/character/_kit/_equipment/_furmasks/pants/pants_204_m_mskm.tex.760230703 (deflate)
Wrote re_chunk_000.pak.patch_050\natives/stm/character/_kit/_equipment/_furmasks/tops/tops_2091_f_job02_left_mskm.tex.760230703 (deflate)
Wrote re_chunk_000.pak.patch_050\natives/stm/character/_kit/_equipment/_furmasks/pants/pants_042_f_mskm.tex.760230703 (deflate)
Wrote re_chunk_000.pak.patch_050\natives/stm/character/_kit/_equipment/_furmasks/tops/tops_2122_f_mskm.tex.760230703 (deflate)
Wrote re_chunk_000.pak.patch_050\natives/stm/character/_kit/_equipment/_furmasks/pants/pants_045_f_mskm.tex.760230703 (deflate)
Wrote re_chunk_000.pak.patch_050\natives/stm/character/_kit/_equipment/_furmasks/tops/tops_4171_m_mskm.tex.760230703 (deflate)
Wrote re_chunk_000.pak.patch_050\natives/stm/character/_kit/_equipment/_furmasks/helm/helm_248_m_mskm.tex.760230703 (deflate)
Wrote re_chunk_000.pak.patch_050\natives/stm/character/_kit/_equipment/_furmasks/hair/hair_806_mskm.tex.760230703 (deflate)
Wrote re_chunk_000.pak.patch_050\natives/stm/character/_kit/_equipment/_furmasks/tops/tops_4021_f_job07_right_mskm.tex.760230703 (deflate)
Wrote re_chunk_000.pak.patch_050\natives/stm/character/_kit/_equipment/_furmasks/helm/helm_2380_m_mskm.tex.760230703 (deflate)
Wrote re_chunk_000.pak.patch_050\natives/stm/character/_kit/_equipment/_furmasks/pants/pants_4061_m_mskm.tex.760230703 (deflate)
Wrote re_chunk_000.pak.patch_050\natives/stm/character/_kit/_equipment/_furmasks/tops/tops_2076_m_mskm.tex.760230703 (deflate)
Wrote re_chunk_000.pak.patch_050\natives/stm/character/_kit/_equipment/_furmasks/pants/pants_3330_m_mskm.tex.760230703 (deflate)
Wrote re_chunk_000.pak.patch_050\natives/stm/character/_kit/_equipment/_furmasks/facewear/facewear_302_m_mskm.tex.760230703 (deflate)
Wrote re_chunk_000.pak.patch_050\natives/stm/character/_kit/_equipment/_furmasks/pants/pants_282_m_mskm.tex.760230703 (deflate)
Wrote re_chunk_000.pak.patch_050\natives/stm/character/_kit/_equipment/_furmasks/pants/pants_243_f_mskm.tex.760230703 (deflate)
Wrote re_chunk_000.pak.patch_050\natives/stm/character/_kit/_equipment/_furmasks/tops/tops_2261_f_mskm.tex.760230703 (deflate)
Wrote re_chunk_000.pak.patch_050\natives/stm/character/_kit/_equipment/_furmasks/tops/tops_221_m_mskm.tex.760230703 (deflate)
Wrote re_chunk_000.pak.patch_050\natives/stm/character/_kit/_equipment/_furmasks/pants/pants_3240_f_mskm.tex.760230703 (deflate)
Wrote re_chunk_000.pak.patch_050\natives/stm/character/_kit/_equipment/_furmasks/pants/pants_013_m_mskm.tex.760230703 (deflate)
Wrote re_chunk_000.pak.patch_050\natives/stm/character/_kit/_equipment/_furmasks/pants/pants_3140_m_mskm.tex.760230703 (deflate)
Wrote re_chunk_000.pak.patch_050\natives/stm/character/_kit/_equipment/_furmasks/pants/pants_2440_f_mskm.tex.760230703 (deflate)
Wrote re_chunk_000.pak.patch_050\natives/stm/character/_kit/_equipment/_furmasks/tops/tops_2201_f_mskm.tex.760230703 (deflate)
Wrote re_chunk_000.pak.patch_050\natives/stm/character/_kit/_equipment/_furmasks/pants/pants_4090_f_mskm.tex.760230703 (deflate)
Wrote re_chunk_000.pak.patch_050\natives/stm/character/_kit/_equipment/_furmasks/tops/tops_9999_m_job02_left_mskm.tex.760230703 (deflate)
Wrote re_chunk_000.pak.patch_050\natives/stm/character/_kit/_equipment/_furmasks/tops/tops_274_m_job01_left_mskm.tex.760230703 (deflate)
Wrote re_chunk_000.pak.patch_050\natives/stm/character/_kit/_equipment/_furmasks/tops/tops_3150_f_mskm.tex.760230703 (deflate)
Wrote re_chunk_000.pak.patch_050\natives/stm/character/_kit/_equipment/_furmasks/pants/pants_286_m_mskm.tex.760230703 (deflate)
Wrote re_chunk_000.pak.patch_050\natives/stm/character/_kit/_equipment/_furmasks/pants/pants_287_f_mskm.tex.760230703 (deflate)
Wrote re_chunk_000.pak.patch_050\natives/stm/character/_kit/_equipment/_furmasks/tops/tops_2028_f_job02_left_mskm.tex.760230703 (deflate)
Wrote re_chunk_000.pak.patch_050\natives/stm/character/_kit/_equipment/_furmasks/helm/helm_207_m_mskm.tex.760230703 (deflate)
Wrote re_chunk_000.pak.patch_050\natives/stm/character/_kit/_equipment/_furmasks/helm/helm_2080_f_mskm.tex.760230703 (deflate)
Wrote re_chunk_000.pak.patch_050\natives/stm/character/_kit/_equipment/_furmasks/pants/pants_015_m_mskm.tex.760230703 (deflate)
Wrote re_chunk_000.pak.patch_050\natives/stm/character/_kit/_equipment/_furmasks/tops/tops_2204_f_mskm.tex.760230703 (deflate)
Wrote re_chunk_000.pak.patch_050\natives/stm/character/_kit/_equipment/_furmasks/pants/pants_252_m_mskm.tex.760230703 (deflate)
Wrote re_chunk_000.pak.patch_050\natives/stm/character/_kit/_equipment/_furmasks/pants/pants_261_f_mskm.tex.760230703 (deflate)
Wrote re_chunk_000.pak.patch_050\natives/stm/character/_kit/_equipment/_furmasks/underwear/underwear_001_f_upper_mskm.tex.760230703 (deflate)
Wrote re_chunk_000.pak.patch_050\natives/stm/character/_kit/_equipment/_furmasks/hair/hair_002_mskm.tex.760230703 (deflate)
Wrote re_chunk_000.pak.patch_050\natives/stm/character/_kit/_equipment/_furmasks/tops/tops_281_m_mskm.tex.760230703 (deflate)
Wrote re_chunk_000.pak.patch_050\natives/stm/character/_kit/_equipment/_furmasks/tops/tops_4031_m_mskm.tex.760230703 (deflate)
Wrote re_chunk_000.pak.patch_050\natives/stm/character/_kit/_equipment/_furmasks/tops/tops_267_f_mskm.tex.760230703 (deflate)
Wrote re_chunk_000.pak.patch_050\natives/stm/character/_kit/_equipment/_furmasks/tops/tops_2387_f_mskm.tex.760230703 (deflate)
Wrote re_chunk_000.pak.patch_050\natives/stm/character/_kit/_equipment/_furmasks/helm/helm_3030_m_mskm.tex.760230703 (deflate)
Wrote re_chunk_000.pak.patch_050\natives/stm/character/_kit/_equipment/_furmasks/pants/pants_225_f_mskm.tex.760230703 (deflate)
Wrote re_chunk_000.pak.patch_050\natives/stm/character/_kit/_equipment/_furmasks/helm/helm_030_f_mskm.tex.760230703 (deflate)
Wrote re_chunk_000.pak.patch_050\natives/stm/character/_kit/_equipment/_furmasks/hair/hair_008_mskm.tex.760230703 (deflate)
Wrote re_chunk_000.pak.patch_050\natives/stm/character/_kit/_equipment/_furmasks/tops/tops_003_f_mskm.tex.760230703 (deflate)
Wrote re_chunk_000.pak.patch_050\natives/stm/character/_kit/_equipment/_furmasks/helm/helm_201_f_mskm.tex.760230703 (deflate)
Wrote re_chunk_000.pak.patch_050\natives/stm/character/_kit/_equipment/_furmasks/helm/helm_056_f_mskm.tex.760230703 (deflate)
Wrote re_chunk_000.pak.patch_050\natives/stm/character/_kit/_equipment/_furmasks/tops/tops_023_f_mskm.tex.760230703 (deflate)
Wrote re_chunk_000.pak.patch_050\natives/stm/character/_kit/_equipment/_furmasks/tops/tops_2142_m_mskm.tex.760230703 (deflate)
Wrote re_chunk_000.pak.patch_050\natives/stm/character/_kit/_equipment/_furmasks/tops/tops_005_m_mskm.tex.760230703 (deflate)
Wrote re_chunk_000.pak.patch_050\natives/stm/character/_kit/_equipment/_furmasks/tops/tops_272_m_mskm.tex.760230703 (deflate)
Wrote re_chunk_000.pak.patch_050\natives/stm/character/_kit/_equipment/_furmasks/tops/tops_2073_f_job02_left_mskm.tex.760230703 (deflate)
Wrote re_chunk_000.pak.patch_050\natives/stm/character/_kit/_equipment/_furmasks/tops/tops_4132_m_job02_left_mskm.tex.760230703 (deflate)
Wrote re_chunk_000.pak.patch_050\natives/stm/character/_kit/_equipment/_furmasks/hair/hair_805_mskm.tex.760230703 (deflate)
Wrote re_chunk_000.pak.patch_050\natives/stm/character/_kit/_equipment/_furmasks/pants/pants_203_m_mskm.tex.760230703 (deflate)
Wrote re_chunk_000.pak.patch_050\natives/stm/character/_kit/_equipment/_furmasks/pants/pants_259_f_mskm.tex.760230703 (deflate)
Wrote re_chunk_000.pak.patch_050\natives/stm/character/_kit/_equipment/_furmasks/helm/helm_257_m_mskm.tex.760230703 (deflate)
Wrote re_chunk_000.pak.patch_050\natives/stm/character/_kit/_equipment/_furmasks/tops/tops_4181_m_mskm.tex.760230703 (deflate)
Wrote re_chunk_000.pak.patch_050\natives/stm/character/_kit/_equipment/_furmasks/tops/tops_4020_f_mskm.tex.760230703 (deflate)
Wrote re_chunk_000.pak.patch_050\natives/stm/character/_kit/_equipment/_furmasks/pants/pants_039_f_mskm.tex.760230703 (deflate)
Wrote re_chunk_000.pak.patch_050\natives/stm/character/_kit/_equipment/_furmasks/pants/pants_274_f_mskm.tex.760230703 (deflate)
Wrote re_chunk_000.pak.patch_050\natives/stm/character/_kit/_equipment/_furmasks/helm/helm_4060_f_mskm.tex.760230703 (deflate)
Wrote re_chunk_000.pak.patch_050\natives/stm/character/_kit/_equipment/_furmasks/pants/pants_3410_f_mskm.tex.760230703 (deflate)
Wrote re_chunk_000.pak.patch_050\natives/stm/character/_kit/_equipment/_furmasks/pants/pants_2303_f_mskm.tex.760230703 (deflate)
Wrote re_chunk_000.pak.patch_050\natives/stm/character/_kit/_equipment/_furmasks/tops/tops_007_m_job02_left_mskm.tex.760230703 (deflate)
Wrote re_chunk_000.pak.patch_050\natives/stm/character/_kit/_equipment/_furmasks/tops/tops_049_m_mskm.tex.760230703 (deflate)
Wrote re_chunk_000.pak.patch_050\natives/stm/character/_kit/_equipment/_furmasks/pants/pants_261_m_mskm.tex.760230703 (deflate)
Wrote re_chunk_000.pak.patch_050\natives/stm/character/_kit/_equipment/_furmasks/helm/helm_280_m_mskm.tex.760230703 (deflate)
Wrote re_chunk_000.pak.patch_050\natives/stm/character/_kit/_equipment/_furmasks/pants/pants_004_f_mskm.tex.760230703 (deflate)
Wrote re_chunk_000.pak.patch_050\natives/stm/character/_kit/_equipment/_furmasks/tops/tops_9999_m_mskm.tex.760230703 (deflate)
Wrote re_chunk_000.pak.patch_050\natives/stm/character/_kit/_equipment/_furmasks/pants/pants_255_m_mskm.tex.760230703 (deflate)
Wrote re_chunk_000.pak.patch_050\natives/stm/character/_kit/_equipment/_furmasks/tops/tops_4021_m_job01_left_mskm.tex.760230703 (deflate)
Wrote re_chunk_000.pak.patch_050\natives/stm/character/_kit/_equipment/_furmasks/pants/pants_253_m_mskm.tex.760230703 (deflate)
Wrote re_chunk_000.pak.patch_050\natives/stm/character/_kit/_equipment/_furmasks/tops/tops_2461_m_mskm.tex.760230703 (deflate)
Wrote re_chunk_000.pak.patch_050\natives/stm/character/_kit/_equipment/_furmasks/tops/tops_3400_f_mskm.tex.760230703 (deflate)
Wrote re_chunk_000.pak.patch_050\natives/stm/character/_kit/_equipment/_furmasks/helm/helm_4110_m_mskm.tex.760230703 (deflate)
Wrote re_chunk_000.pak.patch_050\natives/stm/character/_kit/_equipment/_furmasks/pants/pants_041_f_mskm.tex.760230703 (deflate)
Wrote re_chunk_000.pak.patch_050\natives/stm/character/_kit/_equipment/_furmasks/tops/tops_9999_f_mskm.tex.760230703 (deflate)
Wrote re_chunk_000.pak.patch_050\natives/stm/character/_kit/_equipment/_furmasks/tops/tops_279_m_mskm.tex.760230703 (deflate)
Wrote re_chunk_000.pak.patch_050\natives/stm/character/_kit/_equipment/_furmasks/pants/pants_255_f_mskm.tex.760230703 (deflate)
Wrote re_chunk_000.pak.patch_050\natives/stm/character/_kit/_equipment/_furmasks/helm/helm_051_m_mskm.tex.760230703 (deflate)
Wrote re_chunk_000.pak.patch_050\natives/stm/character/_kit/_equipment/_furmasks/helm/helm_021_f_mskm.tex.760230703 (deflate)
Wrote re_chunk_000.pak.patch_050\natives/stm/character/_kit/_equipment/_furmasks/pants/pants_287_m_mskm.tex.760230703 (deflate)
Wrote re_chunk_000.pak.patch_050\natives/stm/character/_kit/_equipment/_furmasks/pants/pants_4020_m_mskm.tex.760230703 (deflate)
Wrote re_chunk_000.pak.patch_050\natives/stm/character/_kit/_equipment/_furmasks/tops/tops_200_f_mskm.tex.760230703 (deflate)
Wrote re_chunk_000.pak.patch_050\natives/stm/character/_kit/_equipment/_furmasks/tops/tops_281_f_job02_left_mskm.tex.760230703 (deflate)
Wrote re_chunk_000.pak.patch_050\natives/stm/character/_kit/_equipment/_furmasks/tops/tops_038_m_job02_left_mskm.tex.760230703 (deflate)
Wrote re_chunk_000.pak.patch_050\natives/stm/character/_kit/_equipment/_furmasks/tops/tops_4010_m_mskm.tex.760230703 (deflate)
Wrote re_chunk_000.pak.patch_050\natives/stm/character/_kit/_equipment/_furmasks/tops/tops_207_f_mskm.tex.760230703 (deflate)
Wrote re_chunk_000.pak.patch_050\natives/stm/character/_kit/_equipment/_furmasks/tops/tops_2387_m_mskm.tex.760230703 (deflate)
Wrote re_chunk_000.pak.patch_050\natives/stm/character/_kit/_equipment/_furmasks/tops/tops_313_f_job01_left_mskm.tex.760230703 (deflate)
Wrote re_chunk_000.pak.patch_050\natives/stm/character/_kit/_equipment/_furmasks/tops/tops_2066_m_mskm.tex.760230703 (deflate)
Wrote re_chunk_000.pak.patch_050\natives/stm/character/_kit/_equipment/_furmasks/tops/tops_2025_m_mskm.tex.760230703 (deflate)
Wrote re_chunk_000.pak.patch_050\natives/stm/character/_kit/_equipment/_furmasks/helm/helm_011_m_mskm.tex.760230703 (deflate)
Wrote re_chunk_000.pak.patch_050\natives/stm/character/_kit/_equipment/_furmasks/tops/tops_2202_f_mskm.tex.760230703 (deflate)
Wrote re_chunk_000.pak.patch_050\natives/stm/character/_kit/_equipment/_furmasks/pants/pants_2344_f_mskm.tex.760230703 (deflate)
Wrote re_chunk_000.pak.patch_050\natives/stm/character/_kit/_equipment/_furmasks/tops/tops_3310_m_job02_left_mskm.tex.760230703 (deflate)
Wrote re_chunk_000.pak.patch_050\natives/stm/character/_kit/_equipment/_furmasks/pants/pants_4040_m_mskm.tex.760230703 (deflate)
Wrote re_chunk_000.pak.patch_050\natives/stm/character/_kit/_equipment/_furmasks/tops/tops_3330_m_mskm.tex.760230703 (deflate)
Wrote re_chunk_000.pak.patch_050\natives/stm/character/_kit/_equipment/_furmasks/tops/tops_3300_f_mskm.tex.760230703 (deflate)
Wrote re_chunk_000.pak.patch_050\natives/stm/character/_kit/_equipment/_furmasks/tops/tops_4111_m_mskm.tex.760230703 (deflate)
Wrote re_chunk_000.pak.patch_050\natives/stm/character/_kit/_equipment/_furmasks/hair/hair_051_mskm.tex.760230703 (deflate)
Wrote re_chunk_000.pak.patch_050\natives/stm/character/_kit/_equipment/_furmasks/pants/pants_038_f_mskm.tex.760230703 (deflate)
Wrote re_chunk_000.pak.patch_050\natives/stm/character/_kit/_equipment/_furmasks/facewear/facewear_301_m_mskm.tex.760230703 (deflate)
Wrote re_chunk_000.pak.patch_050\natives/stm/character/_kit/_equipment/_furmasks/pants/pants_2327_f_mskm.tex.760230703 (deflate)
Wrote re_chunk_000.pak.patch_050\natives/stm/character/_kit/_equipment/_furmasks/tops/tops_2076_f_mskm.tex.760230703 (deflate)
Wrote re_chunk_000.pak.patch_050\natives/stm/character/_kit/_equipment/_furmasks/pants/pants_201_f_mskm.tex.760230703 (deflate)
Wrote re_chunk_000.pak.patch_050\natives/stm/character/_kit/_equipment/_furmasks/facewear/facewear_304_m_mskm.tex.760230703 (deflate)
Wrote re_chunk_000.pak.patch_050\natives/stm/character/_kit/_equipment/_furmasks/pants/pants_4082_f_mskm.tex.760230703 (deflate)
Wrote re_chunk_000.pak.patch_050\natives/stm/character/_kit/_equipment/_furmasks/tops/tops_3170_m_mskm.tex.760230703 (deflate)
Wrote re_chunk_000.pak.patch_050\natives/stm/character/_kit/_equipment/_furmasks/pants/pants_2301_f_mskm.tex.760230703 (deflate)
Wrote re_chunk_000.pak.patch_050\natives/stm/character/_kit/_equipment/_furmasks/tops/tops_247_f_mskm.tex.760230703 (deflate)
Wrote re_chunk_000.pak.patch_050\natives/stm/character/_kit/_equipment/_furmasks/tops/tops_225_m_job02_left_mskm.tex.760230703 (deflate)
Wrote re_chunk_000.pak.patch_050\natives/stm/character/_kit/_equipment/_furmasks/tops/tops_035_m_mskm.tex.760230703 (deflate)
Wrote re_chunk_000.pak.patch_050\natives/stm/character/_kit/_equipment/_furmasks/tops/tops_314_m_mskm.tex.760230703 (deflate)
Wrote re_chunk_000.pak.patch_050\natives/stm/character/_kit/_equipment/_furmasks/tops/tops_2163_m_mskm.tex.760230703 (deflate)
Wrote re_chunk_000.pak.patch_050\natives/stm/character/_kit/_equipment/_furmasks/helm/helm_274_m_mskm.tex.760230703 (deflate)
Wrote re_chunk_000.pak.patch_050\natives/stm/character/_kit/_equipment/_furmasks/pants/pants_278_m_mskm.tex.760230703 (deflate)
Wrote re_chunk_000.pak.patch_050\natives/stm/character/_kit/_equipment/_furmasks/pants/pants_228_f_mskm.tex.760230703 (deflate)
Wrote re_chunk_000.pak.patch_050\natives/stm/character/_kit/_equipment/_furmasks/helm/helm_2123_f_mskm.tex.760230703 (deflate)
Wrote re_chunk_000.pak.patch_050\natives/stm/character/_kit/_equipment/_furmasks/pants/pants_4110_m_mskm.tex.760230703 (deflate)
Wrote re_chunk_000.pak.patch_050\natives/stm/character/_kit/_equipment/_furmasks/helm/helm_2040_m_mskm.tex.760230703 (deflate)
Wrote re_chunk_000.pak.patch_050\natives/stm/character/_kit/_equipment/_furmasks/helm/helm_2020_f_mskm.tex.760230703 (deflate)
Wrote re_chunk_000.pak.patch_050\natives/stm/character/_kit/_equipment/_furmasks/tops/tops_264_m_job08_left_mskm.tex.760230703 (deflate)
Wrote re_chunk_000.pak.patch_050\natives/stm/character/_kit/_equipment/_furmasks/tops/tops_4030_m_job02_left_mskm.tex.760230703 (deflate)
Wrote re_chunk_000.pak.patch_050\natives/stm/character/_kit/_equipment/_furmasks/helm/helm_265_m_mskm.tex.760230703 (deflate)
Wrote re_chunk_000.pak.patch_050\natives/stm/character/_kit/_equipment/_furmasks/pants/pants_241_f_mskm.tex.760230703 (deflate)
Wrote re_chunk_000.pak.patch_050\natives/stm/character/_kit/_equipment/_furmasks/tops/tops_3120_m_job02_left_mskm.tex.760230703 (deflate)
Wrote re_chunk_000.pak.patch_050\natives/stm/character/_kit/_equipment/_furmasks/helm/helm_302_m_mskm.tex.760230703 (deflate)
Wrote re_chunk_000.pak.patch_050\natives/stm/character/_kit/_equipment/_furmasks/tops/tops_2423_m_mskm.tex.760230703 (deflate)
Wrote re_chunk_000.pak.patch_050\natives/stm/character/_kit/_equipment/_furmasks/hair/hair_017_mskm.tex.760230703 (deflate)
Wrote re_chunk_000.pak.patch_050\natives/stm/character/_kit/_equipment/_furmasks/helm/helm_265_f_mskm.tex.760230703 (deflate)
Wrote re_chunk_000.pak.patch_050\natives/stm/character/_kit/_equipment/_furmasks/pants/pants_2153_m_mskm.tex.760230703 (deflate)
Wrote re_chunk_000.pak.patch_050\natives/stm/character/_kit/_equipment/_furmasks/tops/tops_4011_f_job08_left_mskm.tex.760230703 (deflate)
Wrote re_chunk_000.pak.patch_050\natives/stm/character/_kit/_equipment/_furmasks/tops/tops_2090_f_job08_left_mskm.tex.760230703 (deflate)
Wrote re_chunk_000.pak.patch_050\natives/stm/character/_kit/_equipment/_furmasks/pants/pants_258_m_mskm.tex.760230703 (deflate)
Wrote re_chunk_000.pak.patch_050\natives/stm/character/_kit/_equipment/_furmasks/pants/pants_283_m_mskm.tex.760230703 (deflate)
Wrote re_chunk_000.pak.patch_050\natives/stm/character/_kit/_equipment/_furmasks/pants/pants_2143_m_mskm.tex.760230703 (deflate)
Wrote re_chunk_000.pak.patch_050\natives/stm/character/_kit/_equipment/_furmasks/helm/helm_2380_f_mskm.tex.760230703 (deflate)
Wrote re_chunk_000.pak.patch_050\natives/stm/character/_kit/_equipment/_furmasks/pants/pants_2344_m_mskm.tex.760230703 (deflate)
Wrote re_chunk_000.pak.patch_050\natives/stm/character/_kit/_equipment/_furmasks/tops/tops_008_f_mskm.tex.760230703 (deflate)
Wrote re_chunk_000.pak.patch_050\natives/stm/character/_kit/_equipment/_furmasks/pants/pants_005_m_mskm.tex.760230703 (deflate)
Wrote re_chunk_000.pak.patch_050\natives/stm/character/_kit/_equipment/_furmasks/tops/tops_255_m_job08_left_mskm.tex.760230703 (deflate)
Wrote re_chunk_000.pak.patch_050\natives/stm/character/_kit/_equipment/_furmasks/helm/helm_276_f_mskm.tex.760230703 (deflate)
Wrote re_chunk_000.pak.patch_050\natives/stm/character/_kit/_equipment/_furmasks/helm/helm_277_m_mskm.tex.760230703 (deflate)
Wrote re_chunk_000.pak.patch_050\natives/stm/character/_kit/_equipment/_furmasks/pants/pants_2341_f_mskm.tex.760230703 (deflate)
Wrote re_chunk_000.pak.patch_050\natives/stm/character/_kit/_equipment/_furmasks/tops/tops_2005_m_mskm.tex.760230703 (deflate)
Wrote re_chunk_000.pak.patch_050\natives/stm/character/_kit/_equipment/_furmasks/pants/pants_4081_m_mskm.tex.760230703 (deflate)
Wrote re_chunk_000.pak.patch_050\natives/stm/character/_kit/_equipment/_furmasks/tops/tops_2341_m_mskm.tex.760230703 (deflate)
Wrote re_chunk_000.pak.patch_050\natives/stm/character/_kit/_equipment/_furmasks/pants/pants_012_f_mskm.tex.760230703 (deflate)
Wrote re_chunk_000.pak.patch_050\natives/stm/character/_kit/_equipment/_furmasks/pants/pants_2200_f_mskm.tex.760230703 (deflate)
Wrote re_chunk_000.pak.patch_050\natives/stm/character/_kit/_equipment/_furmasks/hair/hair_040_mskm.tex.760230703 (deflate)
Wrote re_chunk_000.pak.patch_050\natives/stm/character/_kit/_equipment/_furmasks/tops/tops_4132_f_job08_left_mskm.tex.760230703 (deflate)
Wrote re_chunk_000.pak.patch_050\natives/stm/character/_kit/_equipment/_furmasks/tops/tops_4010_f_job07_right_mskm.tex.760230703 (deflate)
Wrote re_chunk_000.pak.patch_050\natives/stm/character/_kit/_equipment/_furmasks/tops/tops_225_m_job07_right_mskm.tex.760230703 (deflate)
Wrote re_chunk_000.pak.patch_050\natives/stm/character/_kit/_equipment/_furmasks/pants/pants_4160_f_mskm.tex.760230703 (deflate)
Wrote re_chunk_000.pak.patch_050\natives/stm/character/_kit/_equipment/_furmasks/tops/tops_4030_m_mskm.tex.760230703 (deflate)
Wrote re_chunk_000.pak.patch_050\natives/stm/character/_kit/_equipment/_furmasks/tops/tops_2027_f_mskm.tex.760230703 (deflate)
Wrote re_chunk_000.pak.patch_050\natives/stm/character/_kit/_equipment/_furmasks/pants/pants_006_f_mskm.tex.760230703 (deflate)
Wrote re_chunk_000.pak.patch_050\natives/stm/character/_kit/_equipment/_furmasks/tops/tops_2028_m_job08_left_mskm.tex.760230703 (deflate)
Wrote re_chunk_000.pak.patch_050\natives/stm/character/_kit/_equipment/_furmasks/tops/tops_2025_f_mskm.tex.760230703 (deflate)
Wrote re_chunk_000.pak.patch_050\natives/stm/character/_kit/_equipment/_furmasks/tops/tops_2300_f_mskm.tex.760230703 (deflate)
Wrote re_chunk_000.pak.patch_050\natives/stm/character/_kit/_equipment/_furmasks/pants/pants_2345_f_mskm.tex.760230703 (deflate)
Wrote re_chunk_000.pak.patch_050\natives/stm/character/_kit/_equipment/_furmasks/tops/tops_4030_f_job08_left_mskm.tex.760230703 (deflate)
Wrote re_chunk_000.pak.patch_050\natives/stm/character/_kit/_equipment/_furmasks/hair/hair_001_mskm.tex.760230703 (deflate)
Wrote re_chunk_000.pak.patch_050\natives/stm/character/_kit/_equipment/_furmasks/helm/helm_2143_m_mskm.tex.760230703 (deflate)
Wrote re_chunk_000.pak.patch_050\natives/stm/character/_kit/_equipment/_furmasks/pants/pants_4020_f_mskm.tex.760230703 (deflate)
Wrote re_chunk_000.pak.patch_050\natives/stm/character/_kit/_equipment/_furmasks/tops/tops_272_f_mskm.tex.760230703 (deflate)
Wrote re_chunk_000.pak.patch_050\natives/stm/character/_kit/_equipment/_furmasks/helm/helm_2300_m_mskm.tex.760230703 (deflate)
Wrote re_chunk_000.pak.patch_050\natives/stm/character/_kit/_equipment/_furmasks/pants/pants_2161_m_mskm.tex.760230703 (deflate)
Wrote re_chunk_000.pak.patch_050\natives/stm/character/_kit/_equipment/_furmasks/helm/helm_057_f_mskm.tex.760230703 (deflate)
Wrote re_chunk_000.pak.patch_050\natives/stm/character/_kit/_equipment/_furmasks/tops/tops_277_m_job02_left_mskm.tex.760230703 (deflate)
Wrote re_chunk_000.pak.patch_050\natives/stm/character/_kit/_equipment/_furmasks/tops/tops_211_m_mskm.tex.760230703 (deflate)
Wrote re_chunk_000.pak.patch_050\natives/stm/character/_kit/_equipment/_furmasks/helm/helm_255_f_mskm.tex.760230703 (deflate)
Wrote re_chunk_000.pak.patch_050\natives/stm/character/_kit/_equipment/_furmasks/tops/tops_201_f_job08_left_mskm.tex.760230703 (deflate)
Wrote re_chunk_000.pak.patch_050\natives/stm/character/_kit/_equipment/_furmasks/pants/pants_266_m_mskm.tex.760230703 (deflate)
Wrote re_chunk_000.pak.patch_050\natives/stm/character/_kit/_equipment/_furmasks/pants/pants_4010_f_mskm.tex.760230703 (deflate)
Wrote re_chunk_000.pak.patch_050\natives/stm/character/_kit/_equipment/_furmasks/pants/pants_238_m_mskm.tex.760230703 (deflate)
Wrote re_chunk_000.pak.patch_050\natives/stm/character/_kit/_equipment/_furmasks/tops/tops_291_f_job02_left_mskm.tex.760230703 (deflate)
Wrote re_chunk_000.pak.patch_050\natives/stm/character/_kit/_equipment/_furmasks/tops/tops_306_f_mskm.tex.760230703 (deflate)
Wrote re_chunk_000.pak.patch_050\natives/stm/character/_kit/_equipment/_furmasks/tops/tops_006_m_mskm.tex.760230703 (deflate)
Wrote re_chunk_000.pak.patch_050\natives/stm/character/_kit/_equipment/_furmasks/tops/tops_2068_m_mskm.tex.760230703 (deflate)
Wrote re_chunk_000.pak.patch_050\natives/stm/character/_kit/_equipment/_furmasks/pants/pants_4060_m_mskm.tex.760230703 (deflate)
Wrote re_chunk_000.pak.patch_050\natives/stm/character/_kit/_equipment/_furmasks/tops/tops_4030_m_job01_left_mskm.tex.760230703 (deflate)
Wrote re_chunk_000.pak.patch_050\natives/stm/character/_kit/_equipment/_furmasks/pants/pants_267_f_mskm.tex.760230703 (deflate)
Wrote re_chunk_000.pak.patch_050\natives/stm/character/_kit/_equipment/_furmasks/helm/helm_023_f_mskm.tex.760230703 (deflate)
Wrote re_chunk_000.pak.patch_050\natives/stm/character/_kit/_equipment/_furmasks/tops/tops_274_f_job01_left_mskm.tex.760230703 (deflate)
Wrote re_chunk_000.pak.patch_050\natives/stm/character/_kit/_equipment/_furmasks/tops/tops_281_m_job01_left_mskm.tex.760230703 (deflate)
Wrote re_chunk_000.pak.patch_050\natives/stm/character/_kit/_equipment/_furmasks/pants/pants_4180_f_mskm.tex.760230703 (deflate)
Wrote re_chunk_000.pak.patch_050\natives/stm/character/_kit/_equipment/_furmasks/helm/helm_2081_m_mskm.tex.760230703 (deflate)
Wrote re_chunk_000.pak.patch_050\natives/stm/character/_kit/_equipment/_furmasks/pants/pants_037_m_mskm.tex.760230703 (deflate)
Wrote re_chunk_000.pak.patch_050\natives/stm/character/_kit/_equipment/_furmasks/helm/helm_041_f_mskm.tex.760230703 (deflate)
Wrote re_chunk_000.pak.patch_050\natives/stm/character/_kit/_equipment/_furmasks/tops/tops_4010_m_job01_left_mskm.tex.760230703 (deflate)
Wrote re_chunk_000.pak.patch_050\natives/stm/character/_kit/_equipment/_furmasks/pants/pants_240_f_mskm.tex.760230703 (deflate)
Wrote re_chunk_000.pak.patch_050\natives/stm/character/_kit/_equipment/_furmasks/tops/tops_221_f_job02_left_mskm.tex.760230703 (deflate)
Wrote re_chunk_000.pak.patch_050\natives/stm/character/_kit/_equipment/_furmasks/pants/pants_3100_m_mskm.tex.760230703 (deflate)
Wrote re_chunk_000.pak.patch_050\natives/stm/character/_kit/_equipment/_furmasks/pants/pants_4140_m_mskm.tex.760230703 (deflate)
Wrote re_chunk_000.pak.patch_050\natives/stm/character/_kit/_equipment/_furmasks/helm/helm_280_f_mskm.tex.760230703 (deflate)
Wrote re_chunk_000.pak.patch_050\natives/stm/character/_kit/_equipment/_furmasks/pants/pants_205_f_mskm.tex.760230703 (deflate)
Wrote re_chunk_000.pak.patch_050\natives/stm/character/_kit/_equipment/_furmasks/pants/pants_223_m_mskm.tex.760230703 (deflate)
Wrote re_chunk_000.pak.patch_050\natives/stm/character/_kit/_equipment/_furmasks/tops/tops_2027_m_job08_left_mskm.tex.760230703 (deflate)
Wrote re_chunk_000.pak.patch_050\natives/stm/character/_kit/_equipment/_furmasks/pants/pants_269_f_mskm.tex.760230703 (deflate)
Wrote re_chunk_000.pak.patch_050\natives/stm/character/_kit/_equipment/_furmasks/tops/tops_4001_m_job02_left_mskm.tex.760230703 (deflate)
Wrote re_chunk_000.pak.patch_050\natives/stm/character/_kit/_equipment/_furmasks/facewear/facewear_003_m_mskm.tex.760230703 (deflate)
Wrote re_chunk_000.pak.patch_050\natives/stm/character/_kit/_equipment/_furmasks/pants/pants_038_m_mskm.tex.760230703 (deflate)
Wrote re_chunk_000.pak.patch_050\natives/stm/character/_kit/_equipment/_furmasks/tops/tops_4130_m_job02_left_mskm.tex.760230703 (deflate)
Wrote re_chunk_000.pak.patch_050\natives/stm/character/_kit/_equipment/_furmasks/pants/pants_232_m_mskm.tex.760230703 (deflate)
Wrote re_chunk_000.pak.patch_050\natives/stm/character/_kit/_equipment/_furmasks/pants/pants_4100_f_mskm.tex.760230703 (deflate)
Wrote re_chunk_000.pak.patch_050\natives/stm/character/_kit/_equipment/_furmasks/tops/tops_222_f_mskm.tex.760230703 (deflate)
Wrote re_chunk_000.pak.patch_050\natives/stm/character/_kit/_equipment/_furmasks/pants/pants_251_m_mskm.tex.760230703 (deflate)
Wrote re_chunk_000.pak.patch_050\natives/stm/character/_kit/_equipment/_furmasks/tops/tops_001_f_job02_left_mskm.tex.760230703 (deflate)
Wrote re_chunk_000.pak.patch_050\natives/stm/character/_kit/_equipment/_furmasks/helm/helm_029_m_mskm.tex.760230703 (deflate)
Wrote re_chunk_000.pak.patch_050\natives/stm/character/_kit/_equipment/_furmasks/helm/helm_2260_m_mskm.tex.760230703 (deflate)
Wrote re_chunk_000.pak.patch_050\natives/stm/character/_kit/_equipment/_furmasks/pants/pants_229_f_mskm.tex.760230703 (deflate)
Wrote re_chunk_000.pak.patch_050\natives/stm/character/_kit/_equipment/_furmasks/tops/tops_2127_f_mskm.tex.760230703 (deflate)
Wrote re_chunk_000.pak.patch_050\natives/stm/character/_kit/_equipment/_furmasks/pants/pants_3040_f_mskm.tex.760230703 (deflate)
Wrote re_chunk_000.pak.patch_050\natives/stm/character/_kit/_equipment/_furmasks/helm/helm_211_m_mskm.tex.760230703 (deflate)
Wrote re_chunk_000.pak.patch_050\natives/stm/character/_kit/_equipment/_furmasks/helm/helm_212_m_mskm.tex.760230703 (deflate)
Wrote re_chunk_000.pak.patch_050\natives/stm/character/_kit/_equipment/_furmasks/tops/tops_2151_m_mskm.tex.760230703 (deflate)
Wrote re_chunk_000.pak.patch_050\natives/stm/character/_kit/_equipment/_furmasks/tops/tops_041_f_mskm.tex.760230703 (deflate)
Wrote re_chunk_000.pak.patch_050\natives/stm/character/_kit/_equipment/_furmasks/helm/helm_2421_m_mskm.tex.760230703 (deflate)
Wrote re_chunk_000.pak.patch_050\natives/stm/character/_kit/_equipment/_furmasks/pants/pants_206_f_mskm.tex.760230703 (deflate)
Wrote re_chunk_000.pak.patch_050\natives/stm/character/_kit/_equipment/_furmasks/facewear/facewear_302_f_mskm.tex.760230703 (deflate)
Wrote re_chunk_000.pak.patch_050\natives/stm/character/_kit/_equipment/_furmasks/tops/tops_9999_m_job01_left_mskm.tex.760230703 (deflate)
Wrote re_chunk_000.pak.patch_050\natives/stm/character/_kit/_equipment/_furmasks/helm/helm_030_m_mskm.tex.760230703 (deflate)
Wrote re_chunk_000.pak.patch_050\natives/stm/character/_kit/_equipment/_furmasks/helm/helm_2120_f_mskm.tex.760230703 (deflate)
Wrote re_chunk_000.pak.patch_050\natives/stm/character/_kit/_equipment/_furmasks/tops/tops_255_m_job02_left_mskm.tex.760230703 (deflate)
Wrote re_chunk_000.pak.patch_050\natives/stm/character/_kit/_equipment/_furmasks/tops/tops_2348_m_mskm.tex.760230703 (deflate)
Wrote re_chunk_000.pak.patch_050\natives/stm/character/_kit/_equipment/_furmasks/tops/tops_4132_m_mskm.tex.760230703 (deflate)
Wrote re_chunk_000.pak.patch_050\natives/stm/character/_kit/_equipment/_furmasks/tops/tops_2157_f_mskm.tex.760230703 (deflate)
Wrote re_chunk_000.pak.patch_050\natives/stm/character/_kit/_equipment/_furmasks/pants/pants_2383_f_mskm.tex.760230703 (deflate)
Wrote re_chunk_000.pak.patch_050\natives/stm/character/_kit/_equipment/_furmasks/tops/tops_2029_m_job08_left_mskm.tex.760230703 (deflate)
Wrote re_chunk_000.pak.patch_050\natives/stm/character/_kit/_equipment/_furmasks/pants/pants_234_m_mskm.tex.760230703 (deflate)
Wrote re_chunk_000.pak.patch_050\natives/stm/character/_kit/_equipment/_furmasks/pants/pants_217_m_mskm.tex.760230703 (deflate)
Wrote re_chunk_000.pak.patch_050\natives/stm/character/_kit/_equipment/_furmasks/helm/helm_046_m_mskm.tex.760230703 (deflate)
Wrote re_chunk_000.pak.patch_050\natives/stm/character/_kit/_equipment/_furmasks/tops/tops_4060_m_mskm.tex.760230703 (deflate)
Wrote re_chunk_000.pak.patch_050\natives/stm/character/_kit/_equipment/_furmasks/pants/pants_280_f_mskm.tex.760230703 (deflate)
Wrote re_chunk_000.pak.patch_050\natives/stm/character/_kit/_equipment/_furmasks/pants/pants_2300_f_mskm.tex.760230703 (deflate)
Wrote re_chunk_000.pak.patch_050\natives/stm/character/_kit/_equipment/_furmasks/tops/tops_9001_f_mskm.tex.760230703 (deflate)
Wrote re_chunk_000.pak.patch_050\natives/stm/character/_kit/_equipment/_furmasks/pants/pants_244_m_mskm.tex.760230703 (deflate)
Wrote re_chunk_000.pak.patch_050\natives/stm/character/_kit/_equipment/_furmasks/helm/helm_266_f_mskm.tex.760230703 (deflate)
Wrote re_chunk_000.pak.patch_050\natives/stm/character/_kit/_equipment/_furmasks/helm/helm_2323_f_mskm.tex.760230703 (deflate)
Wrote re_chunk_000.pak.patch_050\natives/stm/character/_kit/_equipment/_furmasks/pants/pants_3030_m_mskm.tex.760230703 (deflate)
Wrote re_chunk_000.pak.patch_050\natives/stm/character/_kit/_equipment/_furmasks/tops/tops_4001_m_job08_left_mskm.tex.760230703 (deflate)
Wrote re_chunk_000.pak.patch_050\natives/stm/character/_kit/_equipment/_furmasks/tops/tops_038_f_job02_left_mskm.tex.760230703 (deflate)
Wrote re_chunk_000.pak.patch_050\natives/stm/character/_kit/_equipment/_furmasks/tops/tops_2002_m_mskm.tex.760230703 (deflate)
Wrote re_chunk_000.pak.patch_050\natives/stm/character/_kit/_equipment/_furmasks/pants/pants_2020_f_mskm.tex.760230703 (deflate)
Wrote re_chunk_000.pak.patch_050\natives/stm/character/_kit/_equipment/_furmasks/pants/pants_2150_m_mskm.tex.760230703 (deflate)
Wrote re_chunk_000.pak.patch_050\natives/stm/character/_kit/_equipment/_furmasks/helm/helm_264_f_mskm.tex.760230703 (deflate)
Wrote re_chunk_000.pak.patch_050\natives/stm/character/_kit/_equipment/_furmasks/pants/pants_272_f_mskm.tex.760230703 (deflate)
Wrote re_chunk_000.pak.patch_050\natives/stm/character/_kit/_equipment/_furmasks/tops/tops_3280_f_mskm.tex.760230703 (deflate)
Wrote re_chunk_000.pak.patch_050\natives/stm/character/_kit/_equipment/_furmasks/tops/tops_207_m_job01_left_mskm.tex.760230703 (deflate)
Wrote re_chunk_000.pak.patch_050\natives/stm/character/_kit/_equipment/_furmasks/tops/tops_2141_m_mskm.tex.760230703 (deflate)
Wrote re_chunk_000.pak.patch_050\natives/stm/character/_kit/_equipment/_furmasks/hair/hair_000_mskm.tex.760230703 (deflate)
Wrote re_chunk_000.pak.patch_050\natives/stm/character/_kit/_equipment/_furmasks/tops/tops_247_m_mskm.tex.760230703 (deflate)
Wrote re_chunk_000.pak.patch_050\natives/stm/character/_kit/_equipment/_furmasks/helm/helm_2302_f_mskm.tex.760230703 (deflate)
Wrote re_chunk_000.pak.patch_050\natives/stm/character/_kit/_equipment/_furmasks/helm/helm_032_f_mskm.tex.760230703 (deflate)
Wrote re_chunk_000.pak.patch_050\natives/stm/character/_kit/_equipment/_furmasks/tops/tops_280_m_mskm.tex.760230703 (deflate)
Wrote re_chunk_000.pak.patch_050\natives/stm/character/_kit/_equipment/_furmasks/pants/pants_036_f_mskm.tex.760230703 (deflate)
Wrote re_chunk_000.pak.patch_050\natives/stm/character/_kit/_equipment/_furmasks/pants/pants_223_f_mskm.tex.760230703 (deflate)
Wrote re_chunk_000.pak.patch_050\natives/stm/character/_kit/_equipment/_furmasks/pants/pants_248_m_mskm.tex.760230703 (deflate)
Wrote re_chunk_000.pak.patch_050\natives/stm/character/_kit/_equipment/_furmasks/tops/tops_005_f_mskm.tex.760230703 (deflate)
Wrote re_chunk_000.pak.patch_050\natives/stm/character/_kit/_equipment/_furmasks/hair/hair_047_mskm.tex.760230703 (deflate)
Wrote re_chunk_000.pak.patch_050\natives/stm/character/_kit/_equipment/_furmasks/tops/tops_3310_m_mskm.tex.760230703 (deflate)
Wrote re_chunk_000.pak.patch_050\natives/stm/character/_kit/_equipment/_furmasks/facewear/facewear_308_m_mskm.tex.760230703 (deflate)
Wrote re_chunk_000.pak.patch_050\natives/stm/character/_kit/_equipment/_furmasks/tops/tops_2067_m_mskm.tex.760230703 (deflate)
Wrote re_chunk_000.pak.patch_050\natives/stm/character/_kit/_equipment/_furmasks/pants/pants_4050_m_mskm.tex.760230703 (deflate)
Wrote re_chunk_000.pak.patch_050\natives/stm/character/_kit/_equipment/_furmasks/pants/pants_238_f_mskm.tex.760230703 (deflate)
Wrote re_chunk_000.pak.patch_050\natives/stm/character/_kit/_equipment/_furmasks/tops/tops_2100_f_mskm.tex.760230703 (deflate)
Wrote re_chunk_000.pak.patch_050\natives/stm/character/_kit/_equipment/_furmasks/helm/helm_2460_m_mskm.tex.760230703 (deflate)
Wrote re_chunk_000.pak.patch_050\natives/stm/character/_kit/_equipment/_furmasks/tops/tops_2192_f_mskm.tex.760230703 (deflate)
Wrote re_chunk_000.pak.patch_050\natives/stm/character/_kit/_equipment/_furmasks/pants/pants_230_f_mskm.tex.760230703 (deflate)
Wrote re_chunk_000.pak.patch_050\natives/stm/character/_kit/_equipment/_furmasks/tops/tops_015_f_job01_left_mskm.tex.760230703 (deflate)
Wrote re_chunk_000.pak.patch_050\natives/stm/character/_kit/_equipment/_furmasks/tops/tops_2306_m_mskm.tex.760230703 (deflate)
Wrote re_chunk_000.pak.patch_050\natives/stm/character/_kit/_equipment/_furmasks/pants/pants_004_m_mskm.tex.760230703 (deflate)
Wrote re_chunk_000.pak.patch_050\natives/stm/character/_kit/_equipment/_furmasks/tops/tops_4082_m_mskm.tex.760230703 (deflate)
Wrote re_chunk_000.pak.patch_050\natives/stm/character/_kit/_equipment/_furmasks/pants/pants_2262_m_mskm.tex.760230703 (deflate)
Wrote re_chunk_000.pak.patch_050\natives/stm/character/_kit/_equipment/_furmasks/tops/tops_265_f_mskm.tex.760230703 (deflate)
Wrote re_chunk_000.pak.patch_050\natives/stm/character/_kit/_equipment/_furmasks/helm/helm_013_f_mskm.tex.760230703 (deflate)
Wrote re_chunk_000.pak.patch_050\natives/stm/character/_kit/_equipment/_furmasks/pants/pants_265_m_mskm.tex.760230703 (deflate)
Wrote re_chunk_000.pak.patch_050\natives/stm/character/_kit/_equipment/_furmasks/helm/helm_2080_m_mskm.tex.760230703 (deflate)
Wrote re_chunk_000.pak.patch_050\natives/stm/character/_kit/_equipment/_furmasks/pants/pants_212_f_mskm.tex.760230703 (deflate)
Wrote re_chunk_000.pak.patch_050\natives/stm/character/_kit/_equipment/_furmasks/pants/pants_045_m_mskm.tex.760230703 (deflate)
Wrote re_chunk_000.pak.patch_050\natives/stm/character/_kit/_equipment/_furmasks/tops/tops_4141_m_mskm.tex.760230703 (deflate)
Wrote re_chunk_000.pak.patch_050\natives/stm/character/_kit/_equipment/_furmasks/pants/pants_2001_m_mskm.tex.760230703 (deflate)
Wrote re_chunk_000.pak.patch_050\natives/stm/character/_kit/_equipment/_furmasks/tops/tops_2060_f_mskm.tex.760230703 (deflate)
Wrote re_chunk_000.pak.patch_050\natives/stm/character/_kit/_equipment/_furmasks/pants/pants_3010_f_mskm.tex.760230703 (deflate)
Wrote re_chunk_000.pak.patch_050\natives/stm/character/_kit/_equipment/_furmasks/helm/helm_274_f_mskm.tex.760230703 (deflate)
Wrote re_chunk_000.pak.patch_050\natives/stm/character/_kit/_equipment/_furmasks/tops/tops_2077_m_mskm.tex.760230703 (deflate)
Wrote re_chunk_000.pak.patch_050\natives/stm/character/_kit/_equipment/_furmasks/tops/tops_4110_m_job08_left_mskm.tex.760230703 (deflate)
Wrote re_chunk_000.pak.patch_050\natives/stm/character/_kit/_equipment/_furmasks/helm/helm_4060_m_mskm.tex.760230703 (deflate)
Wrote re_chunk_000.pak.patch_050\natives/stm/character/_kit/_equipment/_furmasks/helm/helm_015_m_mskm.tex.760230703 (deflate)
Wrote re_chunk_000.pak.patch_050\natives/stm/character/_kit/_equipment/_furmasks/pants/pants_2122_f_mskm.tex.760230703 (deflate)
Wrote re_chunk_000.pak.patch_050\natives/stm/character/_kit/_equipment/_furmasks/helm/helm_4150_f_mskm.tex.760230703 (deflate)
Wrote re_chunk_000.pak.patch_050\natives/stm/character/_kit/_equipment/_furmasks/pants/pants_257_f_mskm.tex.760230703 (deflate)
Wrote re_chunk_000.pak.patch_050\natives/stm/character/_kit/_equipment/_furmasks/tops/tops_264_m_job02_left_mskm.tex.760230703 (deflate)
Wrote re_chunk_000.pak.patch_050\natives/stm/character/_kit/_equipment/_furmasks/pants/pants_253_f_mskm.tex.760230703 (deflate)
Wrote re_chunk_000.pak.patch_050\natives/stm/character/_kit/_equipment/_furmasks/tops/tops_2043_f_mskm.tex.760230703 (deflate)
Wrote re_chunk_000.pak.patch_050\natives/stm/character/_kit/_equipment/_furmasks/pants/pants_2328_f_mskm.tex.760230703 (deflate)
Wrote re_chunk_000.pak.patch_050\natives/stm/character/_kit/_equipment/_furmasks/tops/tops_4041_f_job07_right_mskm.tex.760230703 (deflate)
Wrote re_chunk_000.pak.patch_050\natives/stm/character/_kit/_equipment/_furmasks/helm/helm_008_f_mskm.tex.760230703 (deflate)
Wrote re_chunk_000.pak.patch_050\natives/stm/character/_kit/_equipment/_furmasks/pants/pants_2341_m_mskm.tex.760230703 (deflate)
Wrote re_chunk_000.pak.patch_050\natives/stm/character/_kit/_equipment/_furmasks/tops/tops_2306_f_mskm.tex.760230703 (deflate)
Wrote re_chunk_000.pak.patch_050\natives/stm/character/_kit/_equipment/_furmasks/tops/tops_2044_m_mskm.tex.760230703 (deflate)
Wrote re_chunk_000.pak.patch_050\natives/stm/character/_kit/_equipment/_furmasks/pants/pants_3450_f_mskm.tex.760230703 (deflate)
Wrote re_chunk_000.pak.patch_050\natives/stm/character/_kit/_equipment/_furmasks/pants/pants_001_m_mskm.tex.760230703 (deflate)
Wrote re_chunk_000.pak.patch_050\natives/stm/character/_kit/_equipment/_furmasks/tops/tops_2073_m_job02_left_mskm.tex.760230703 (deflate)
Wrote re_chunk_000.pak.patch_050\natives/stm/character/_kit/_equipment/_furmasks/tops/tops_207_m_mskm.tex.760230703 (deflate)
Wrote re_chunk_000.pak.patch_050\natives/stm/character/_kit/_equipment/_furmasks/tops/tops_2008_f_mskm.tex.760230703 (deflate)
Wrote re_chunk_000.pak.patch_050\natives/stm/character/_kit/_equipment/_furmasks/tops/tops_008_m_mskm.tex.760230703 (deflate)
Wrote re_chunk_000.pak.patch_050\natives/stm/character/_kit/_equipment/_furmasks/helm/helm_042_m_mskm.tex.760230703 (deflate)
Wrote re_chunk_000.pak.patch_050\natives/stm/character/_kit/_equipment/_furmasks/helm/helm_2105_f_mskm.tex.760230703 (deflate)
Wrote re_chunk_000.pak.patch_050\natives/stm/character/_kit/_equipment/_furmasks/tops/tops_225_f_job02_left_mskm.tex.760230703 (deflate)
Wrote re_chunk_000.pak.patch_050\natives/stm/character/_kit/_equipment/_furmasks/helm/helm_3230_f_mskm.tex.760230703 (deflate)
Wrote re_chunk_000.pak.patch_050\natives/stm/character/_kit/_equipment/_furmasks/hair/hair_039_mskm.tex.760230703 (deflate)
Wrote re_chunk_000.pak.patch_050\natives/stm/character/_kit/_equipment/_furmasks/tops/tops_007_m_job08_left_mskm.tex.760230703 (deflate)
Wrote re_chunk_000.pak.patch_050\natives/stm/character/_kit/_equipment/_furmasks/tops/tops_4131_m_job08_left_mskm.tex.760230703 (deflate)
Wrote re_chunk_000.pak.patch_050\natives/stm/character/_kit/_equipment/_furmasks/tops/tops_277_m_mskm.tex.760230703 (deflate)
Wrote re_chunk_000.pak.patch_050\natives/stm/character/_kit/_equipment/_furmasks/tops/tops_4010_m_job08_left_mskm.tex.760230703 (deflate)
Wrote re_chunk_000.pak.patch_050\natives/stm/character/_kit/_equipment/_furmasks/hair/hair_013_mskm.tex.760230703 (deflate)
Wrote re_chunk_000.pak.patch_050\natives/stm/character/_kit/_equipment/_furmasks/tops/tops_211_f_mskm.tex.760230703 (deflate)
Wrote re_chunk_000.pak.patch_050\natives/stm/character/_kit/_equipment/_furmasks/tops/tops_310_f_job01_left_mskm.tex.760230703 (deflate)
Wrote re_chunk_000.pak.patch_050\natives/stm/character/_kit/_equipment/_furmasks/tops/tops_2069_m_mskm.tex.760230703 (deflate)
Wrote re_chunk_000.pak.patch_050\natives/stm/character/_kit/_equipment/_furmasks/tops/tops_2422_m_mskm.tex.760230703 (deflate)
Wrote re_chunk_000.pak.patch_050\natives/stm/character/_kit/_equipment/_furmasks/pants/pants_2262_f_mskm.tex.760230703 (deflate)
Wrote re_chunk_000.pak.patch_050\natives/stm/character/_kit/_equipment/_furmasks/tops/tops_280_f_job01_left_mskm.tex.760230703 (deflate)
Wrote re_chunk_000.pak.patch_050\natives/stm/character/_kit/_equipment/_furmasks/tops/tops_201_f_mskm.tex.760230703 (deflate)
Wrote re_chunk_000.pak.patch_050\natives/stm/character/_kit/_equipment/_furmasks/helm/helm_4020_f_mskm.tex.760230703 (deflate)
Wrote re_chunk_000.pak.patch_050\natives/stm/character/_kit/_equipment/_furmasks/helm/helm_267_m_mskm.tex.760230703 (deflate)
Wrote re_chunk_000.pak.patch_050\natives/stm/character/_kit/_equipment/_furmasks/tops/tops_4020_f_job08_left_mskm.tex.760230703 (deflate)
Wrote re_chunk_000.pak.patch_050\natives/stm/character/_kit/_equipment/_furmasks/pants/pants_245_m_mskm.tex.760230703 (deflate)
Wrote re_chunk_000.pak.patch_050\natives/stm/character/_kit/_equipment/_furmasks/pants/pants_2190_f_mskm.tex.760230703 (deflate)
Wrote re_chunk_000.pak.patch_050\natives/stm/character/_kit/_equipment/_furmasks/tops/tops_2422_f_mskm.tex.760230703 (deflate)
Wrote re_chunk_000.pak.patch_050\natives/stm/character/_kit/_equipment/_furmasks/tops/tops_274_f_job08_left_mskm.tex.760230703 (deflate)
Wrote re_chunk_000.pak.patch_050\natives/stm/character/_kit/_equipment/_furmasks/tops/tops_2045_f_mskm.tex.760230703 (deflate)
Wrote re_chunk_000.pak.patch_050\natives/stm/character/_kit/_equipment/_furmasks/tops/tops_2302_m_mskm.tex.760230703 (deflate)
Wrote re_chunk_000.pak.patch_050\natives/stm/character/_kit/_equipment/_furmasks/pants/pants_3090_f_mskm.tex.760230703 (deflate)
Wrote re_chunk_000.pak.patch_050\natives/stm/character/_kit/_equipment/_furmasks/hair/hair_062_mskm.tex.760230703 (deflate)
Wrote re_chunk_000.pak.patch_050\natives/stm/character/_kit/_equipment/_furmasks/pants/pants_008_m_mskm.tex.760230703 (deflate)
Wrote re_chunk_000.pak.patch_050\natives/stm/character/_kit/_equipment/_furmasks/tops/tops_202_m_job01_left_mskm.tex.760230703 (deflate)
Wrote re_chunk_000.pak.patch_050\Title.png (copied)
Wrote re_chunk_000.pak.patch_050\natives/stm/character/_kit/_equipment/_furmasks/tops/tops_281_f_job08_left_mskm.tex.760230703 (deflate)
Wrote re_chunk_000.pak.patch_050\natives/stm/character/_kit/_equipment/_furmasks/pants/pants_009_f_mskm.tex.760230703 (deflate)
Wrote re_chunk_000.pak.patch_050\natives/stm/character/_kit/_equipment/_furmasks/pants/pants_220_f_mskm.tex.760230703 (deflate)
Wrote re_chunk_000.pak.patch_050\natives/stm/character/_kit/_equipment/_furmasks/tops/tops_021_m_mskm.tex.760230703 (deflate)
Wrote re_chunk_000.pak.patch_050\natives/stm/character/_kit/_equipment/_furmasks/helm/helm_2385_f_mskm.tex.760230703 (deflate)
Wrote re_chunk_000.pak.patch_050\natives/stm/character/_kit/_equipment/_furmasks/tops/tops_2009_m_mskm.tex.760230703 (deflate)
Wrote re_chunk_000.pak.patch_050\natives/stm/character/_kit/_equipment/_furmasks/tops/tops_309_f_job08_left_mskm.tex.760230703 (deflate)
Wrote re_chunk_000.pak.patch_050\natives/stm/character/_kit/_equipment/_furmasks/tops/tops_2064_f_mskm.tex.760230703 (deflate)
Wrote re_chunk_000.pak.patch_050\natives/stm/character/_kit/_equipment/_furmasks/pants/pants_2381_f_mskm.tex.760230703 (deflate)
Wrote re_chunk_000.pak.patch_050\natives/stm/character/_kit/_equipment/_furmasks/tops/tops_2390_f_mskm.tex.760230703 (deflate)
Wrote re_chunk_000.pak.patch_050\natives/stm/character/_kit/_equipment/_furmasks/tops/tops_2383_m_mskm.tex.760230703 (deflate)
Wrote re_chunk_000.pak.patch_050\natives/stm/character/_kit/_equipment/_furmasks/hair/hair_018_mskm.tex.760230703 (deflate)
Wrote re_chunk_000.pak.patch_050\natives/stm/character/_kit/_equipment/_furmasks/tops/tops_3190_f_mskm.tex.760230703 (deflate)
Wrote re_chunk_000.pak.patch_050\natives/stm/character/_kit/_equipment/_furmasks/tops/tops_3160_m_mskm.tex.760230703 (deflate)
Wrote re_chunk_000.pak.patch_050\natives/stm/character/_kit/_equipment/_furmasks/facewear/facewear_004_f_mskm.tex.760230703 (deflate)
Wrote re_chunk_000.pak.patch_050\natives/stm/character/_kit/_equipment/_furmasks/tops/tops_2344_m_mskm.tex.760230703 (deflate)
Wrote re_chunk_000.pak.patch_050\natives/stm/character/_kit/_equipment/_furmasks/pants/pants_2342_m_mskm.tex.760230703 (deflate)
Wrote re_chunk_000.pak.patch_050\natives/stm/character/_kit/_equipment/_furmasks/tops/tops_2041_m_mskm.tex.760230703 (deflate)
Wrote re_chunk_000.pak.patch_050\natives/stm/character/_kit/_equipment/_furmasks/helm/helm_275_f_mskm.tex.760230703 (deflate)
Wrote re_chunk_000.pak.patch_050\natives/stm/character/_kit/_equipment/_furmasks/tops/tops_311_f_mskm.tex.760230703 (deflate)
Wrote re_chunk_000.pak.patch_050\natives/stm/character/_kit/_equipment/_furmasks/tops/tops_2021_m_mskm.tex.760230703 (deflate)
Wrote re_chunk_000.pak.patch_050\natives/stm/character/_kit/_equipment/_furmasks/helm/helm_007_f_mskm.tex.760230703 (deflate)
Wrote re_chunk_000.pak.patch_050\natives/stm/character/_kit/_equipment/_furmasks/tops/tops_248_m_job08_left_mskm.tex.760230703 (deflate)
Wrote re_chunk_000.pak.patch_050\natives/stm/character/_kit/_equipment/_furmasks/tops/tops_2190_f_mskm.tex.760230703 (deflate)
Wrote re_chunk_000.pak.patch_050\natives/stm/character/_kit/_equipment/_furmasks/tops/tops_4021_m_job02_left_mskm.tex.760230703 (deflate)
Wrote re_chunk_000.pak.patch_050\natives/stm/character/_kit/_equipment/_furmasks/tops/tops_4120_m_mskm.tex.760230703 (deflate)
Wrote re_chunk_000.pak.patch_050\natives/stm/character/_kit/_equipment/_furmasks/tops/tops_4001_f_mskm.tex.760230703 (deflate)
Wrote re_chunk_000.pak.patch_050\natives/stm/character/_kit/_equipment/_furmasks/tops/tops_9000_f_mskm.tex.760230703 (deflate)
Wrote re_chunk_000.pak.patch_050\natives/stm/character/_kit/_equipment/_furmasks/tops/tops_2065_f_mskm.tex.760230703 (deflate)
Wrote re_chunk_000.pak.patch_050\natives/stm/character/_kit/_equipment/_furmasks/tops/tops_280_f_mskm.tex.760230703 (deflate)
Wrote re_chunk_000.pak.patch_050\natives/stm/character/_kit/_equipment/_furmasks/tops/tops_2160_m_mskm.tex.760230703 (deflate)
Wrote re_chunk_000.pak.patch_050\natives/stm/character/_kit/_equipment/_furmasks/tops/tops_2162_m_mskm.tex.760230703 (deflate)
Wrote re_chunk_000.pak.patch_050\natives/stm/character/_kit/_equipment/_furmasks/pants/pants_309_f_mskm.tex.760230703 (deflate)
Wrote re_chunk_000.pak.patch_050\natives/stm/character/_kit/_equipment/_furmasks/tops/tops_2200_f_mskm.tex.760230703 (deflate)
Wrote re_chunk_000.pak.patch_050\natives/stm/character/_kit/_equipment/_furmasks/pants/pants_234_f_mskm.tex.760230703 (deflate)
Wrote re_chunk_000.pak.patch_050\natives/stm/character/_kit/_equipment/_furmasks/pants/pants_2381_m_mskm.tex.760230703 (deflate)
Wrote re_chunk_000.pak.patch_050\natives/stm/character/_kit/_equipment/_furmasks/hair/hair_061_mskm.tex.760230703 (deflate)
Wrote re_chunk_000.pak.patch_050\natives/stm/character/_kit/_equipment/_furmasks/tops/tops_4010_f_job02_left_mskm.tex.760230703 (deflate)
Wrote re_chunk_000.pak.patch_050\natives/stm/character/_kit/_equipment/_furmasks/tops/tops_4110_m_mskm.tex.760230703 (deflate)
Wrote re_chunk_000.pak.patch_050\natives/stm/character/_kit/_equipment/_furmasks/helm/helm_050_m_mskm.tex.760230703 (deflate)
Wrote re_chunk_000.pak.patch_050\natives/stm/character/_kit/_equipment/_furmasks/hair/hair_036_mskm.tex.760230703 (deflate)
Wrote re_chunk_000.pak.patch_050\natives/stm/character/_kit/_equipment/_furmasks/pants/pants_011_m_mskm.tex.760230703 (deflate)
Wrote re_chunk_000.pak.patch_050\natives/stm/character/_kit/_equipment/_furmasks/tops/tops_304_m_job02_left_mskm.tex.760230703 (deflate)
Wrote re_chunk_000.pak.patch_050\natives/stm/character/_kit/_equipment/_furmasks/hair/hair_059_mskm.tex.760230703 (deflate)
Wrote re_chunk_000.pak.patch_050\natives/stm/character/_kit/_equipment/_furmasks/helm/helm_4150_m_mskm.tex.760230703 (deflate)
Wrote re_chunk_000.pak.patch_050\natives/stm/character/_kit/_equipment/_furmasks/helm/helm_2060_f_mskm.tex.760230703 (deflate)
Wrote re_chunk_000.pak.patch_050\natives/stm/character/_kit/_equipment/_furmasks/pants/pants_209_f_mskm.tex.760230703 (deflate)
Wrote re_chunk_000.pak.patch_050\natives/stm/character/_kit/_equipment/_furmasks/tops/tops_238_m_mskm.tex.760230703 (deflate)
Wrote re_chunk_000.pak.patch_050\natives/stm/character/_kit/_equipment/_furmasks/pants/pants_3290_m_mskm.tex.760230703 (deflate)
Wrote re_chunk_000.pak.patch_050\natives/stm/character/_kit/_equipment/_furmasks/tops/tops_2084_m_mskm.tex.760230703 (deflate)
Wrote re_chunk_000.pak.patch_050\natives/stm/character/_kit/_equipment/_furmasks/pants/pants_264_m_mskm.tex.760230703 (deflate)
Wrote re_chunk_000.pak.patch_050\natives/stm/character/_kit/_equipment/_furmasks/helm/helm_2386_m_mskm.tex.760230703 (deflate)
Wrote re_chunk_000.pak.patch_050\natives/stm/character/_kit/_equipment/_furmasks/helm/helm_232_m_mskm.tex.760230703 (deflate)
Wrote re_chunk_000.pak.patch_050\natives/stm/character/_kit/_equipment/_furmasks/tops/tops_2073_f_mskm.tex.760230703 (deflate)
Wrote re_chunk_000.pak.patch_050\natives/stm/character/_kit/_equipment/_furmasks/helm/helm_308_m_mskm.tex.760230703 (deflate)
Wrote re_chunk_000.pak.patch_050\natives/stm/character/_kit/_equipment/_furmasks/tops/tops_9001_m_mskm.tex.760230703 (deflate)
Wrote re_chunk_000.pak.patch_050\natives/stm/character/_kit/_equipment/_furmasks/tops/tops_4011_f_mskm.tex.760230703 (deflate)
Wrote re_chunk_000.pak.patch_050\natives/stm/character/_kit/_equipment/_furmasks/tops/tops_2003_f_mskm.tex.760230703 (deflate)
Wrote re_chunk_000.pak.patch_050\natives/stm/character/_kit/_equipment/_furmasks/pants/pants_229_m_mskm.tex.760230703 (deflate)
Wrote re_chunk_000.pak.patch_050\natives/stm/character/_kit/_equipment/_furmasks/pants/pants_024_f_mskm.tex.760230703 (deflate)
Wrote re_chunk_000.pak.patch_050\natives/stm/character/_kit/_equipment/_furmasks/tops/tops_304_m_job08_left_mskm.tex.760230703 (deflate)
Wrote re_chunk_000.pak.patch_050\natives/stm/character/_kit/_equipment/_furmasks/tops/tops_225_f_job07_right_mskm.tex.760230703 (deflate)
Wrote re_chunk_000.pak.patch_050\natives/stm/character/_kit/_equipment/_furmasks/hair/hair_009_mskm.tex.760230703 (deflate)
Wrote re_chunk_000.pak.patch_050\natives/stm/character/_kit/_equipment/_furmasks/pants/pants_2060_m_mskm.tex.760230703 (deflate)
Wrote re_chunk_000.pak.patch_050\natives/stm/character/_kit/_equipment/_furmasks/helm/helm_270_f_mskm.tex.760230703 (deflate)
Wrote re_chunk_000.pak.patch_050\natives/stm/character/_kit/_equipment/_furmasks/tops/tops_2023_f_mskm.tex.760230703 (deflate)
Wrote re_chunk_000.pak.patch_050\natives/stm/character/_kit/_equipment/_furmasks/pants/pants_008_f_mskm.tex.760230703 (deflate)
Wrote re_chunk_000.pak.patch_050\natives/stm/character/_kit/_equipment/_furmasks/tops/tops_048_m_mskm.tex.760230703 (deflate)
Wrote re_chunk_000.pak.patch_050\natives/stm/character/_kit/_equipment/_furmasks/tops/tops_2001_m_mskm.tex.760230703 (deflate)
Wrote re_chunk_000.pak.patch_050\natives/stm/character/_kit/_equipment/_furmasks/pants/pants_250_f_mskm.tex.760230703 (deflate)
Wrote re_chunk_000.pak.patch_050\natives/stm/character/_kit/_equipment/_furmasks/helm/helm_2001_f_mskm.tex.760230703 (deflate)
Wrote re_chunk_000.pak.patch_050\natives/stm/character/_kit/_equipment/_furmasks/pants/pants_051_m_mskm.tex.760230703 (deflate)
Wrote re_chunk_000.pak.patch_050\natives/stm/character/_kit/_equipment/_furmasks/facewear/facewear_000_f_mskm.tex.760230703 (deflate)
Wrote re_chunk_000.pak.patch_050\natives/stm/character/_kit/_equipment/_furmasks/pants/pants_2383_m_mskm.tex.760230703 (deflate)
Wrote re_chunk_000.pak.patch_050\natives/stm/character/_kit/_equipment/_furmasks/tops/tops_280_f_job08_left_mskm.tex.760230703 (deflate)
Wrote re_chunk_000.pak.patch_050\natives/stm/character/_kit/_equipment/_furmasks/tops/tops_237_m_mskm.tex.760230703 (deflate)
Wrote re_chunk_000.pak.patch_050\natives/stm/character/_kit/_equipment/_furmasks/helm/helm_4170_f_mskm.tex.760230703 (deflate)
Wrote re_chunk_000.pak.patch_050\natives/stm/character/_kit/_equipment/_furmasks/tops/tops_4000_f_job01_left_mskm.tex.760230703 (deflate)
Wrote re_chunk_000.pak.patch_050\natives/stm/character/_kit/_equipment/_furmasks/pants/pants_209_m_mskm.tex.760230703 (deflate)
Wrote re_chunk_000.pak.patch_050\natives/stm/character/_kit/_equipment/_furmasks/tops/tops_2026_m_mskm.tex.760230703 (deflate)
Wrote re_chunk_000.pak.patch_050\natives/stm/character/_kit/_equipment/_furmasks/helm/helm_014_f_mskm.tex.760230703 (deflate)
Wrote re_chunk_000.pak.patch_050\natives/stm/character/_kit/_equipment/_furmasks/tops/tops_2040_m_mskm.tex.760230703 (deflate)
Wrote re_chunk_000.pak.patch_050\natives/stm/character/_kit/_equipment/_furmasks/tops/tops_307_m_mskm.tex.760230703 (deflate)
Wrote re_chunk_000.pak.patch_050\natives/stm/character/_kit/_equipment/_furmasks/pants/pants_4080_m_mskm.tex.760230703 (deflate)
Wrote re_chunk_000.pak.patch_050\natives/stm/character/_kit/_equipment/_furmasks/hair/hair_053_mskm.tex.760230703 (deflate)
Wrote re_chunk_000.pak.patch_050\natives/stm/character/_kit/_equipment/_furmasks/tops/tops_2420_m_mskm.tex.760230703 (deflate)
Wrote re_chunk_000.pak.patch_050\natives/stm/character/_kit/_equipment/_furmasks/helm/helm_304_m_mskm.tex.760230703 (deflate)
Wrote re_chunk_000.pak.patch_050\natives/stm/character/_kit/_equipment/_furmasks/pants/pants_001_f_mskm.tex.760230703 (deflate)
Wrote re_chunk_000.pak.patch_050\natives/stm/character/_kit/_equipment/_furmasks/tops/tops_011_f_mskm.tex.760230703 (deflate)
Wrote re_chunk_000.pak.patch_050\natives/stm/character/_kit/_equipment/_furmasks/helm/helm_038_f_mskm.tex.760230703 (deflate)
Wrote re_chunk_000.pak.patch_050\natives/stm/character/_kit/_equipment/_furmasks/tops/tops_229_m_mskm.tex.760230703 (deflate)
Wrote re_chunk_000.pak.patch_050\natives/stm/character/_kit/_equipment/_furmasks/tops/tops_4121_f_mskm.tex.760230703 (deflate)
Wrote re_chunk_000.pak.patch_050\natives/stm/character/_kit/_equipment/_furmasks/tops/tops_201_m_job08_left_mskm.tex.760230703 (deflate)
Wrote re_chunk_000.pak.patch_050\natives/stm/character/_kit/_equipment/_furmasks/tops/tops_4011_f_job07_right_mskm.tex.760230703 (deflate)
Wrote re_chunk_000.pak.patch_050\natives/stm/character/_kit/_equipment/_furmasks/pants/pants_302_f_mskm.tex.760230703 (deflate)
Wrote re_chunk_000.pak.patch_050\natives/stm/character/_kit/_equipment/_furmasks/pants/pants_024_m_mskm.tex.760230703 (deflate)
Wrote re_chunk_000.pak.patch_050\natives/stm/character/_kit/_equipment/_furmasks/tops/tops_4020_f_job02_left_mskm.tex.760230703 (deflate)
Wrote re_chunk_000.pak.patch_050\natives/stm/character/_kit/_equipment/_furmasks/pants/pants_2343_f_mskm.tex.760230703 (deflate)
Wrote re_chunk_000.pak.patch_050\natives/stm/character/_kit/_equipment/_furmasks/hair/hair_012_mskm.tex.760230703 (deflate)
Wrote re_chunk_000.pak.patch_050\natives/stm/character/_kit/_equipment/_furmasks/tops/tops_2390_m_mskm.tex.760230703 (deflate)
Wrote re_chunk_000.pak.patch_050\natives/stm/character/_kit/_equipment/_furmasks/tops/tops_2166_m_mskm.tex.760230703 (deflate)
Wrote re_chunk_000.pak.patch_050\natives/stm/character/_kit/_equipment/_furmasks/tops/tops_4130_f_mskm.tex.760230703 (deflate)
Wrote re_chunk_000.pak.patch_050\natives/stm/character/_kit/_equipment/_furmasks/tops/tops_2166_f_mskm.tex.760230703 (deflate)
Wrote re_chunk_000.pak.patch_050\natives/stm/character/_kit/_equipment/_furmasks/tops/tops_2150_m_mskm.tex.760230703 (deflate)
Wrote re_chunk_000.pak.patch_050\natives/stm/character/_kit/_equipment/_furmasks/tops/tops_4040_f_job07_right_mskm.tex.760230703 (deflate)
Wrote re_chunk_000.pak.patch_050\natives/stm/character/_kit/_equipment/_furmasks/tops/tops_313_m_job07_right_mskm.tex.760230703 (deflate)
Wrote re_chunk_000.pak.patch_050\natives/stm/character/_kit/_equipment/_furmasks/tops/tops_205_m_job08_left_mskm.tex.760230703 (deflate)
Wrote re_chunk_000.pak.patch_050\natives/stm/character/_kit/_equipment/_furmasks/tops/tops_4031_m_job02_left_mskm.tex.760230703 (deflate)
Wrote re_chunk_000.pak.patch_050\natives/stm/character/_kit/_equipment/_furmasks/tops/tops_300_f_mskm.tex.760230703 (deflate)
Wrote re_chunk_000.pak.patch_050\natives/stm/character/_kit/_equipment/_furmasks/pants/pants_235_f_mskm.tex.760230703 (deflate)
Wrote re_chunk_000.pak.patch_050\natives/stm/character/_kit/_equipment/_furmasks/tops/tops_248_f_mskm.tex.760230703 (deflate)
Wrote re_chunk_000.pak.patch_050\natives/stm/character/_kit/_equipment/_furmasks/tops/tops_239_m_mskm.tex.760230703 (deflate)
Wrote re_chunk_000.pak.patch_050\natives/stm/character/_kit/_equipment/_furmasks/tops/tops_4070_f_mskm.tex.760230703 (deflate)
Wrote re_chunk_000.pak.patch_050\natives/stm/character/_kit/_equipment/_furmasks/pants/pants_2384_m_mskm.tex.760230703 (deflate)
Wrote re_chunk_000.pak.patch_050\natives/stm/character/_kit/_equipment/_furmasks/tops/tops_290_m_mskm.tex.760230703 (deflate)
Wrote re_chunk_000.pak.patch_050\natives/stm/character/_kit/_equipment/_furmasks/tops/tops_2022_m_mskm.tex.760230703 (deflate)
Wrote re_chunk_000.pak.patch_050\natives/stm/character/_kit/_equipment/_furmasks/tops/tops_2108_f_mskm.tex.760230703 (deflate)
Wrote re_chunk_000.pak.patch_050\natives/stm/character/_kit/_equipment/_furmasks/underwear/underwear_000_m_lower_mskm.tex.760230703 (deflate)
Wrote re_chunk_000.pak.patch_050\natives/stm/character/_kit/_equipment/_furmasks/tops/tops_2152_m_mskm.tex.760230703 (deflate)
Wrote re_chunk_000.pak.patch_050\natives/stm/character/_kit/_equipment/_furmasks/tops/tops_4110_f_mskm.tex.760230703 (deflate)
Wrote re_chunk_000.pak.patch_050\natives/stm/character/_kit/_equipment/_furmasks/pants/pants_263_m_mskm.tex.760230703 (deflate)
Wrote re_chunk_000.pak.patch_050\natives/stm/character/_kit/_equipment/_furmasks/tops/tops_264_m_job07_right_mskm.tex.760230703 (deflate)
Wrote re_chunk_000.pak.patch_050\natives/stm/character/_kit/_equipment/_furmasks/tops/tops_2026_f_mskm.tex.760230703 (deflate)
Wrote re_chunk_000.pak.patch_050\natives/stm/character/_kit/_equipment/_furmasks/tops/tops_249_m_mskm.tex.760230703 (deflate)
Wrote re_chunk_000.pak.patch_050\natives/stm/character/_kit/_equipment/_furmasks/pants/pants_286_f_mskm.tex.760230703 (deflate)
Wrote re_chunk_000.pak.patch_050\natives/stm/character/_kit/_equipment/_furmasks/tops/tops_2301_f_mskm.tex.760230703 (deflate)
Wrote re_chunk_000.pak.patch_050\natives/stm/character/_kit/_equipment/_furmasks/pants/pants_2303_m_mskm.tex.760230703 (deflate)
Wrote re_chunk_000.pak.patch_050\natives/stm/character/_kit/_equipment/_furmasks/pants/pants_4082_m_mskm.tex.760230703 (deflate)
Wrote re_chunk_000.pak.patch_050\natives/stm/character/_kit/_equipment/_furmasks/tops/tops_221_m_job01_left_mskm.tex.760230703 (deflate)
Wrote re_chunk_000.pak.patch_050\natives/stm/character/_kit/_equipment/_furmasks/pants/pants_011_f_mskm.tex.760230703 (deflate)
Wrote re_chunk_000.pak.patch_050\natives/stm/character/_kit/_equipment/_furmasks/tops/tops_036_f_mskm.tex.760230703 (deflate)
Wrote re_chunk_000.pak.patch_050\natives/stm/character/_kit/_equipment/_furmasks/pants/pants_4130_m_mskm.tex.760230703 (deflate)
Wrote re_chunk_000.pak.patch_050\natives/stm/character/_kit/_equipment/_furmasks/tops/tops_4110_f_job08_left_mskm.tex.760230703 (deflate)
Wrote re_chunk_000.pak.patch_050\natives/stm/character/_kit/_equipment/_furmasks/tops/tops_2106_f_mskm.tex.760230703 (deflate)
Wrote re_chunk_000.pak.patch_050\natives/stm/character/_kit/_equipment/_furmasks/tops/tops_4111_f_job08_left_mskm.tex.760230703 (deflate)
Wrote re_chunk_000.pak.patch_050\natives/stm/character/_kit/_equipment/_furmasks/pants/pants_4090_m_mskm.tex.760230703 (deflate)
Wrote re_chunk_000.pak.patch_050\natives/stm/character/_kit/_equipment/_furmasks/facewear/facewear_309_f_mskm.tex.760230703 (deflate)
Wrote re_chunk_000.pak.patch_050\natives/stm/character/_kit/_equipment/_furmasks/helm/helm_242_f_mskm.tex.760230703 (deflate)
Wrote re_chunk_000.pak.patch_050\natives/stm/character/_kit/_equipment/_furmasks/pants/pants_015_f_mskm.tex.760230703 (deflate)
Wrote re_chunk_000.pak.patch_050\natives/stm/character/_kit/_equipment/_furmasks/tops/tops_2281_f_mskm.tex.760230703 (deflate)
Wrote re_chunk_000.pak.patch_050\natives/stm/character/_kit/_equipment/_furmasks/tops/tops_4020_m_job08_left_mskm.tex.760230703 (deflate)
Wrote re_chunk_000.pak.patch_050\natives/stm/character/_kit/_equipment/_furmasks/tops/tops_021_f_mskm.tex.760230703 (deflate)
Wrote re_chunk_000.pak.patch_050\natives/stm/character/_kit/_equipment/_furmasks/tops/tops_4111_m_job08_left_mskm.tex.760230703 (deflate)
Wrote re_chunk_000.pak.patch_050\natives/stm/character/_kit/_equipment/_furmasks/helm/helm_039_f_mskm.tex.760230703 (deflate)
Wrote re_chunk_000.pak.patch_050\natives/stm/character/_kit/_equipment/_furmasks/tops/tops_4011_m_job07_right_mskm.tex.760230703 (deflate)
Wrote re_chunk_000.pak.patch_050\natives/stm/character/_kit/_equipment/_furmasks/pants/pants_4011_m_mskm.tex.760230703 (deflate)
Wrote re_chunk_000.pak.patch_050\natives/stm/character/_kit/_equipment/_furmasks/tops/tops_4031_m_job07_right_mskm.tex.760230703 (deflate)
Wrote re_chunk_000.pak.patch_050\natives/stm/character/_kit/_equipment/_furmasks/tops/tops_274_f_job02_left_mskm.tex.760230703 (deflate)
Wrote re_chunk_000.pak.patch_050\natives/stm/character/_kit/_equipment/_furmasks/pants/pants_262_f_mskm.tex.760230703 (deflate)
Wrote re_chunk_000.pak.patch_050\natives/stm/character/_kit/_equipment/_furmasks/tops/tops_2024_f_mskm.tex.760230703 (deflate)
Wrote re_chunk_000.pak.patch_050\natives/stm/character/_kit/_equipment/_furmasks/helm/helm_278_m_mskm.tex.760230703 (deflate)
Wrote re_chunk_000.pak.patch_050\natives/stm/character/_kit/_equipment/_furmasks/pants/pants_247_f_mskm.tex.760230703 (deflate)
Wrote re_chunk_000.pak.patch_050\natives/stm/character/_kit/_equipment/_furmasks/pants/pants_260_m_mskm.tex.760230703 (deflate)
Wrote re_chunk_000.pak.patch_050\natives/stm/character/_kit/_equipment/_furmasks/pants/pants_2324_f_mskm.tex.760230703 (deflate)
Wrote re_chunk_000.pak.patch_050\natives/stm/character/_kit/_equipment/_furmasks/tops/tops_255_f_mskm.tex.760230703 (deflate)
Wrote re_chunk_000.pak.patch_050\natives/stm/character/_kit/_equipment/_furmasks/tops/tops_013_m_mskm.tex.760230703 (deflate)
Wrote re_chunk_000.pak.patch_050\natives/stm/character/_kit/_equipment/_furmasks/tops/tops_2382_m_mskm.tex.760230703 (deflate)
Wrote re_chunk_000.pak.patch_050\natives/stm/character/_kit/_equipment/_furmasks/helm/helm_037_m_mskm.tex.760230703 (deflate)
Wrote re_chunk_000.pak.patch_050\natives/stm/character/_kit/_equipment/_furmasks/pants/pants_202_f_mskm.tex.760230703 (deflate)
Wrote re_chunk_000.pak.patch_050\natives/stm/character/_kit/_equipment/_furmasks/tops/tops_2004_m_mskm.tex.760230703 (deflate)
Wrote re_chunk_000.pak.patch_050\natives/stm/character/_kit/_equipment/_furmasks/helm/helm_033_f_mskm.tex.760230703 (deflate)
Wrote re_chunk_000.pak.patch_050\natives/stm/character/_kit/_equipment/_furmasks/tops/tops_2073_m_job08_left_mskm.tex.760230703 (deflate)
Wrote re_chunk_000.pak.patch_050\natives/stm/character/_kit/_equipment/_furmasks/tops/tops_4130_f_job08_left_mskm.tex.760230703 (deflate)
Wrote re_chunk_000.pak.patch_050\natives/stm/character/_kit/_equipment/_furmasks/pants/pants_218_m_mskm.tex.760230703 (deflate)
Wrote re_chunk_000.pak.patch_050\natives/stm/character/_kit/_equipment/_furmasks/facewear/facewear_307_m_mskm.tex.760230703 (deflate)
Wrote re_chunk_000.pak.patch_050\natives/stm/character/_kit/_equipment/_furmasks/pants/pants_257_m_mskm.tex.760230703 (deflate)
Wrote re_chunk_000.pak.patch_050\natives/stm/character/_kit/_equipment/_furmasks/tops/tops_2386_m_mskm.tex.760230703 (deflate)
Wrote re_chunk_000.pak.patch_050\natives/stm/character/_kit/_equipment/_furmasks/tops/tops_2074_m_mskm.tex.760230703 (deflate)
Wrote re_chunk_000.pak.patch_050\natives/stm/character/_kit/_equipment/_furmasks/tops/tops_254_f_job02_left_mskm.tex.760230703 (deflate)
Wrote re_chunk_000.pak.patch_050\natives/stm/character/_kit/_equipment/_furmasks/pants/pants_269_m_mskm.tex.760230703 (deflate)
Wrote re_chunk_000.pak.patch_050\natives/stm/character/_kit/_equipment/_furmasks/helm/helm_049_m_mskm.tex.760230703 (deflate)
Wrote re_chunk_000.pak.patch_050\natives/stm/character/_kit/_equipment/_furmasks/helm/helm_237_f_mskm.tex.760230703 (deflate)
Wrote re_chunk_000.pak.patch_050\natives/stm/character/_kit/_equipment/_furmasks/pants/pants_2420_f_mskm.tex.760230703 (deflate)
Wrote re_chunk_000.pak.patch_050\natives/stm/character/_kit/_equipment/_furmasks/tops/tops_212_m_mskm.tex.760230703 (deflate)
Wrote re_chunk_000.pak.patch_050\natives/stm/character/_kit/_equipment/_furmasks/pants/pants_224_m_mskm.tex.760230703 (deflate)
Wrote re_chunk_000.pak.patch_050\natives/stm/character/_kit/_equipment/_furmasks/tops/tops_4010_f_mskm.tex.760230703 (deflate)
Wrote re_chunk_000.pak.patch_050\natives/stm/character/_kit/_equipment/_furmasks/helm/helm_2041_m_mskm.tex.760230703 (deflate)
Wrote re_chunk_000.pak.patch_050\natives/stm/character/_kit/_equipment/_furmasks/pants/pants_204_f_mskm.tex.760230703 (deflate)
Wrote re_chunk_000.pak.patch_050\natives/stm/character/_kit/_equipment/_furmasks/tops/tops_2090_f_job02_left_mskm.tex.760230703 (deflate)
Wrote re_chunk_000.pak.patch_050\natives/stm/character/_kit/_equipment/_furmasks/pants/pants_049_f_mskm.tex.760230703 (deflate)
Wrote re_chunk_000.pak.patch_050\natives/stm/character/_kit/_equipment/_furmasks/tops/tops_315_m_mskm.tex.760230703 (deflate)
Wrote re_chunk_000.pak.patch_050\natives/stm/character/_kit/_equipment/_furmasks/tops/tops_2383_f_mskm.tex.760230703 (deflate)
Wrote re_chunk_000.pak.patch_050\natives/stm/character/_kit/_equipment/_furmasks/helm/helm_051_f_mskm.tex.760230703 (deflate)
Wrote re_chunk_000.pak.patch_050\natives/stm/character/_kit/_equipment/_furmasks/helm/helm_210_f_mskm.tex.760230703 (deflate)
Wrote re_chunk_000.pak.patch_050\natives/stm/character/_kit/_equipment/_furmasks/pants/pants_273_f_mskm.tex.760230703 (deflate)
Wrote re_chunk_000.pak.patch_050\natives/stm/character/_kit/_equipment/_furmasks/tops/tops_4001_m_job01_left_mskm.tex.760230703 (deflate)
Wrote re_chunk_000.pak.patch_050\natives/stm/character/_kit/_equipment/_furmasks/helm/helm_257_f_mskm.tex.760230703 (deflate)
Wrote re_chunk_000.pak.patch_050\natives/stm/character/_kit/_equipment/_furmasks/tops/tops_314_f_mskm.tex.760230703 (deflate)
Wrote re_chunk_000.pak.patch_050\natives/stm/character/_kit/_equipment/_furmasks/tops/tops_2243_m_mskm.tex.760230703 (deflate)
Wrote re_chunk_000.pak.patch_050\natives/stm/character/_kit/_equipment/_furmasks/pants/pants_2420_m_mskm.tex.760230703 (deflate)
Wrote re_chunk_000.pak.patch_050\natives/stm/character/_kit/_equipment/_furmasks/tops/tops_4031_f_mskm.tex.760230703 (deflate)
Wrote re_chunk_000.pak.patch_050\natives/stm/character/_kit/_equipment/_furmasks/helm/helm_006_f_mskm.tex.760230703 (deflate)
Wrote re_chunk_000.pak.patch_050\natives/stm/character/_kit/_equipment/_furmasks/tops/tops_4130_m_mskm.tex.760230703 (deflate)
Wrote re_chunk_000.pak.patch_050\natives/stm/character/_kit/_equipment/_furmasks/facewear/facewear_309_m_mskm.tex.760230703 (deflate)
Wrote re_chunk_000.pak.patch_050\natives/stm/character/_kit/_equipment/_furmasks/tops/tops_239_f_mskm.tex.760230703 (deflate)
Wrote re_chunk_000.pak.patch_050\natives/stm/character/_kit/_equipment/_furmasks/pants/pants_4030_f_mskm.tex.760230703 (deflate)
Wrote re_chunk_000.pak.patch_050\natives/stm/character/_kit/_equipment/_furmasks/tops/tops_2020_f_mskm.tex.760230703 (deflate)
Wrote re_chunk_000.pak.patch_050\natives/stm/character/_kit/_equipment/_furmasks/tops/tops_2421_f_mskm.tex.760230703 (deflate)
Wrote re_chunk_000.pak.patch_050\natives/stm/character/_kit/_equipment/_furmasks/helm/helm_277_f_mskm.tex.760230703 (deflate)
Wrote re_chunk_000.pak.patch_050\natives/stm/character/_kit/_equipment/_furmasks/tops/tops_4030_f_job02_left_mskm.tex.760230703 (deflate)
Wrote re_chunk_000.pak.patch_050\natives/stm/character/_kit/_equipment/_furmasks/pants/pants_2461_m_mskm.tex.760230703 (deflate)
Wrote re_chunk_000.pak.patch_050\natives/stm/character/_kit/_equipment/_furmasks/tops/tops_205_f_mskm.tex.760230703 (deflate)
Wrote re_chunk_000.pak.patch_050\natives/stm/character/_kit/_equipment/_furmasks/tops/tops_2304_m_mskm.tex.760230703 (deflate)
Wrote re_chunk_000.pak.patch_050\natives/stm/character/_kit/_equipment/_furmasks/pants/pants_3160_f_mskm.tex.760230703 (deflate)
Wrote re_chunk_000.pak.patch_050\natives/stm/character/_kit/_equipment/_furmasks/tops/tops_2462_m_mskm.tex.760230703 (deflate)
Wrote re_chunk_000.pak.patch_050\natives/stm/character/_kit/_equipment/_furmasks/tops/tops_034_m_mskm.tex.760230703 (deflate)
Wrote re_chunk_000.pak.patch_050\natives/stm/character/_kit/_equipment/_furmasks/tops/tops_4071_m_mskm.tex.760230703 (deflate)
Wrote re_chunk_000.pak.patch_050\natives/stm/character/_kit/_equipment/_furmasks/helm/helm_008_m_mskm.tex.760230703 (deflate)
Wrote re_chunk_000.pak.patch_050\natives/stm/character/_kit/_equipment/_furmasks/tops/tops_274_m_mskm.tex.760230703 (deflate)
Wrote re_chunk_000.pak.patch_050\natives/stm/character/_kit/_equipment/_furmasks/helm/helm_007_m_mskm.tex.760230703 (deflate)
Wrote re_chunk_000.pak.patch_050\natives/stm/character/_kit/_equipment/_furmasks/helm/helm_246_m_mskm.tex.760230703 (deflate)
Wrote re_chunk_000.pak.patch_050\natives/stm/character/_kit/_equipment/_furmasks/tops/tops_001_f_mskm.tex.760230703 (deflate)
Wrote re_chunk_000.pak.patch_050\natives/stm/character/_kit/_equipment/_furmasks/pants/pants_281_f_mskm.tex.760230703 (deflate)
Wrote re_chunk_000.pak.patch_050\natives/stm/character/_kit/_equipment/_furmasks/pants/pants_249_m_mskm.tex.760230703 (deflate)
Wrote re_chunk_000.pak.patch_050\natives/stm/character/_kit/_equipment/_furmasks/tops/tops_3180_m_mskm.tex.760230703 (deflate)
Wrote re_chunk_000.pak.patch_050\natives/stm/character/_kit/_equipment/_furmasks/tops/tops_3050_f_mskm.tex.760230703 (deflate)
Wrote re_chunk_000.pak.patch_050\natives/stm/character/_kit/_equipment/_furmasks/tops/tops_4140_f_mskm.tex.760230703 (deflate)
Wrote re_chunk_000.pak.patch_050\natives/stm/character/_kit/_equipment/_furmasks/tops/tops_2181_f_mskm.tex.760230703 (deflate)
Wrote re_chunk_000.pak.patch_050\natives/stm/character/_kit/_equipment/_furmasks/tops/tops_285_f_job07_right_mskm.tex.760230703 (deflate)
Wrote re_chunk_000.pak.patch_050\natives/stm/character/_kit/_equipment/_furmasks/tops/tops_271_m_mskm.tex.760230703 (deflate)
Wrote re_chunk_000.pak.patch_050\natives/stm/character/_kit/_equipment/_furmasks/tops/tops_276_f_mskm.tex.760230703 (deflate)
Wrote re_chunk_000.pak.patch_050\natives/stm/character/_kit/_equipment/_furmasks/tops/tops_2090_f_mskm.tex.760230703 (deflate)
Wrote re_chunk_000.pak.patch_050\natives/stm/character/_kit/_equipment/_furmasks/tops/tops_2103_f_mskm.tex.760230703 (deflate)
Wrote re_chunk_000.pak.patch_050\natives/stm/character/_kit/_equipment/_furmasks/tops/tops_015_f_job08_left_mskm.tex.760230703 (deflate)
Wrote re_chunk_000.pak.patch_050\natives/stm/character/_kit/_equipment/_furmasks/tops/tops_248_f_job02_left_mskm.tex.760230703 (deflate)
Wrote re_chunk_000.pak.patch_050\natives/stm/character/_kit/_equipment/_furmasks/pants/pants_239_f_mskm.tex.760230703 (deflate)
Wrote re_chunk_000.pak.patch_050\natives/stm/character/_kit/_equipment/_furmasks/facewear/facewear_004_m_mskm.tex.760230703 (deflate)
Wrote re_chunk_000.pak.patch_050\natives/stm/character/_kit/_equipment/_furmasks/tops/tops_2303_m_mskm.tex.760230703 (deflate)
Wrote re_chunk_000.pak.patch_050\natives/stm/character/_kit/_equipment/_furmasks/tops/tops_210_m_mskm.tex.760230703 (deflate)
Wrote re_chunk_000.pak.patch_050\natives/stm/character/_kit/_equipment/_furmasks/pants/pants_3360_m_mskm.tex.760230703 (deflate)
Wrote re_chunk_000.pak.patch_050\natives/stm/character/_kit/_equipment/_furmasks/tops/tops_2062_m_mskm.tex.760230703 (deflate)
Wrote re_chunk_000.pak.patch_050\natives/stm/character/_kit/_equipment/_furmasks/tops/tops_2024_m_mskm.tex.760230703 (deflate)
Wrote re_chunk_000.pak.patch_050\natives/stm/character/_kit/_equipment/_furmasks/helm/helm_3010_f_mskm.tex.760230703 (deflate)
Wrote re_chunk_000.pak.patch_050\natives/stm/character/_kit/_equipment/_furmasks/tops/tops_4041_m_job02_left_mskm.tex.760230703 (deflate)
Wrote re_chunk_000.pak.patch_050\natives/stm/character/_kit/_equipment/_furmasks/helm/helm_009_m_mskm.tex.760230703 (deflate)
Wrote re_chunk_000.pak.patch_050\natives/stm/character/_kit/_equipment/_furmasks/pants/pants_275_f_mskm.tex.760230703 (deflate)
Wrote re_chunk_000.pak.patch_050\natives/stm/character/_kit/_equipment/_furmasks/tops/tops_255_m_mskm.tex.760230703 (deflate)
Wrote re_chunk_000.pak.patch_050\natives/stm/character/_kit/_equipment/_furmasks/helm/helm_2386_f_mskm.tex.760230703 (deflate)
Wrote re_chunk_000.pak.patch_050\natives/stm/character/_kit/_equipment/_furmasks/tops/tops_2380_m_mskm.tex.760230703 (deflate)
Wrote re_chunk_000.pak.patch_050\natives/stm/character/_kit/_equipment/_furmasks/tops/tops_4001_f_job01_left_mskm.tex.760230703 (deflate)
Wrote re_chunk_000.pak.patch_050\natives/stm/character/_kit/_equipment/_furmasks/tops/tops_281_m_job02_left_mskm.tex.760230703 (deflate)
Wrote re_chunk_000.pak.patch_050\natives/stm/character/_kit/_equipment/_furmasks/pants/pants_251_f_mskm.tex.760230703 (deflate)
Wrote re_chunk_000.pak.patch_050\natives/stm/character/_kit/_equipment/_furmasks/tops/tops_256_m_mskm.tex.760230703 (deflate)
Wrote re_chunk_000.pak.patch_050\natives/stm/character/_kit/_equipment/_furmasks/hair/hair_034_mskm.tex.760230703 (deflate)
Wrote re_chunk_000.pak.patch_050\natives/stm/character/_kit/_equipment/_furmasks/tops/tops_4000_m_job02_left_mskm.tex.760230703 (deflate)
Wrote re_chunk_000.pak.patch_050\natives/stm/character/_kit/_equipment/_furmasks/tops/tops_007_m_mskm.tex.760230703 (deflate)
Wrote re_chunk_000.pak.patch_050\natives/stm/character/_kit/_equipment/_furmasks/tops/tops_275_m_mskm.tex.760230703 (deflate)
Wrote re_chunk_000.pak.patch_050\natives/stm/character/_kit/_equipment/_furmasks/pants/pants_276_f_mskm.tex.760230703 (deflate)
Wrote re_chunk_000.pak.patch_050\natives/stm/character/_kit/_equipment/_furmasks/tops/tops_3110_m_mskm.tex.760230703 (deflate)
Wrote re_chunk_000.pak.patch_050\natives/stm/character/_kit/_equipment/_furmasks/tops/tops_045_m_mskm.tex.760230703 (deflate)
Wrote re_chunk_000.pak.patch_050\natives/stm/character/_kit/_equipment/_furmasks/tops/tops_277_m_job08_left_mskm.tex.760230703 (deflate)
Wrote re_chunk_000.pak.patch_050\natives/stm/character/_kit/_equipment/_furmasks/tops/tops_254_m_job01_left_mskm.tex.760230703 (deflate)
Wrote re_chunk_000.pak.patch_050\natives/stm/character/_kit/_equipment/_furmasks/hair/hair_003_mskm.tex.760230703 (deflate)
Wrote re_chunk_000.pak.patch_050\natives/stm/character/_kit/_equipment/_furmasks/tops/tops_309_m_job02_left_mskm.tex.760230703 (deflate)
Wrote re_chunk_000.pak.patch_050\natives/stm/character/_kit/_equipment/_furmasks/pants/pants_2281_m_mskm.tex.760230703 (deflate)
Wrote re_chunk_000.pak.patch_050\natives/stm/character/_kit/_equipment/_furmasks/tops/tops_255_f_job02_left_mskm.tex.760230703 (deflate)
Wrote re_chunk_000.pak.patch_050\natives/stm/character/_kit/_equipment/_furmasks/pants/pants_3150_f_mskm.tex.760230703 (deflate)
Wrote re_chunk_000.pak.patch_050\natives/stm/character/_kit/_equipment/_furmasks/pants/pants_207_f_mskm.tex.760230703 (deflate)
Wrote re_chunk_000.pak.patch_050\natives/stm/character/_kit/_equipment/_furmasks/helm/helm_236_m_mskm.tex.760230703 (deflate)
Wrote re_chunk_000.pak.patch_050\natives/stm/character/_kit/_equipment/_furmasks/tops/tops_2420_f_mskm.tex.760230703 (deflate)
Wrote re_chunk_000.pak.patch_050\natives/stm/character/_kit/_equipment/_furmasks/helm/helm_2024_m_mskm.tex.760230703 (deflate)
Wrote re_chunk_000.pak.patch_050\natives/stm/character/_kit/_equipment/_furmasks/tops/tops_202_f_job08_left_mskm.tex.760230703 (deflate)
Wrote re_chunk_000.pak.patch_050\natives/stm/character/_kit/_equipment/_furmasks/tops/tops_2349_m_mskm.tex.760230703 (deflate)
Wrote re_chunk_000.pak.patch_050\natives/stm/character/_kit/_equipment/_furmasks/helm/helm_2104_f_mskm.tex.760230703 (deflate)
Wrote re_chunk_000.pak.patch_050\natives/stm/character/_kit/_equipment/_furmasks/pants/pants_018_m_mskm.tex.760230703 (deflate)
Wrote re_chunk_000.pak.patch_050\natives/stm/character/_kit/_equipment/_furmasks/helm/helm_2100_f_mskm.tex.760230703 (deflate)
Wrote re_chunk_000.pak.patch_050\natives/stm/character/_kit/_equipment/_furmasks/helm/helm_002_f_mskm.tex.760230703 (deflate)
Wrote re_chunk_000.pak.patch_050\natives/stm/character/_kit/_equipment/_furmasks/tops/tops_4132_m_job08_left_mskm.tex.760230703 (deflate)
Wrote re_chunk_000.pak.patch_050\natives/stm/character/_kit/_equipment/_furmasks/helm/helm_4180_m_mskm.tex.760230703 (deflate)
Wrote re_chunk_000.pak.patch_050\natives/stm/character/_kit/_equipment/_furmasks/tops/tops_291_f_job01_left_mskm.tex.760230703 (deflate)
Wrote re_chunk_000.pak.patch_050\natives/stm/character/_kit/_equipment/_furmasks/underwear/underwear_001_m_lower_mskm.tex.760230703 (deflate)
Wrote re_chunk_000.pak.patch_050\natives/stm/character/_kit/_equipment/_furmasks/helm/helm_247_m_mskm.tex.760230703 (deflate)
Wrote re_chunk_000.pak.patch_050\natives/stm/character/_kit/_equipment/_furmasks/tops/tops_280_m_job02_left_mskm.tex.760230703 (deflate)
Wrote re_chunk_000.pak.patch_050\natives/stm/character/_kit/_equipment/_furmasks/helm/helm_023_m_mskm.tex.760230703 (deflate)
Wrote re_chunk_000.pak.patch_050\natives/stm/character/_kit/_equipment/_furmasks/tops/tops_007_f_mskm.tex.760230703 (deflate)
Wrote re_chunk_000.pak.patch_050\natives/stm/character/_kit/_equipment/_furmasks/tops/tops_4050_m_mskm.tex.760230703 (deflate)
Wrote re_chunk_000.pak.patch_050\natives/stm/character/_kit/_equipment/_furmasks/tops/tops_2343_m_mskm.tex.760230703 (deflate)
Wrote re_chunk_000.pak.patch_050\natives/stm/character/_kit/_equipment/_furmasks/helm/helm_202_f_mskm.tex.760230703 (deflate)
Wrote re_chunk_000.pak.patch_050\natives/stm/character/_kit/_equipment/_furmasks/tops/tops_3240_f_mskm.tex.760230703 (deflate)
Wrote re_chunk_000.pak.patch_050\natives/stm/character/_kit/_equipment/_furmasks/tops/tops_229_f_mskm.tex.760230703 (deflate)
Wrote re_chunk_000.pak.patch_050\natives/stm/character/_kit/_equipment/_furmasks/facewear/facewear_307_f_mskm.tex.760230703 (deflate)
Wrote re_chunk_000.pak.patch_050\natives/stm/character/_kit/_equipment/_furmasks/tops/tops_313_m_job01_left_mskm.tex.760230703 (deflate)
Wrote re_chunk_000.pak.patch_050\natives/stm/character/_kit/_equipment/_furmasks/hair/hair_015_mskm.tex.760230703 (deflate)
Wrote re_chunk_000.pak.patch_050\natives/stm/character/_kit/_equipment/_furmasks/tops/tops_2085_m_mskm.tex.760230703 (deflate)
Wrote re_chunk_000.pak.patch_050\natives/stm/character/_kit/_equipment/_furmasks/pants/pants_2124_f_mskm.tex.760230703 (deflate)
Wrote re_chunk_000.pak.patch_050\natives/stm/character/_kit/_equipment/_furmasks/tops/tops_3380_f_mskm.tex.760230703 (deflate)
Wrote re_chunk_000.pak.patch_050\natives/stm/character/_kit/_equipment/_furmasks/facewear/facewear_300_m_mskm.tex.760230703 (deflate)
Wrote re_chunk_000.pak.patch_050\natives/stm/character/_kit/_equipment/_furmasks/tops/tops_228_m_mskm.tex.760230703 (deflate)
Wrote re_chunk_000.pak.patch_050\natives/stm/character/_kit/_equipment/_furmasks/tops/tops_017_f_mskm.tex.760230703 (deflate)
Wrote re_chunk_000.pak.patch_050\natives/stm/character/_kit/_equipment/_furmasks/helm/helm_2062_f_mskm.tex.760230703 (deflate)
Wrote re_chunk_000.pak.patch_050\natives/stm/character/_kit/_equipment/_furmasks/tops/tops_291_m_job01_left_mskm.tex.760230703 (deflate)
Wrote re_chunk_000.pak.patch_050\natives/stm/character/_kit/_equipment/_furmasks/tops/tops_4070_m_mskm.tex.760230703 (deflate)
Wrote re_chunk_000.pak.patch_050\natives/stm/character/_kit/_equipment/_furmasks/tops/tops_4011_m_job02_left_mskm.tex.760230703 (deflate)
Wrote re_chunk_000.pak.patch_050\natives/stm/character/_kit/_equipment/_furmasks/tops/tops_015_m_job02_left_mskm.tex.760230703 (deflate)
Wrote re_chunk_000.pak.patch_050\natives/stm/character/_kit/_equipment/_furmasks/tops/tops_4131_f_job08_left_mskm.tex.760230703 (deflate)
Wrote re_chunk_000.pak.patch_050\natives/stm/character/_kit/_equipment/_furmasks/tops/tops_291_f_mskm.tex.760230703 (deflate)
Wrote re_chunk_000.pak.patch_050\natives/stm/character/_kit/_equipment/_furmasks/tops/tops_309_m_mskm.tex.760230703 (deflate)
Wrote re_chunk_000.pak.patch_050\natives/stm/character/_kit/_equipment/_furmasks/helm/helm_2382_m_mskm.tex.760230703 (deflate)
Wrote re_chunk_000.pak.patch_050\natives/stm/character/_kit/_equipment/_furmasks/tops/tops_051_m_mskm.tex.760230703 (deflate)
Wrote re_chunk_000.pak.patch_050\natives/stm/character/_kit/_equipment/_furmasks/tops/tops_4081_m_mskm.tex.760230703 (deflate)
Wrote re_chunk_000.pak.patch_050\natives/stm/character/_kit/_equipment/_furmasks/pants/pants_210_f_mskm.tex.760230703 (deflate)
Wrote re_chunk_000.pak.patch_050\natives/stm/character/_kit/_equipment/_furmasks/tops/tops_254_m_mskm.tex.760230703 (deflate)
Wrote re_chunk_000.pak.patch_050\natives/stm/character/_kit/_equipment/_furmasks/helm/helm_2020_m_mskm.tex.760230703 (deflate)
Wrote re_chunk_000.pak.patch_050\natives/stm/character/_kit/_equipment/_furmasks/pants/pants_046_m_mskm.tex.760230703 (deflate)
Wrote re_chunk_000.pak.patch_050\natives/stm/character/_kit/_equipment/_furmasks/pants/pants_3400_f_mskm.tex.760230703 (deflate)
Wrote re_chunk_000.pak.patch_050\natives/stm/character/_kit/_equipment/_furmasks/helm/helm_279_m_mskm.tex.760230703 (deflate)
Wrote re_chunk_000.pak.patch_050\natives/stm/character/_kit/_equipment/_furmasks/pants/pants_254_f_mskm.tex.760230703 (deflate)
Wrote re_chunk_000.pak.patch_050\natives/stm/character/_kit/_equipment/_furmasks/helm/helm_028_f_mskm.tex.760230703 (deflate)
Wrote re_chunk_000.pak.patch_050\natives/stm/character/_kit/_equipment/_furmasks/tops/tops_2280_f_mskm.tex.760230703 (deflate)
Wrote re_chunk_000.pak.patch_050\natives/stm/character/_kit/_equipment/_furmasks/tops/tops_2261_m_mskm.tex.760230703 (deflate)
Wrote re_chunk_000.pak.patch_050\natives/stm/character/_kit/_equipment/_furmasks/pants/pants_246_m_mskm.tex.760230703 (deflate)
Wrote re_chunk_000.pak.patch_050\natives/stm/character/_kit/_equipment/_furmasks/pants/pants_2305_m_mskm.tex.760230703 (deflate)
Wrote re_chunk_000.pak.patch_050\natives/stm/character/_kit/_equipment/_furmasks/hair/hair_006_mskm.tex.760230703 (deflate)
Wrote re_chunk_000.pak.patch_050\natives/stm/character/_kit/_equipment/_furmasks/helm/helm_2321_f_mskm.tex.760230703 (deflate)
Wrote re_chunk_000.pak.patch_050\natives/stm/character/_kit/_equipment/_furmasks/tops/tops_4110_f_job02_left_mskm.tex.760230703 (deflate)
Wrote re_chunk_000.pak.patch_050\natives/stm/character/_kit/_equipment/_furmasks/tops/tops_1000_m_mskm.tex.760230703 (deflate)
Wrote re_chunk_000.pak.patch_050\natives/stm/character/_kit/_equipment/_furmasks/pants/pants_2154_m_mskm.tex.760230703 (deflate)
Wrote re_chunk_000.pak.patch_050\natives/stm/character/_kit/_equipment/_furmasks/tops/tops_254_f_job01_left_mskm.tex.760230703 (deflate)
Wrote re_chunk_000.pak.patch_050\natives/stm/character/_kit/_equipment/_furmasks/helm/helm_254_f_mskm.tex.760230703 (deflate)
Wrote re_chunk_000.pak.patch_050\natives/stm/character/_kit/_equipment/_furmasks/pants/pants_2160_m_mskm.tex.760230703 (deflate)
Wrote re_chunk_000.pak.patch_050\natives/stm/character/_kit/_equipment/_furmasks/tops/tops_232_f_mskm.tex.760230703 (deflate)
Wrote re_chunk_000.pak.patch_050\natives/stm/character/_kit/_equipment/_furmasks/tops/tops_2260_m_mskm.tex.760230703 (deflate)
Wrote re_chunk_000.pak.patch_050\natives/stm/character/_kit/_equipment/_furmasks/hair/hair_026_mskm.tex.760230703 (deflate)
Wrote re_chunk_000.pak.patch_050\natives/stm/character/_kit/_equipment/_furmasks/tops/tops_4041_f_job02_left_mskm.tex.760230703 (deflate)
Wrote re_chunk_000.pak.patch_050\natives/stm/character/_kit/_equipment/_furmasks/tops/tops_2090_m_mskm.tex.760230703 (deflate)
Wrote re_chunk_000.pak.patch_050\natives/stm/character/_kit/_equipment/_furmasks/tops/tops_2182_f_mskm.tex.760230703 (deflate)
Wrote re_chunk_000.pak.patch_050\natives/stm/character/_kit/_equipment/_furmasks/hair/hair_056_mskm.tex.760230703 (deflate)
Wrote re_chunk_000.pak.patch_050\natives/stm/character/_kit/_equipment/_furmasks/pants/pants_050_m_mskm.tex.760230703 (deflate)
Wrote re_chunk_000.pak.patch_050\natives/stm/character/_kit/_equipment/_furmasks/tops/tops_220_m_mskm.tex.760230703 (deflate)
Wrote re_chunk_000.pak.patch_050\natives/stm/character/_kit/_equipment/_furmasks/helm/helm_017_f_mskm.tex.760230703 (deflate)
Wrote re_chunk_000.pak.patch_050\natives/stm/character/_kit/_equipment/_furmasks/tops/tops_4011_f_job01_left_mskm.tex.760230703 (deflate)
Wrote re_chunk_000.pak.patch_050\natives/stm/character/_kit/_equipment/_furmasks/tops/tops_257_m_mskm.tex.760230703 (deflate)
Wrote re_chunk_000.pak.patch_050\natives/stm/character/_kit/_equipment/_furmasks/hair/hair_014_mskm.tex.760230703 (deflate)
Wrote re_chunk_000.pak.patch_050\natives/stm/character/_kit/_equipment/_furmasks/pants/pants_214_m_mskm.tex.760230703 (deflate)
Wrote re_chunk_000.pak.patch_050\natives/stm/character/_kit/_equipment/_furmasks/tops/tops_264_f_job08_left_mskm.tex.760230703 (deflate)
Wrote re_chunk_000.pak.patch_050\natives/stm/character/_kit/_equipment/_furmasks/pants/pants_002_f_mskm.tex.760230703 (deflate)
Wrote re_chunk_000.pak.patch_050\natives/stm/character/_kit/_equipment/_furmasks/pants/pants_2360_f_mskm.tex.760230703 (deflate)
Wrote re_chunk_000.pak.patch_050\natives/stm/character/_kit/_equipment/_furmasks/tops/tops_4010_m_job02_left_mskm.tex.760230703 (deflate)
Wrote re_chunk_000.pak.patch_050\natives/stm/character/_kit/_equipment/_furmasks/hair/hair_041_mskm.tex.760230703 (deflate)
Wrote re_chunk_000.pak.patch_050\natives/stm/character/_kit/_equipment/_furmasks/tops/tops_2010_f_mskm.tex.760230703 (deflate)
Wrote re_chunk_000.pak.patch_050\natives/stm/character/_kit/_equipment/_furmasks/tops/tops_2191_f_mskm.tex.760230703 (deflate)
Wrote re_chunk_000.pak.patch_050\natives/stm/character/_kit/_equipment/_furmasks/tops/tops_2063_m_mskm.tex.760230703 (deflate)
Wrote re_chunk_000.pak.patch_050\natives/stm/character/_kit/_equipment/_furmasks/helm/helm_238_m_mskm.tex.760230703 (deflate)
Wrote re_chunk_000.pak.patch_050\natives/stm/character/_kit/_equipment/_furmasks/helm/helm_211_f_mskm.tex.760230703 (deflate)
Wrote re_chunk_000.pak.patch_050\natives/stm/character/_kit/_equipment/_furmasks/pants/pants_221_f_mskm.tex.760230703 (deflate)
Wrote re_chunk_000.pak.patch_050\natives/stm/character/_kit/_equipment/_furmasks/pants/pants_272_m_mskm.tex.760230703 (deflate)
Wrote re_chunk_000.pak.patch_050\natives/stm/character/_kit/_equipment/_furmasks/tops/tops_236_f_mskm.tex.760230703 (deflate)
Wrote re_chunk_000.pak.patch_050\natives/stm/character/_kit/_equipment/_furmasks/tops/tops_4131_m_mskm.tex.760230703 (deflate)
Wrote re_chunk_000.pak.patch_050\natives/stm/character/_kit/_equipment/_furmasks/tops/tops_015_m_job01_left_mskm.tex.760230703 (deflate)
Wrote re_chunk_000.pak.patch_050\natives/stm/character/_kit/_equipment/_furmasks/tops/tops_4021_m_job07_right_mskm.tex.760230703 (deflate)
Wrote re_chunk_000.pak.patch_050\natives/stm/character/_kit/_equipment/_furmasks/pants/pants_2121_f_mskm.tex.760230703 (deflate)
Wrote re_chunk_000.pak.patch_050\natives/stm/character/_kit/_equipment/_furmasks/pants/pants_256_m_mskm.tex.760230703 (deflate)
Wrote re_chunk_000.pak.patch_050\natives/stm/character/_kit/_equipment/_furmasks/facewear/facewear_306_f_mskm.tex.760230703 (deflate)
Wrote re_chunk_000.pak.patch_050\natives/stm/character/_kit/_equipment/_furmasks/tops/tops_4021_f_mskm.tex.760230703 (deflate)
Wrote re_chunk_000.pak.patch_050\natives/stm/character/_kit/_equipment/_furmasks/tops/tops_013_f_mskm.tex.760230703 (deflate)
Wrote re_chunk_000.pak.patch_050\natives/stm/character/_kit/_equipment/_furmasks/helm/helm_2441_f_mskm.tex.760230703 (deflate)
Wrote re_chunk_000.pak.patch_050\natives/stm/character/_kit/_equipment/_furmasks/tops/tops_2022_f_mskm.tex.760230703 (deflate)
Wrote re_chunk_000.pak.patch_050\natives/stm/character/_kit/_equipment/_furmasks/pants/pants_021_m_mskm.tex.760230703 (deflate)
Wrote re_chunk_000.pak.patch_050\natives/stm/character/_kit/_equipment/_furmasks/tops/tops_2154_f_mskm.tex.760230703 (deflate)
Wrote re_chunk_000.pak.patch_050\natives/stm/character/_kit/_equipment/_furmasks/pants/pants_4120_f_mskm.tex.760230703 (deflate)
Wrote re_chunk_000.pak.patch_050\natives/stm/character/_kit/_equipment/_furmasks/tops/tops_221_f_job01_left_mskm.tex.760230703 (deflate)
Wrote re_chunk_000.pak.patch_050\natives/stm/character/_kit/_equipment/_furmasks/tops/tops_2155_f_mskm.tex.760230703 (deflate)
Wrote re_chunk_000.pak.patch_050\natives/stm/character/_kit/_equipment/_furmasks/pants/pants_2100_f_mskm.tex.760230703 (deflate)
Wrote re_chunk_000.pak.patch_050\natives/stm/character/_kit/_equipment/_furmasks/tops/tops_4130_m_job08_left_mskm.tex.760230703 (deflate)
Wrote re_chunk_000.pak.patch_050\natives/stm/character/_kit/_equipment/_furmasks/helm/helm_029_f_mskm.tex.760230703 (deflate)
Wrote re_chunk_000.pak.patch_050\natives/stm/character/_kit/_equipment/_furmasks/pants/pants_2000_f_mskm.tex.760230703 (deflate)
Wrote re_chunk_000.pak.patch_050\natives/stm/character/_kit/_equipment/_furmasks/helm/helm_041_m_mskm.tex.760230703 (deflate)
Wrote re_chunk_000.pak.patch_050\natives/stm/character/_kit/_equipment/_furmasks/tops/tops_4021_f_job02_left_mskm.tex.760230703 (deflate)
Wrote re_chunk_000.pak.patch_050\natives/stm/character/_kit/_equipment/_furmasks/pants/pants_227_f_mskm.tex.760230703 (deflate)
Wrote re_chunk_000.pak.patch_050\natives/stm/character/_kit/_equipment/_furmasks/helm/helm_2082_m_mskm.tex.760230703 (deflate)
Wrote re_chunk_000.pak.patch_050\natives/stm/character/_kit/_equipment/_furmasks/pants/pants_2361_f_mskm.tex.760230703 (deflate)
Wrote re_chunk_000.pak.patch_050\natives/stm/character/_kit/_equipment/_furmasks/helm/helm_305_m_mskm.tex.760230703 (deflate)
Wrote re_chunk_000.pak.patch_050\natives/stm/character/_kit/_equipment/_furmasks/tops/tops_228_m_job07_right_mskm.tex.760230703 (deflate)
Wrote re_chunk_000.pak.patch_050\natives/stm/character/_kit/_equipment/_furmasks/tops/tops_242_m_job08_left_mskm.tex.760230703 (deflate)
Wrote re_chunk_000.pak.patch_050\natives/stm/character/_kit/_equipment/_furmasks/hair/hair_023_mskm.tex.760230703 (deflate)
Wrote re_chunk_000.pak.patch_050\natives/stm/character/_kit/_equipment/_furmasks/helm/helm_304_f_mskm.tex.760230703 (deflate)
Wrote re_chunk_000.pak.patch_050\natives/stm/character/_kit/_equipment/_furmasks/tops/tops_2070_f_mskm.tex.760230703 (deflate)
Wrote re_chunk_000.pak.patch_050\natives/stm/character/_kit/_equipment/_furmasks/pants/pants_268_f_mskm.tex.760230703 (deflate)
Wrote re_chunk_000.pak.patch_050\natives/stm/character/_kit/_equipment/_furmasks/tops/tops_225_m_job01_left_mskm.tex.760230703 (deflate)
Wrote re_chunk_000.pak.patch_050\natives/stm/character/_kit/_equipment/_furmasks/tops/tops_255_f_job08_left_mskm.tex.760230703 (deflate)
Wrote re_chunk_000.pak.patch_050\natives/stm/character/_kit/_equipment/_furmasks/tops/tops_309_f_mskm.tex.760230703 (deflate)
Wrote re_chunk_000.pak.patch_050\natives/stm/character/_kit/_equipment/_furmasks/tops/tops_292_f_mskm.tex.760230703 (deflate)
Wrote re_chunk_000.pak.patch_050\natives/stm/character/_kit/_equipment/_furmasks/helm/helm_045_m_mskm.tex.760230703 (deflate)
Wrote re_chunk_000.pak.patch_050\natives/stm/character/_kit/_equipment/_furmasks/pants/pants_2322_f_mskm.tex.760230703 (deflate)
Wrote re_chunk_000.pak.patch_050\natives/stm/character/_kit/_equipment/_furmasks/tops/tops_3270_m_mskm.tex.760230703 (deflate)
Wrote re_chunk_000.pak.patch_050\natives/stm/character/_kit/_equipment/_furmasks/helm/helm_005_f_mskm.tex.760230703 (deflate)
Wrote re_chunk_000.pak.patch_050\natives/stm/character/_kit/_equipment/_furmasks/pants/pants_268_m_mskm.tex.760230703 (deflate)
Wrote re_chunk_000.pak.patch_050\natives/stm/character/_kit/_equipment/_furmasks/helm/helm_4010_m_mskm.tex.760230703 (deflate)
Wrote re_chunk_000.pak.patch_050\natives/stm/character/_kit/_equipment/_furmasks/tops/tops_225_f_job01_left_mskm.tex.760230703 (deflate)
Wrote re_chunk_000.pak.patch_050\natives/stm/character/_kit/_equipment/_furmasks/pants/pants_285_f_mskm.tex.760230703 (deflate)
Wrote re_chunk_000.pak.patch_050\natives/stm/character/_kit/_equipment/_furmasks/tops/tops_4020_f_job07_right_mskm.tex.760230703 (deflate)
Wrote re_chunk_000.pak.patch_050\natives/stm/character/_kit/_equipment/_furmasks/tops/tops_2381_m_mskm.tex.760230703 (deflate)
Wrote re_chunk_000.pak.patch_050\natives/stm/character/_kit/_equipment/_furmasks/pants/pants_208_m_mskm.tex.760230703 (deflate)
Wrote re_chunk_000.pak.patch_050\natives/stm/character/_kit/_equipment/_furmasks/tops/tops_3250_m_mskm.tex.760230703 (deflate)
Wrote re_chunk_000.pak.patch_050\natives/stm/character/_kit/_equipment/_furmasks/tops/tops_310_f_mskm.tex.760230703 (deflate)
Wrote re_chunk_000.pak.patch_050\natives/stm/character/_kit/_equipment/_furmasks/tops/tops_273_f_mskm.tex.760230703 (deflate)
Wrote re_chunk_000.pak.patch_050\natives/stm/character/_kit/_equipment/_furmasks/tops/tops_013_f_job02_left_mskm.tex.760230703 (deflate)
Wrote re_chunk_000.pak.patch_050\natives/stm/character/_kit/_equipment/_furmasks/tops/tops_2382_f_mskm.tex.760230703 (deflate)
Wrote re_chunk_000.pak.patch_050\natives/stm/character/_kit/_equipment/_furmasks/tops/tops_001_m_mskm.tex.760230703 (deflate)
Wrote re_chunk_000.pak.patch_050\natives/stm/character/_kit/_equipment/_furmasks/pants/pants_4140_f_mskm.tex.760230703 (deflate)
Wrote re_chunk_000.pak.patch_050\natives/stm/character/_kit/_equipment/_furmasks/facewear/facewear_304_f_mskm.tex.760230703 (deflate)
Wrote re_chunk_000.pak.patch_050\natives/stm/character/_kit/_equipment/_furmasks/helm/helm_2385_m_mskm.tex.760230703 (deflate)
Wrote re_chunk_000.pak.patch_050\natives/stm/character/_kit/_equipment/_furmasks/tops/tops_013_m_job02_left_mskm.tex.760230703 (deflate)
Wrote re_chunk_000.pak.patch_050\natives/stm/character/_kit/_equipment/_furmasks/helm/helm_006_m_mskm.tex.760230703 (deflate)
Wrote re_chunk_000.pak.patch_050\natives/stm/character/_kit/_equipment/_furmasks/tops/tops_4082_f_mskm.tex.760230703 (deflate)
Wrote re_chunk_000.pak.patch_050\natives/stm/character/_kit/_equipment/_furmasks/tops/tops_2167_f_mskm.tex.760230703 (deflate)
Wrote re_chunk_000.pak.patch_050\natives/stm/character/_kit/_equipment/_furmasks/tops/tops_2440_f_mskm.tex.760230703 (deflate)
Wrote re_chunk_000.pak.patch_050\natives/stm/character/_kit/_equipment/_furmasks/tops/tops_2102_f_mskm.tex.760230703 (deflate)
Wrote re_chunk_000.pak.patch_050\natives/stm/character/_kit/_equipment/_furmasks/tops/tops_3120_m_mskm.tex.760230703 (deflate)
Wrote re_chunk_000.pak.patch_050\natives/stm/character/_kit/_equipment/_furmasks/helm/helm_303_m_mskm.tex.760230703 (deflate)
Wrote re_chunk_000.pak.patch_050\natives/stm/character/_kit/_equipment/_furmasks/tops/tops_4181_f_mskm.tex.760230703 (deflate)
Wrote re_chunk_000.pak.patch_050\natives/stm/character/_kit/_equipment/_furmasks/tops/tops_2063_f_mskm.tex.760230703 (deflate)
Wrote re_chunk_000.pak.patch_050\natives/stm/character/_kit/_equipment/_furmasks/pants/pants_266_f_mskm.tex.760230703 (deflate)
Wrote re_chunk_000.pak.patch_050\natives/stm/character/_kit/_equipment/_furmasks/tops/tops_4001_f_job08_left_mskm.tex.760230703 (deflate)
Wrote re_chunk_000.pak.patch_050\natives/stm/character/_kit/_equipment/_furmasks/helm/helm_212_f_mskm.tex.760230703 (deflate)
Wrote re_chunk_000.pak.patch_050\natives/stm/character/_kit/_equipment/_furmasks/helm/helm_206_f_mskm.tex.760230703 (deflate)
Wrote re_chunk_000.pak.patch_050\natives/stm/character/_kit/_equipment/_furmasks/tops/tops_4041_f_mskm.tex.760230703 (deflate)
Wrote re_chunk_000.pak.patch_050\natives/stm/character/_kit/_equipment/_furmasks/tops/tops_207_m_job02_left_mskm.tex.760230703 (deflate)
Wrote re_chunk_000.pak.patch_050\natives/stm/character/_kit/_equipment/_furmasks/tops/tops_211_m_job02_left_mskm.tex.760230703 (deflate)
Wrote re_chunk_000.pak.patch_050\natives/stm/character/_kit/_equipment/_furmasks/helm/helm_307_f_mskm.tex.760230703 (deflate)
Wrote re_chunk_000.pak.patch_050\natives/stm/character/_kit/_equipment/_furmasks/tops/tops_3130_f_mskm.tex.760230703 (deflate)
Wrote re_chunk_000.pak.patch_050\natives/stm/character/_kit/_equipment/_furmasks/tops/tops_306_m_mskm.tex.760230703 (deflate)
Wrote re_chunk_000.pak.patch_050\natives/stm/character/_kit/_equipment/_furmasks/pants/pants_3370_m_mskm.tex.760230703 (deflate)
Wrote re_chunk_000.pak.patch_050\natives/stm/character/_kit/_equipment/_furmasks/hair/hair_029_mskm.tex.760230703 (deflate)
Wrote re_chunk_000.pak.patch_050\natives/stm/character/_kit/_equipment/_furmasks/tops/tops_237_f_mskm.tex.760230703 (deflate)
Wrote re_chunk_000.pak.patch_050\natives/stm/character/_kit/_equipment/_furmasks/tops/tops_2027_m_mskm.tex.760230703 (deflate)
Wrote re_chunk_000.pak.patch_050\natives/stm/character/_kit/_equipment/_furmasks/tops/tops_2104_f_mskm.tex.760230703 (deflate)
Wrote re_chunk_000.pak.patch_050\natives/stm/character/_kit/_equipment/_furmasks/tops/tops_2303_f_mskm.tex.760230703 (deflate)
Wrote re_chunk_000.pak.patch_050\natives/stm/character/_kit/_equipment/_furmasks/tops/tops_2323_f_mskm.tex.760230703 (deflate)
Wrote re_chunk_000.pak.patch_050\natives/stm/character/_kit/_equipment/_furmasks/tops/tops_248_m_mskm.tex.760230703 (deflate)
Wrote re_chunk_000.pak.patch_050\natives/stm/character/_kit/_equipment/_furmasks/tops/tops_2029_f_mskm.tex.760230703 (deflate)
Wrote re_chunk_000.pak.patch_050\natives/stm/character/_kit/_equipment/_furmasks/tops/tops_2241_m_mskm.tex.760230703 (deflate)
Wrote re_chunk_000.pak.patch_050\natives/stm/character/_kit/_equipment/_furmasks/tops/tops_007_f_job02_left_mskm.tex.760230703 (deflate)
Wrote re_chunk_000.pak.patch_050\natives/stm/character/_kit/_equipment/_furmasks/pants/pants_309_m_mskm.tex.760230703 (deflate)
Wrote re_chunk_000.pak.patch_050\natives/stm/character/_kit/_equipment/_furmasks/hair/hair_057_mskm.tex.760230703 (deflate)
Wrote re_chunk_000.pak.patch_050\natives/stm/character/_kit/_equipment/_furmasks/helm/helm_014_m_mskm.tex.760230703 (deflate)
Wrote re_chunk_000.pak.patch_050\natives/stm/character/_kit/_equipment/_furmasks/pants/pants_3300_f_mskm.tex.760230703 (deflate)
Wrote re_chunk_000.pak.patch_050\natives/stm/character/_kit/_equipment/_furmasks/hair/hair_016_mskm.tex.760230703 (deflate)
Wrote re_chunk_000.pak.patch_050\natives/stm/character/_kit/_equipment/_furmasks/facewear/facewear_001_m_mskm.tex.760230703 (deflate)
Wrote re_chunk_000.pak.patch_050\natives/stm/character/_kit/_equipment/_furmasks/tops/tops_242_f_job02_left_mskm.tex.760230703 (deflate)
Wrote re_chunk_000.pak.patch_050\natives/stm/character/_kit/_equipment/_furmasks/helm/helm_246_f_mskm.tex.760230703 (deflate)
Wrote re_chunk_000.pak.patch_050\natives/stm/character/_kit/_equipment/_furmasks/helm/helm_037_f_mskm.tex.760230703 (deflate)
Wrote re_chunk_000.pak.patch_050\natives/stm/character/_kit/_equipment/_furmasks/helm/helm_4180_f_mskm.tex.760230703 (deflate)
Wrote re_chunk_000.pak.patch_050\natives/stm/character/_kit/_equipment/_furmasks/helm/helm_2000_m_mskm.tex.760230703 (deflate)
Wrote re_chunk_000.pak.patch_050\natives/stm/character/_kit/_equipment/_furmasks/tops/tops_2005_f_mskm.tex.760230703 (deflate)
Wrote re_chunk_000.pak.patch_050\natives/stm/character/_kit/_equipment/_furmasks/tops/tops_313_f_mskm.tex.760230703 (deflate)
Wrote re_chunk_000.pak.patch_050\natives/stm/character/_kit/_equipment/_furmasks/helm/helm_225_m_mskm.tex.760230703 (deflate)
Wrote re_chunk_000.pak.patch_050\natives/stm/character/_kit/_equipment/_furmasks/helm/helm_301_m_mskm.tex.760230703 (deflate)
Wrote re_chunk_000.pak.patch_050\natives/stm/character/_kit/_equipment/_furmasks/pants/pants_270_m_mskm.tex.760230703 (deflate)
Wrote re_chunk_000.pak.patch_050\natives/stm/character/_kit/_equipment/_furmasks/pants/pants_224_f_mskm.tex.760230703 (deflate)
Wrote re_chunk_000.pak.patch_050\natives/stm/character/_kit/_equipment/_furmasks/pants/pants_000_m_mskm.tex.760230703 (deflate)
Wrote re_chunk_000.pak.patch_050\natives/stm/character/_kit/_equipment/_furmasks/tops/tops_2144_m_mskm.tex.760230703 (deflate)
Wrote re_chunk_000.pak.patch_050\natives/stm/character/_kit/_equipment/_furmasks/tops/tops_4090_m_mskm.tex.760230703 (deflate)
Wrote re_chunk_000.pak.patch_050\natives/stm/character/_kit/_equipment/_furmasks/tops/tops_2111_f_mskm.tex.760230703 (deflate)
Wrote re_chunk_000.pak.patch_050\natives/stm/character/_kit/_equipment/_furmasks/pants/pants_3350_m_mskm.tex.760230703 (deflate)
Wrote re_chunk_000.pak.patch_050\natives/stm/character/_kit/_equipment/_furmasks/tops/tops_285_m_mskm.tex.760230703 (deflate)
Wrote re_chunk_000.pak.patch_050\natives/stm/character/_kit/_equipment/_furmasks/pants/pants_050_f_mskm.tex.760230703 (deflate)
Wrote re_chunk_000.pak.patch_050\natives/stm/character/_kit/_equipment/_furmasks/pants/pants_3210_m_mskm.tex.760230703 (deflate)
Wrote re_chunk_000.pak.patch_050\natives/stm/character/_kit/_equipment/_furmasks/helm/helm_2240_m_mskm.tex.760230703 (deflate)
Wrote re_chunk_000.pak.patch_050\natives/stm/character/_kit/_equipment/_furmasks/helm/helm_201_m_mskm.tex.760230703 (deflate)
Wrote re_chunk_000.pak.patch_050\natives/stm/character/_kit/_equipment/_furmasks/tops/tops_281_m_job08_left_mskm.tex.760230703 (deflate)
Wrote re_chunk_000.pak.patch_050\natives/stm/character/_kit/_equipment/_furmasks/tops/tops_007_f_job08_left_mskm.tex.760230703 (deflate)
Wrote re_chunk_000.pak.patch_050\natives/stm/character/_kit/_equipment/_furmasks/pants/pants_242_m_mskm.tex.760230703 (deflate)
Wrote re_chunk_000.pak.patch_050\natives/stm/character/_kit/_equipment/_furmasks/helm/helm_3270_f_mskm.tex.760230703 (deflate)
Wrote re_chunk_000.pak.patch_050\natives/stm/character/_kit/_equipment/_furmasks/helm/helm_236_f_mskm.tex.760230703 (deflate)
Wrote re_chunk_000.pak.patch_050\natives/stm/character/_kit/_equipment/_furmasks/pants/pants_4010_m_mskm.tex.760230703 (deflate)
Wrote re_chunk_000.pak.patch_050\natives/stm/character/_kit/_equipment/_furmasks/tops/tops_2155_m_mskm.tex.760230703 (deflate)
Wrote re_chunk_000.pak.patch_050\natives/stm/character/_kit/_equipment/_furmasks/tops/tops_3120_m_job08_left_mskm.tex.760230703 (deflate)
Wrote re_chunk_000.pak.patch_050\natives/stm/character/_kit/_equipment/_furmasks/tops/tops_2346_m_mskm.tex.760230703 (deflate)
Wrote re_chunk_000.pak.patch_050\natives/stm/character/_kit/_equipment/_furmasks/tops/tops_4140_m_mskm.tex.760230703 (deflate)
Wrote re_chunk_000.pak.patch_050\natives/stm/character/_kit/_equipment/_furmasks/tops/tops_805_f_mskm.tex.760230703 (deflate)
Wrote re_chunk_000.pak.patch_050\natives/stm/character/_kit/_equipment/_furmasks/tops/tops_2010_m_mskm.tex.760230703 (deflate)
Wrote re_chunk_000.pak.patch_050\natives/stm/character/_kit/_equipment/_furmasks/helm/helm_253_m_mskm.tex.760230703 (deflate)
Wrote re_chunk_000.pak.patch_050\natives/stm/character/_kit/_equipment/_furmasks/tops/tops_3040_f_mskm.tex.760230703 (deflate)
Wrote re_chunk_000.pak.patch_050\natives/stm/character/_kit/_equipment/_furmasks/tops/tops_2008_m_mskm.tex.760230703 (deflate)
Wrote re_chunk_000.pak.patch_050\natives/stm/character/_kit/_equipment/_furmasks/pants/pants_2281_f_mskm.tex.760230703 (deflate)
Wrote re_chunk_000.pak.patch_050\natives/stm/character/_kit/_equipment/_furmasks/tops/tops_3010_f_mskm.tex.760230703 (deflate)
Wrote re_chunk_000.pak.patch_050\natives/stm/character/_kit/_equipment/_furmasks/hair/hair_037_mskm.tex.760230703 (deflate)
Wrote re_chunk_000.pak.patch_050\natives/stm/character/_kit/_equipment/_furmasks/tops/tops_036_m_mskm.tex.760230703 (deflate)
Wrote re_chunk_000.pak.patch_050\natives/stm/character/_kit/_equipment/_furmasks/tops/tops_220_f_mskm.tex.760230703 (deflate)
Wrote re_chunk_000.pak.patch_050\natives/stm/character/_kit/_equipment/_furmasks/tops/tops_257_f_mskm.tex.760230703 (deflate)
Wrote re_chunk_000.pak.patch_050\natives/stm/character/_kit/_equipment/_furmasks/tops/tops_278_m_mskm.tex.760230703 (deflate)
Wrote re_chunk_000.pak.patch_050\natives/stm/character/_kit/_equipment/_furmasks/helm/helm_202_m_mskm.tex.760230703 (deflate)
Wrote re_chunk_000.pak.patch_050\natives/stm/character/_kit/_equipment/_furmasks/helm/helm_2220_f_mskm.tex.760230703 (deflate)
Wrote re_chunk_000.pak.patch_050\natives/stm/character/_kit/_equipment/_furmasks/pants/pants_4132_m_mskm.tex.760230703 (deflate)
Wrote re_chunk_000.pak.patch_050\natives/stm/character/_kit/_equipment/_furmasks/helm/helm_200_m_mskm.tex.760230703 (deflate)
Wrote re_chunk_000.pak.patch_050\natives/stm/character/_kit/_equipment/_furmasks/helm/helm_048_f_mskm.tex.760230703 (deflate)
Wrote re_chunk_000.pak.patch_050\natives/stm/character/_kit/_equipment/_furmasks/pants/pants_219_f_mskm.tex.760230703 (deflate)
Wrote re_chunk_000.pak.patch_050\natives/stm/character/_kit/_equipment/_furmasks/helm/helm_247_f_mskm.tex.760230703 (deflate)
Wrote re_chunk_000.pak.patch_050\natives/stm/character/_kit/_equipment/_furmasks/tops/tops_3360_m_mskm.tex.760230703 (deflate)
Wrote re_chunk_000.pak.patch_050\natives/stm/character/_kit/_equipment/_furmasks/pants/pants_2280_m_mskm.tex.760230703 (deflate)
Wrote re_chunk_000.pak.patch_050\natives/stm/character/_kit/_equipment/_furmasks/tops/tops_236_m_mskm.tex.760230703 (deflate)
Wrote re_chunk_000.pak.patch_050\natives/stm/character/_kit/_equipment/_furmasks/tops/tops_309_f_job01_left_mskm.tex.760230703 (deflate)
Wrote re_chunk_000.pak.patch_050\natives/stm/character/_kit/_equipment/_furmasks/tops/tops_017_m_mskm.tex.760230703 (deflate)
Wrote re_chunk_000.pak.patch_050\natives/stm/character/_kit/_equipment/_furmasks/pants/pants_4070_m_mskm.tex.760230703 (deflate)
Wrote re_chunk_000.pak.patch_050\natives/stm/character/_kit/_equipment/_furmasks/pants/pants_4170_m_mskm.tex.760230703 (deflate)
Wrote re_chunk_000.pak.patch_050\natives/stm/character/_kit/_equipment/_furmasks/helm/helm_2121_f_mskm.tex.760230703 (deflate)
Wrote re_chunk_000.pak.patch_050\natives/stm/character/_kit/_equipment/_furmasks/tops/tops_2426_m_mskm.tex.760230703 (deflate)
Wrote re_chunk_000.pak.patch_050\natives/stm/character/_kit/_equipment/_furmasks/tops/tops_202_f_job02_left_mskm.tex.760230703 (deflate)
Wrote re_chunk_000.pak.patch_050\natives/stm/character/_kit/_equipment/_furmasks/tops/tops_206_m_mskm.tex.760230703 (deflate)
Wrote re_chunk_000.pak.patch_050\natives/stm/character/_kit/_equipment/_furmasks/tops/tops_4131_f_job02_left_mskm.tex.760230703 (deflate)
Wrote re_chunk_000.pak.patch_050\natives/stm/character/_kit/_equipment/_furmasks/tops/tops_304_m_mskm.tex.760230703 (deflate)
Wrote re_chunk_000.pak.patch_050\natives/stm/character/_kit/_equipment/_furmasks/tops/tops_4130_f_job02_left_mskm.tex.760230703 (deflate)
Wrote re_chunk_000.pak.patch_050\natives/stm/character/_kit/_equipment/_furmasks/tops/tops_2342_m_mskm.tex.760230703 (deflate)
Wrote re_chunk_000.pak.patch_050\natives/stm/character/_kit/_equipment/_furmasks/tops/tops_2091_m_job02_left_mskm.tex.760230703 (deflate)
Wrote re_chunk_000.pak.patch_050\natives/stm/character/_kit/_equipment/_furmasks/helm/helm_2003_f_mskm.tex.760230703 (deflate)
Wrote re_chunk_000.pak.patch_050\natives/stm/character/_kit/_equipment/_furmasks/pants/pants_2201_f_mskm.tex.760230703 (deflate)
Wrote re_chunk_000.pak.patch_050\natives/stm/character/_kit/_equipment/_furmasks/pants/pants_2323_f_mskm.tex.760230703 (deflate)
Wrote re_chunk_000.pak.patch_050\natives/stm/character/_kit/_equipment/_furmasks/pants/pants_2360_m_mskm.tex.760230703 (deflate)
Wrote re_chunk_000.pak.patch_050\natives/stm/character/_kit/_equipment/_furmasks/helm/helm_305_f_mskm.tex.760230703 (deflate)
Wrote re_chunk_000.pak.patch_050\natives/stm/character/_kit/_equipment/_furmasks/pants/pants_230_m_mskm.tex.760230703 (deflate)
Wrote re_chunk_000.pak.patch_050\natives/stm/character/_kit/_equipment/_furmasks/helm/helm_309_f_mskm.tex.760230703 (deflate)
Wrote re_chunk_000.pak.patch_050\natives/stm/character/_kit/_equipment/_furmasks/tops/tops_2307_m_mskm.tex.760230703 (deflate)
Wrote re_chunk_000.pak.patch_050\natives/stm/character/_kit/_equipment/_furmasks/pants/pants_4100_m_mskm.tex.760230703 (deflate)
Wrote re_chunk_000.pak.patch_050\natives/stm/character/_kit/_equipment/_furmasks/facewear/facewear_007_m_mskm.tex.760230703 (deflate)
Wrote re_chunk_000.pak.patch_050\natives/stm/character/_kit/_equipment/_furmasks/helm/helm_2340_m_mskm.tex.760230703 (deflate)
Wrote re_chunk_000.pak.patch_050\natives/stm/character/_kit/_equipment/_furmasks/pants/pants_281_m_mskm.tex.760230703 (deflate)
Wrote re_chunk_000.pak.patch_050\modinfo.ini (copied)
Wrote re_chunk_000.pak.patch_050\natives/stm/character/_kit/_equipment/_furmasks/tops/tops_312_m_mskm.tex.760230703 (deflate)
Wrote re_chunk_000.pak.patch_050\natives/stm/character/_kit/_equipment/_furmasks/tops/tops_4021_m_job08_left_mskm.tex.760230703 (deflate)
Wrote re_chunk_000.pak.patch_050\natives/stm/character/_kit/_equipment/_furmasks/tops/tops_302_f_mskm.tex.760230703 (deflate)
Wrote re_chunk_000.pak.patch_050\natives/stm/character/_kit/_equipment/_furmasks/helm/helm_2021_f_mskm.tex.760230703 (deflate)
Wrote re_chunk_000.pak.patch_050\natives/stm/character/_kit/_equipment/_furmasks/pants/pants_2390_m_mskm.tex.760230703 (deflate)
Wrote re_chunk_000.pak.patch_050\natives/stm/character/_kit/_equipment/_furmasks/tops/tops_015_f_mskm.tex.760230703 (deflate)
Wrote re_chunk_000.pak.patch_050\natives/stm/character/_kit/_equipment/_furmasks/pants/pants_2306_f_mskm.tex.760230703 (deflate)
Wrote re_chunk_000.pak.patch_050\natives/stm/character/_kit/_equipment/_furmasks/pants/pants_4030_m_mskm.tex.760230703 (deflate)
Wrote re_chunk_000.pak.patch_050\natives/stm/character/_kit/_equipment/_furmasks/tops/tops_313_m_job06_right_mskm.tex.760230703 (deflate)
Wrote re_chunk_000.pak.patch_050\natives/stm/character/_kit/_equipment/_furmasks/tops/tops_2109_f_mskm.tex.760230703 (deflate)
Wrote re_chunk_000.pak.patch_050\natives/stm/character/_kit/_equipment/_furmasks/tops/tops_265_m_mskm.tex.760230703 (deflate)
Wrote re_chunk_000.pak.patch_050\natives/stm/character/_kit/_equipment/_furmasks/tops/tops_212_f_job08_left_mskm.tex.760230703 (deflate)
Wrote re_chunk_000.pak.patch_050\natives/stm/character/_kit/_equipment/_furmasks/tops/tops_042_m_mskm.tex.760230703 (deflate)
Wrote re_chunk_000.pak.patch_050\natives/stm/character/_kit/_equipment/_furmasks/facewear/facewear_005_f_mskm.tex.760230703 (deflate)
Wrote re_chunk_000.pak.patch_050\natives/stm/character/_kit/_equipment/_furmasks/tops/tops_015_m_job07_right_mskm.tex.760230703 (deflate)
Wrote re_chunk_000.pak.patch_050\natives/stm/character/_kit/_equipment/_furmasks/tops/tops_313_f_job08_left_mskm.tex.760230703 (deflate)
Wrote re_chunk_000.pak.patch_050\natives/stm/character/_kit/_equipment/_furmasks/pants/pants_2260_m_mskm.tex.760230703 (deflate)
Wrote re_chunk_000.pak.patch_050\natives/stm/character/_kit/_equipment/_furmasks/pants/pants_2000_m_mskm.tex.760230703 (deflate)
Wrote re_chunk_000.pak.patch_050\natives/stm/character/_kit/_equipment/_furmasks/pants/pants_222_f_mskm.tex.760230703 (deflate)
Wrote re_chunk_000.pak.patch_050\natives/stm/character/_kit/_equipment/_furmasks/tops/tops_001_m_job02_left_mskm.tex.760230703 (deflate)
Wrote re_chunk_000.pak.patch_050\natives/stm/character/_kit/_equipment/_furmasks/pants/pants_4061_f_mskm.tex.760230703 (deflate)
Wrote re_chunk_000.pak.patch_050\natives/stm/character/_kit/_equipment/_furmasks/tops/tops_228_f_mskm.tex.760230703 (deflate)
Wrote re_chunk_000.pak.patch_050\natives/stm/character/_kit/_equipment/_furmasks/tops/tops_228_f_job07_right_mskm.tex.760230703 (deflate)
Wrote re_chunk_000.pak.patch_050\natives/stm/character/_kit/_equipment/_furmasks/tops/tops_4030_f_mskm.tex.760230703 (deflate)
Wrote re_chunk_000.pak.patch_050\natives/stm/character/_kit/_equipment/_furmasks/tops/tops_9999_m_job08_left_mskm.tex.760230703 (deflate)
Wrote re_chunk_000.pak.patch_050\natives/stm/character/_kit/_equipment/_furmasks/pants/pants_2282_f_mskm.tex.760230703 (deflate)
Wrote re_chunk_000.pak.patch_050\natives/stm/character/_kit/_equipment/_furmasks/pants/pants_3180_m_mskm.tex.760230703 (deflate)
Wrote re_chunk_000.pak.patch_050\natives/stm/character/_kit/_equipment/_furmasks/tops/tops_4041_m_job07_right_mskm.tex.760230703 (deflate)
Wrote re_chunk_000.pak.patch_050\natives/stm/character/_kit/_equipment/_furmasks/helm/helm_015_f_mskm.tex.760230703 (deflate)
Wrote re_chunk_000.pak.patch_050\natives/stm/character/_kit/_equipment/_furmasks/facewear/facewear_303_m_mskm.tex.760230703 (deflate)
Wrote re_chunk_000.pak.patch_050\natives/stm/character/_kit/_equipment/_furmasks/tops/tops_2073_m_mskm.tex.760230703 (deflate)
Wrote re_chunk_000.pak.patch_050\natives/stm/character/_kit/_equipment/_furmasks/pants/pants_4050_f_mskm.tex.760230703 (deflate)
Wrote re_chunk_000.pak.patch_050\natives/stm/character/_kit/_equipment/_furmasks/pants/pants_264_f_mskm.tex.760230703 (deflate)
Wrote re_chunk_000.pak.patch_050\natives/stm/character/_kit/_equipment/_furmasks/helm/helm_2300_f_mskm.tex.760230703 (deflate)
Wrote re_chunk_000.pak.patch_050\natives/stm/character/_kit/_equipment/_furmasks/hair/hair_066_mskm.tex.760230703 (deflate)
Wrote re_chunk_000.pak.patch_050\natives/stm/character/_kit/_equipment/_furmasks/tops/tops_2154_m_mskm.tex.760230703 (deflate)
Wrote re_chunk_000.pak.patch_050\natives/stm/character/_kit/_equipment/_furmasks/tops/tops_4160_m_mskm.tex.760230703 (deflate)
Wrote re_chunk_000.pak.patch_050\natives/stm/character/_kit/_equipment/_furmasks/tops/tops_9999_f_job08_left_mskm.tex.760230703 (deflate)
Wrote re_chunk_000.pak.patch_050\natives/stm/character/_kit/_equipment/_furmasks/tops/tops_049_f_mskm.tex.760230703 (deflate)
Wrote re_chunk_000.pak.patch_050\natives/stm/character/_kit/_equipment/_furmasks/tops/tops_2028_m_mskm.tex.760230703 (deflate)
Wrote re_chunk_000.pak.patch_050\natives/stm/character/_kit/_equipment/_furmasks/helm/helm_032_m_mskm.tex.760230703 (deflate)
Wrote re_chunk_000.pak.patch_050\natives/stm/character/_kit/_equipment/_furmasks/tops/tops_266_f_mskm.tex.760230703 (deflate)
Wrote re_chunk_000.pak.patch_050\natives/stm/character/_kit/_equipment/_furmasks/tops/tops_279_f_mskm.tex.760230703 (deflate)
Wrote re_chunk_000.pak.patch_050\natives/stm/character/_kit/_equipment/_furmasks/tops/tops_2347_m_mskm.tex.760230703 (deflate)
Wrote re_chunk_000.pak.patch_050\natives/stm/character/_kit/_equipment/_furmasks/tops/tops_4000_m_mskm.tex.760230703 (deflate)
Wrote re_chunk_000.pak.patch_050\natives/stm/character/_kit/_equipment/_furmasks/helm/helm_4090_m_mskm.tex.760230703 (deflate)
Wrote re_chunk_000.pak.patch_050\natives/stm/character/_kit/_equipment/_furmasks/pants/pants_3340_m_mskm.tex.760230703 (deflate)
Wrote re_chunk_000.pak.patch_050\natives/stm/character/_kit/_equipment/_furmasks/tops/tops_2075_f_mskm.tex.760230703 (deflate)
Wrote re_chunk_000.pak.patch_050\natives/stm/character/_kit/_equipment/_furmasks/tops/tops_270_f_mskm.tex.760230703 (deflate)
Wrote re_chunk_000.pak.patch_050\natives/stm/character/_kit/_equipment/_furmasks/tops/tops_264_f_job01_left_mskm.tex.760230703 (deflate)
Wrote re_chunk_000.pak.patch_050\natives/stm/character/_kit/_equipment/_furmasks/tops/tops_2168_m_mskm.tex.760230703 (deflate)
Wrote re_chunk_000.pak.patch_050\natives/stm/character/_kit/_equipment/_furmasks/pants/pants_3070_m_mskm.tex.760230703 (deflate)
Wrote re_chunk_000.pak.patch_050\natives/stm/character/_kit/_equipment/_furmasks/pants/pants_3390_m_mskm.tex.760230703 (deflate)
Wrote re_chunk_000.pak.patch_050\natives/stm/character/_kit/_equipment/_furmasks/tops/tops_2305_f_mskm.tex.760230703 (deflate)
Wrote re_chunk_000.pak.patch_050\natives/stm/character/_kit/_equipment/_furmasks/pants/pants_277_m_mskm.tex.760230703 (deflate)
Wrote re_chunk_000.pak.patch_050\natives/stm/character/_kit/_equipment/_furmasks/tops/tops_206_f_mskm.tex.760230703 (deflate)
Wrote re_chunk_000.pak.patch_050\natives/stm/character/_kit/_equipment/_furmasks/tops/tops_304_f_job08_left_mskm.tex.760230703 (deflate)
Wrote re_chunk_000.pak.patch_050\natives/stm/character/_kit/_equipment/_furmasks/helm/helm_306_m_mskm.tex.760230703 (deflate)
Wrote re_chunk_000.pak.patch_050\natives/stm/character/_kit/_equipment/_furmasks/helm/helm_2022_m_mskm.tex.760230703 (deflate)
Wrote re_chunk_000.pak.patch_050\natives/stm/character/_kit/_equipment/_furmasks/tops/tops_2165_m_mskm.tex.760230703 (deflate)
Wrote re_chunk_000.pak.patch_050\natives/stm/character/_kit/_equipment/_furmasks/helm/helm_253_f_mskm.tex.760230703 (deflate)
Wrote re_chunk_000.pak.patch_050\natives/stm/character/_kit/_equipment/_furmasks/pants/pants_215_f_mskm.tex.760230703 (deflate)
Wrote re_chunk_000.pak.patch_050\natives/stm/character/_kit/_equipment/_furmasks/helm/helm_249_m_mskm.tex.760230703 (deflate)
Wrote re_chunk_000.pak.patch_050\natives/stm/character/_kit/_equipment/_furmasks/pants/pants_2321_f_mskm.tex.760230703 (deflate)
Wrote re_chunk_000.pak.patch_050\natives/stm/character/_kit/_equipment/_furmasks/pants/pants_3130_f_mskm.tex.760230703 (deflate)
Wrote re_chunk_000.pak.patch_050\natives/stm/character/_kit/_equipment/_furmasks/helm/helm_049_f_mskm.tex.760230703 (deflate)
Wrote re_chunk_000.pak.patch_050\natives/stm/character/_kit/_equipment/_furmasks/helm/helm_2301_f_mskm.tex.760230703 (deflate)
Wrote re_chunk_000.pak.patch_050\natives/stm/character/_kit/_equipment/_furmasks/tops/tops_2009_f_mskm.tex.760230703 (deflate)
Wrote re_chunk_000.pak.patch_050\natives/stm/character/_kit/_equipment/_furmasks/tops/tops_2301_m_mskm.tex.760230703 (deflate)
Wrote re_chunk_000.pak.patch_050\natives/stm/character/_kit/_equipment/_furmasks/tops/tops_2007_f_mskm.tex.760230703 (deflate)
Wrote re_chunk_000.pak.patch_050\natives/stm/character/_kit/_equipment/_furmasks/tops/tops_4020_m_job07_right_mskm.tex.760230703 (deflate)
Wrote re_chunk_000.pak.patch_050\natives/stm/character/_kit/_equipment/_furmasks/helm/helm_3280_f_mskm.tex.760230703 (deflate)
Wrote re_chunk_000.pak.patch_050\natives/stm/character/_kit/_equipment/_furmasks/helm/helm_222_f_mskm.tex.760230703 (deflate)
Wrote re_chunk_000.pak.patch_050\natives/stm/character/_kit/_equipment/_furmasks/tops/tops_274_m_job02_left_mskm.tex.760230703 (deflate)
Wrote re_chunk_000.pak.patch_050\natives/stm/character/_kit/_equipment/_furmasks/pants/pants_2191_f_mskm.tex.760230703 (deflate)
Wrote re_chunk_000.pak.patch_050\natives/stm/character/_kit/_equipment/_furmasks/tops/tops_2029_m_mskm.tex.760230703 (deflate)
Wrote re_chunk_000.pak.patch_050\natives/stm/character/_kit/_equipment/_furmasks/hair/hair_048_mskm.tex.760230703 (deflate)
Wrote re_chunk_000.pak.patch_050\natives/stm/character/_kit/_equipment/_furmasks/tops/tops_2029_f_job02_left_mskm.tex.760230703 (deflate)
Wrote re_chunk_000.pak.patch_050\natives/stm/character/_kit/_equipment/_furmasks/tops/tops_2240_m_mskm.tex.760230703 (deflate)
Wrote re_chunk_000.pak.patch_050\natives/stm/character/_kit/_equipment/_furmasks/tops/tops_277_f_mskm.tex.760230703 (deflate)
Wrote re_chunk_000.pak.patch_050\natives/stm/character/_kit/_equipment/_furmasks/tops/tops_038_f_mskm.tex.760230703 (deflate)
Wrote re_chunk_000.pak.patch_050\natives/stm/character/_kit/_equipment/_furmasks/tops/tops_2002_f_mskm.tex.760230703 (deflate)
Wrote re_chunk_000.pak.patch_050\natives/stm/character/_kit/_equipment/_furmasks/pants/pants_2340_f_mskm.tex.760230703 (deflate)
Wrote re_chunk_000.pak.patch_050\natives/stm/character/_kit/_equipment/_furmasks/tops/tops_000_m_mskm.tex.760230703 (deflate)
Wrote re_chunk_000.pak.patch_050\natives/stm/character/_kit/_equipment/_furmasks/tops/tops_304_f_mskm.tex.760230703 (deflate)
Wrote re_chunk_000.pak.patch_050\natives/stm/character/_kit/_equipment/_furmasks/helm/helm_2260_f_mskm.tex.760230703 (deflate)
Wrote re_chunk_000.pak.patch_050\natives/stm/character/_kit/_equipment/_furmasks/tops/tops_313_m_job04_left_mskm.tex.760230703 (deflate)
Wrote re_chunk_000.pak.patch_050\natives/stm/character/_kit/_equipment/_furmasks/tops/tops_2304_f_mskm.tex.760230703 (deflate)
Wrote re_chunk_000.pak.patch_050\natives/stm/character/_kit/_equipment/_furmasks/tops/tops_254_m_job02_left_mskm.tex.760230703 (deflate)
Wrote re_chunk_000.pak.patch_050\natives/stm/character/_kit/_equipment/_furmasks/tops/tops_248_m_job02_left_mskm.tex.760230703 (deflate)
Wrote re_chunk_000.pak.patch_050\natives/stm/character/_kit/_equipment/_furmasks/tops/tops_2082_m_mskm.tex.760230703 (deflate)
Wrote re_chunk_000.pak.patch_050\natives/stm/character/_kit/_equipment/_furmasks/helm/helm_275_m_mskm.tex.760230703 (deflate)
Wrote re_chunk_000.pak.patch_050\natives/stm/character/_kit/_equipment/_furmasks/pants/pants_2382_m_mskm.tex.760230703 (deflate)
Wrote re_chunk_000.pak.patch_050\natives/stm/character/_kit/_equipment/_furmasks/tops/tops_2360_f_mskm.tex.760230703 (deflate)
Wrote re_chunk_000.pak.patch_050\natives/stm/character/_kit/_equipment/_furmasks/tops/tops_274_f_mskm.tex.760230703 (deflate)
Wrote re_chunk_000.pak.patch_050\natives/stm/character/_kit/_equipment/_furmasks/tops/tops_2183_f_mskm.tex.760230703 (deflate)
Wrote re_chunk_000.pak.patch_050\natives/stm/character/_kit/_equipment/_furmasks/hair/hair_804_mskm.tex.760230703 (deflate)
Wrote re_chunk_000.pak.patch_050\natives/stm/character/_kit/_equipment/_furmasks/pants/pants_007_m_mskm.tex.760230703 (deflate)
Wrote re_chunk_000.pak.patch_050\natives/stm/character/_kit/_equipment/_furmasks/hair/hair_007_mskm.tex.760230703 (deflate)
Wrote re_chunk_000.pak.patch_050\natives/stm/character/_kit/_equipment/_furmasks/hair/hair_011_mskm.tex.760230703 (deflate)
Wrote re_chunk_000.pak.patch_050\natives/stm/character/_kit/_equipment/_furmasks/tops/tops_9999_f_job01_left_mskm.tex.760230703 (deflate)
Wrote re_chunk_000.pak.patch_050\natives/stm/character/_kit/_equipment/_furmasks/tops/tops_2028_m_job02_left_mskm.tex.760230703 (deflate)
Wrote re_chunk_000.pak.patch_050\natives/stm/character/_kit/_equipment/_furmasks/helm/helm_047_m_mskm.tex.760230703 (deflate)
Wrote re_chunk_000.pak.patch_050\natives/stm/character/_kit/_equipment/_furmasks/tops/tops_2380_f_mskm.tex.760230703 (deflate)
Wrote re_chunk_000.pak.patch_050\natives/stm/character/_kit/_equipment/_furmasks/tops/tops_242_m_job07_right_mskm.tex.760230703 (deflate)
Wrote re_chunk_000.pak.patch_050\natives/stm/character/_kit/_equipment/_furmasks/tops/tops_310_m_job08_left_mskm.tex.760230703 (deflate)
Wrote re_chunk_000.pak.patch_050\natives/stm/character/_kit/_equipment/_furmasks/tops/tops_2090_m_job02_left_mskm.tex.760230703 (deflate)
Wrote re_chunk_000.pak.patch_050\natives/stm/character/_kit/_equipment/_furmasks/tops/tops_4180_m_mskm.tex.760230703 (deflate)
Wrote re_chunk_000.pak.patch_050\natives/stm/character/_kit/_equipment/_furmasks/pants/pants_235_m_mskm.tex.760230703 (deflate)
Wrote re_chunk_000.pak.patch_050\natives/stm/character/_kit/_equipment/_furmasks/pants/pants_2260_f_mskm.tex.760230703 (deflate)
Wrote re_chunk_000.pak.patch_050\natives/stm/character/_kit/_equipment/_furmasks/tops/tops_001_m_job01_left_mskm.tex.760230703 (deflate)
Wrote re_chunk_000.pak.patch_050\natives/stm/character/_kit/_equipment/_furmasks/pants/pants_3270_m_mskm.tex.760230703 (deflate)
Wrote re_chunk_000.pak.patch_050\natives/stm/character/_kit/_equipment/_furmasks/pants/pants_213_m_mskm.tex.760230703 (deflate)
Wrote re_chunk_000.pak.patch_050\natives/stm/character/_kit/_equipment/_furmasks/tops/tops_273_m_mskm.tex.760230703 (deflate)
Wrote re_chunk_000.pak.patch_050\natives/stm/character/_kit/_equipment/_furmasks/pants/pants_205_m_mskm.tex.760230703 (deflate)
Wrote re_chunk_000.pak.patch_050\natives/stm/character/_kit/_equipment/_furmasks/tops/tops_313_f_job03_right_mskm.tex.760230703 (deflate)
Wrote re_chunk_000.pak.patch_050\natives/stm/character/_kit/_equipment/_furmasks/tops/tops_4051_f_mskm.tex.760230703 (deflate)
Wrote re_chunk_000.pak.patch_050\natives/stm/character/_kit/_equipment/_furmasks/pants/pants_259_m_mskm.tex.760230703 (deflate)
Wrote re_chunk_000.pak.patch_050\natives/stm/character/_kit/_equipment/_furmasks/helm/helm_4090_f_mskm.tex.760230703 (deflate)
Wrote re_chunk_000.pak.patch_050\natives/stm/character/_kit/_equipment/_furmasks/pants/pants_2192_f_mskm.tex.760230703 (deflate)
Wrote re_chunk_000.pak.patch_050\natives/stm/character/_kit/_equipment/_furmasks/helm/helm_2023_m_mskm.tex.760230703 (deflate)
Wrote re_chunk_000.pak.patch_050\natives/stm/character/_kit/_equipment/_furmasks/pants/pants_9002_m_mskm.tex.760230703 (deflate)
Wrote re_chunk_000.pak.patch_050\natives/stm/character/_kit/_equipment/_furmasks/hair/hair_043_mskm.tex.760230703 (deflate)
Wrote re_chunk_000.pak.patch_050\natives/stm/character/_kit/_equipment/_furmasks/tops/tops_2157_m_mskm.tex.760230703 (deflate)
Wrote re_chunk_000.pak.patch_050\natives/stm/character/_kit/_equipment/_furmasks/pants/pants_276_m_mskm.tex.760230703 (deflate)
Wrote re_chunk_000.pak.patch_050\natives/stm/character/_kit/_equipment/_furmasks/tops/tops_4040_f_job02_left_mskm.tex.760230703 (deflate)
Wrote re_chunk_000.pak.patch_050\natives/stm/character/_kit/_equipment/_furmasks/tops/tops_254_f_job08_left_mskm.tex.760230703 (deflate)
Wrote re_chunk_000.pak.patch_050\natives/stm/character/_kit/_equipment/_furmasks/pants/pants_217_f_mskm.tex.760230703 (deflate)
Wrote re_chunk_000.pak.patch_050\natives/stm/character/_kit/_equipment/_furmasks/tops/tops_201_m_job02_left_mskm.tex.760230703 (deflate)
Wrote re_chunk_000.pak.patch_050\natives/stm/character/_kit/_equipment/_furmasks/tops/tops_009_f_mskm.tex.760230703 (deflate)
Wrote re_chunk_000.pak.patch_050\natives/stm/character/_kit/_equipment/_furmasks/pants/pants_3280_f_mskm.tex.760230703 (deflate)
Wrote re_chunk_000.pak.patch_050\natives/stm/character/_kit/_equipment/_furmasks/hair/hair_102_mskm.tex.760230703 (deflate)
Wrote re_chunk_000.pak.patch_050\natives/stm/character/_kit/_equipment/_furmasks/pants/pants_2460_m_mskm.tex.760230703 (deflate)
Wrote re_chunk_000.pak.patch_050\natives/stm/character/_kit/_equipment/_furmasks/pants/pants_244_f_mskm.tex.760230703 (deflate)
Wrote re_chunk_000.pak.patch_050\natives/stm/character/_kit/_equipment/_furmasks/tops/tops_015_f_job07_right_mskm.tex.760230703 (deflate)
Wrote re_chunk_000.pak.patch_050\natives/stm/character/_kit/_equipment/_furmasks/tops/tops_2091_m_mskm.tex.760230703 (deflate)
Wrote re_chunk_000.pak.patch_050\natives/stm/character/_kit/_equipment/_furmasks/tops/tops_2068_f_mskm.tex.760230703 (deflate)
Wrote re_chunk_000.pak.patch_050\natives/stm/character/_kit/_equipment/_furmasks/helm/helm_2122_f_mskm.tex.760230703 (deflate)
Wrote re_chunk_000.pak.patch_050\natives/stm/character/_kit/_equipment/_furmasks/helm/helm_310_m_mskm.tex.760230703 (deflate)
Wrote re_chunk_000.pak.patch_050\natives/stm/character/_kit/_equipment/_furmasks/tops/tops_2156_m_mskm.tex.760230703 (deflate)
Wrote re_chunk_000.pak.patch_050\natives/stm/character/_kit/_equipment/_furmasks/facewear/facewear_301_f_mskm.tex.760230703 (deflate)
Wrote re_chunk_000.pak.patch_050\natives/stm/character/_kit/_equipment/_furmasks/tops/tops_2325_f_mskm.tex.760230703 (deflate)
Wrote re_chunk_000.pak.patch_050\natives/stm/character/_kit/_equipment/_furmasks/hair/hair_052_mskm.tex.760230703 (deflate)
Wrote re_chunk_000.pak.patch_050\natives/stm/character/_kit/_equipment/_furmasks/pants/pants_2020_m_mskm.tex.760230703 (deflate)
Wrote re_chunk_000.pak.patch_050\natives/stm/character/_kit/_equipment/_furmasks/tops/tops_4040_m_job07_right_mskm.tex.760230703 (deflate)
Wrote re_chunk_000.pak.patch_050\natives/stm/character/_kit/_equipment/_furmasks/helm/helm_228_m_mskm.tex.760230703 (deflate)
Wrote re_chunk_000.pak.patch_050\natives/stm/character/_kit/_equipment/_furmasks/tops/tops_002_m_mskm.tex.760230703 (deflate)
Wrote re_chunk_000.pak.patch_050\natives/stm/character/_kit/_equipment/_furmasks/tops/tops_2125_f_mskm.tex.760230703 (deflate)
Wrote re_chunk_000.pak.patch_050\natives/stm/character/_kit/_equipment/_furmasks/tops/tops_3350_m_mskm.tex.760230703 (deflate)
Wrote re_chunk_000.pak.patch_050\natives/stm/character/_kit/_equipment/_furmasks/tops/tops_4132_f_job02_left_mskm.tex.760230703 (deflate)
Wrote re_chunk_000.pak.patch_050\natives/stm/character/_kit/_equipment/_furmasks/pants/pants_2160_f_mskm.tex.760230703 (deflate)
Wrote re_chunk_000.pak.patch_050\natives/stm/character/_kit/_equipment/_furmasks/tops/tops_291_m_mskm.tex.760230703 (deflate)
Wrote re_chunk_000.pak.patch_050\natives/stm/character/_kit/_equipment/_furmasks/tops/tops_291_m_job08_left_mskm.tex.760230703 (deflate)
Wrote re_chunk_000.pak.patch_050\natives/stm/character/_kit/_equipment/_furmasks/pants/pants_270_f_mskm.tex.760230703 (deflate)
Wrote re_chunk_000.pak.patch_050\natives/stm/character/_kit/_equipment/_furmasks/tops/tops_2425_m_mskm.tex.760230703 (deflate)
Wrote re_chunk_000.pak.patch_050\natives/stm/character/_kit/_equipment/_furmasks/tops/tops_3390_m_mskm.tex.760230703 (deflate)
Wrote re_chunk_000.pak.patch_050\natives/stm/character/_kit/_equipment/_furmasks/facewear/facewear_003_f_mskm.tex.760230703 (deflate)
Wrote re_chunk_000.pak.patch_050\natives/stm/character/_kit/_equipment/_furmasks/pants/pants_271_m_mskm.tex.760230703 (deflate)
Wrote re_chunk_000.pak.patch_050\natives/stm/character/_kit/_equipment/_furmasks/pants/pants_300_m_mskm.tex.760230703 (deflate)
Wrote re_chunk_000.pak.patch_050\natives/stm/character/_kit/_equipment/_furmasks/pants/pants_049_m_mskm.tex.760230703 (deflate)
Wrote re_chunk_000.pak.patch_050\natives/stm/character/_kit/_equipment/_furmasks/tops/tops_3100_m_mskm.tex.760230703 (deflate)
Wrote re_chunk_000.pak.patch_050\natives/stm/character/_kit/_equipment/_furmasks/pants/pants_236_m_mskm.tex.760230703 (deflate)
Wrote re_chunk_000.pak.patch_050\natives/stm/character/_kit/_equipment/_furmasks/hair/hair_022_mskm.tex.760230703 (deflate)
Wrote re_chunk_000.pak.patch_050\natives/stm/character/_kit/_equipment/_furmasks/tops/tops_2465_m_mskm.tex.760230703 (deflate)
Wrote re_chunk_000.pak.patch_050\natives/stm/character/_kit/_equipment/_furmasks/tops/tops_2061_f_mskm.tex.760230703 (deflate)
Wrote re_chunk_000.pak.patch_050\natives/stm/character/_kit/_equipment/_furmasks/tops/tops_042_f_mskm.tex.760230703 (deflate)
Wrote re_chunk_000.pak.patch_050\natives/stm/character/_kit/_equipment/_furmasks/pants/pants_2061_m_mskm.tex.760230703 (deflate)
Wrote re_chunk_000.pak.patch_050\natives/stm/character/_kit/_equipment/_furmasks/tops/tops_205_m_job02_left_mskm.tex.760230703 (deflate)
Wrote re_chunk_000.pak.patch_050\natives/stm/character/_kit/_equipment/_furmasks/helm/helm_4170_m_mskm.tex.760230703 (deflate)
Wrote re_chunk_000.pak.patch_050\natives/stm/character/_kit/_equipment/_furmasks/tops/tops_277_f_job02_left_mskm.tex.760230703 (deflate)
Wrote re_chunk_000.pak.patch_050\natives/stm/character/_kit/_equipment/_furmasks/helm/helm_307_m_mskm.tex.760230703 (deflate)
Wrote re_chunk_000.pak.patch_050\natives/stm/character/_kit/_equipment/_furmasks/tops/tops_3310_m_job08_left_mskm.tex.760230703 (deflate)
Wrote re_chunk_000.pak.patch_050\natives/stm/character/_kit/_equipment/_furmasks/tops/tops_2400_m_mskm.tex.760230703 (deflate)
Wrote re_chunk_000.pak.patch_050\natives/stm/character/_kit/_equipment/_furmasks/pants/pants_2261_f_mskm.tex.760230703 (deflate)
Wrote re_chunk_000.pak.patch_050\natives/stm/character/_kit/_equipment/_furmasks/tops/tops_2045_m_mskm.tex.760230703 (deflate)
Wrote re_chunk_000.pak.patch_050\natives/stm/character/_kit/_equipment/_furmasks/tops/tops_207_f_job02_left_mskm.tex.760230703 (deflate)
Wrote re_chunk_000.pak.patch_050\natives/stm/character/_kit/_equipment/_furmasks/tops/tops_2021_f_mskm.tex.760230703 (deflate)
Wrote re_chunk_000.pak.patch_050\natives/stm/character/_kit/_equipment/_furmasks/pants/pants_284_f_mskm.tex.760230703 (deflate)
Wrote re_chunk_000.pak.patch_050\natives/stm/character/_kit/_equipment/_furmasks/tops/tops_001_f_job08_left_mskm.tex.760230703 (deflate)
Wrote re_chunk_000.pak.patch_050\natives/stm/character/_kit/_equipment/_furmasks/tops/tops_285_m_job07_right_mskm.tex.760230703 (deflate)
Wrote re_chunk_000.pak.patch_050\natives/stm/character/_kit/_equipment/_furmasks/tops/tops_264_m_mskm.tex.760230703 (deflate)
Wrote re_chunk_000.pak.patch_050\natives/stm/character/_kit/_equipment/_furmasks/tops/tops_001_f_job01_left_mskm.tex.760230703 (deflate)
Wrote re_chunk_000.pak.patch_050\natives/stm/character/_kit/_equipment/_furmasks/tops/tops_2423_f_mskm.tex.760230703 (deflate)
Wrote re_chunk_000.pak.patch_050\natives/stm/character/_kit/_equipment/_furmasks/tops/tops_220_f_job02_left_mskm.tex.760230703 (deflate)
Wrote re_chunk_000.pak.patch_050\natives/stm/character/_kit/_equipment/_furmasks/pants/pants_4081_f_mskm.tex.760230703 (deflate)
Wrote re_chunk_000.pak.patch_050\natives/stm/character/_kit/_equipment/_furmasks/tops/tops_041_m_mskm.tex.760230703 (deflate)
Wrote re_chunk_000.pak.patch_050\natives/stm/character/_kit/_equipment/_furmasks/pants/pants_9001_f_mskm.tex.760230703 (deflate)
Wrote re_chunk_000.pak.patch_050\natives/stm/character/_kit/_equipment/_furmasks/tops/tops_037_m_mskm.tex.760230703 (deflate)
Wrote re_chunk_000.pak.patch_050\natives/stm/character/_kit/_equipment/_furmasks/pants/pants_227_m_mskm.tex.760230703 (deflate)
Wrote re_chunk_000.pak.patch_050\natives/stm/character/_kit/_equipment/_furmasks/helm/helm_225_f_mskm.tex.760230703 (deflate)
Wrote re_chunk_000.pak.patch_050\natives/stm/character/_kit/_equipment/_furmasks/tops/tops_045_f_mskm.tex.760230703 (deflate)
Wrote re_chunk_000.pak.patch_050\natives/stm/character/_kit/_equipment/_furmasks/tops/tops_2091_m_job08_left_mskm.tex.760230703 (deflate)
Wrote re_chunk_000.pak.patch_050\natives/stm/character/_kit/_equipment/_furmasks/tops/tops_202_f_job01_left_mskm.tex.760230703 (deflate)
Wrote re_chunk_000.pak.patch_050\natives/stm/character/_kit/_equipment/_furmasks/helm/helm_2180_f_mskm.tex.760230703 (deflate)
Wrote re_chunk_000.pak.patch_050\natives/stm/character/_kit/_equipment/_furmasks/tops/tops_034_f_mskm.tex.760230703 (deflate)
Wrote re_chunk_000.pak.patch_050\natives/stm/character/_kit/_equipment/_furmasks/tops/tops_2007_m_mskm.tex.760230703 (deflate)
Wrote re_chunk_000.pak.patch_050\natives/stm/character/_kit/_equipment/_furmasks/tops/tops_4010_f_job01_left_mskm.tex.760230703 (deflate)
Wrote re_chunk_000.pak.patch_050\natives/stm/character/_kit/_equipment/_furmasks/tops/tops_2027_m_job02_left_mskm.tex.760230703 (deflate)
Wrote re_chunk_000.pak.patch_050\natives/stm/character/_kit/_equipment/_furmasks/tops/tops_2145_m_mskm.tex.760230703 (deflate)
Wrote re_chunk_000.pak.patch_050\natives/stm/character/_kit/_equipment/_furmasks/tops/tops_2023_m_mskm.tex.760230703 (deflate)
Wrote re_chunk_000.pak.patch_050\natives/stm/character/_kit/_equipment/_furmasks/tops/tops_015_f_job02_left_mskm.tex.760230703 (deflate)
Wrote re_chunk_000.pak.patch_050\natives/stm/character/_kit/_equipment/_furmasks/tops/tops_256_f_mskm.tex.760230703 (deflate)
Wrote re_chunk_000.pak.patch_050\natives/stm/character/_kit/_equipment/_furmasks/pants/pants_208_f_mskm.tex.760230703 (deflate)
Wrote re_chunk_000.pak.patch_050\natives/stm/character/_kit/_equipment/_furmasks/tops/tops_2282_f_mskm.tex.760230703 (deflate)
Wrote re_chunk_000.pak.patch_050\natives/stm/character/_kit/_equipment/_furmasks/tops/tops_4101_f_mskm.tex.760230703 (deflate)
Wrote re_chunk_000.pak.patch_050\natives/stm/character/_kit/_equipment/_furmasks/tops/tops_4030_m_job08_left_mskm.tex.760230703 (deflate)
Wrote re_chunk_000.pak.patch_050\natives/stm/character/_kit/_equipment/_furmasks/hair/hair_100_mskm.tex.760230703 (deflate)
Wrote re_chunk_000.pak.patch_050\natives/stm/character/_kit/_equipment/_furmasks/helm/helm_2040_f_mskm.tex.760230703 (deflate)
Wrote re_chunk_000.pak.patch_050\natives/stm/character/_kit/_equipment/_furmasks/tops/tops_221_f_mskm.tex.760230703 (deflate)
Wrote re_chunk_000.pak.patch_050\natives/stm/character/_kit/_equipment/_furmasks/hair/hair_063_mskm.tex.760230703 (deflate)
Wrote re_chunk_000.pak.patch_050\natives/stm/character/_kit/_equipment/_furmasks/tops/tops_047_f_mskm.tex.760230703 (deflate)
Wrote re_chunk_000.pak.patch_050\natives/stm/character/_kit/_equipment/_furmasks/tops/tops_2340_m_mskm.tex.760230703 (deflate)
Wrote re_chunk_000.pak.patch_050\natives/stm/character/_kit/_equipment/_furmasks/tops/tops_2321_f_mskm.tex.760230703 (deflate)
Wrote re_chunk_000.pak.patch_050\natives/stm/character/_kit/_equipment/_furmasks/pants/pants_023_f_mskm.tex.760230703 (deflate)
Wrote re_chunk_000.pak.patch_050\natives/stm/character/_kit/_equipment/_furmasks/tops/tops_242_f_job08_left_mskm.tex.760230703 (deflate)
Wrote re_chunk_000.pak.patch_050\natives/stm/character/_kit/_equipment/_furmasks/tops/tops_2080_m_mskm.tex.760230703 (deflate)
Wrote re_chunk_000.pak.patch_050\natives/stm/character/_kit/_equipment/_furmasks/tops/tops_310_m_mskm.tex.760230703 (deflate)
Wrote re_chunk_000.pak.patch_050\natives/stm/character/_kit/_equipment/_furmasks/pants/pants_2144_m_mskm.tex.760230703 (deflate)
Wrote re_chunk_000.pak.patch_050\natives/stm/character/_kit/_equipment/_furmasks/pants/pants_047_m_mskm.tex.760230703 (deflate)
Wrote re_chunk_000.pak.patch_050\natives/stm/character/_kit/_equipment/_furmasks/pants/pants_051_f_mskm.tex.760230703 (deflate)
Wrote re_chunk_000.pak.patch_050\natives/stm/character/_kit/_equipment/_furmasks/pants/pants_202_m_mskm.tex.760230703 (deflate)
Wrote re_chunk_000.pak.patch_050\natives/stm/character/_kit/_equipment/_furmasks/hair/hair_045_mskm.tex.760230703 (deflate)
Wrote re_chunk_000.pak.patch_050\natives/stm/character/_kit/_equipment/_furmasks/pants/pants_283_f_mskm.tex.760230703 (deflate)
Wrote re_chunk_000.pak.patch_050\natives/stm/character/_kit/_equipment/_furmasks/tops/tops_4170_m_mskm.tex.760230703 (deflate)
Wrote re_chunk_000.pak.patch_050\natives/stm/character/_kit/_equipment/_furmasks/tops/tops_009_m_mskm.tex.760230703 (deflate)
Wrote re_chunk_000.pak.patch_050\natives/stm/character/_kit/_equipment/_furmasks/helm/helm_012_m_mskm.tex.760230703 (deflate)
Wrote re_chunk_000.pak.patch_050\natives/stm/character/_kit/_equipment/_furmasks/tops/tops_3320_m_mskm.tex.760230703 (deflate)
Wrote re_chunk_000.pak.patch_050\natives/stm/character/_kit/_equipment/_furmasks/facewear/facewear_308_f_mskm.tex.760230703 (deflate)
Wrote re_chunk_000.pak.patch_050\natives/stm/character/_kit/_equipment/_furmasks/pants/pants_4040_f_mskm.tex.760230703 (deflate)
Wrote re_chunk_000.pak.patch_050\natives/stm/character/_kit/_equipment/_furmasks/pants/pants_4000_m_mskm.tex.760230703 (deflate)
Wrote re_chunk_000.pak.patch_050\natives/stm/character/_kit/_equipment/_furmasks/tops/tops_2361_f_mskm.tex.760230703 (deflate)
Wrote re_chunk_000.pak.patch_050\natives/stm/character/_kit/_equipment/_furmasks/tops/tops_2463_m_mskm.tex.760230703 (deflate)
Wrote re_chunk_000.pak.patch_050\natives/stm/character/_kit/_equipment/_furmasks/pants/pants_211_f_mskm.tex.760230703 (deflate)
Wrote re_chunk_000.pak.patch_050\natives/stm/character/_kit/_equipment/_furmasks/tops/tops_046_m_mskm.tex.760230703 (deflate)
Wrote re_chunk_000.pak.patch_050\natives/stm/character/_kit/_equipment/_furmasks/helm/helm_002_m_mskm.tex.760230703 (deflate)
Wrote re_chunk_000.pak.patch_050\natives/stm/character/_kit/_equipment/_furmasks/tops/tops_315_f_job08_left_mskm.tex.760230703 (deflate)
Wrote re_chunk_000.pak.patch_050\natives/stm/character/_kit/_equipment/_furmasks/tops/tops_2087_m_mskm.tex.760230703 (deflate)
Wrote re_chunk_000.pak.patch_050\natives/stm/character/_kit/_equipment/_furmasks/tops/tops_2020_m_mskm.tex.760230703 (deflate)
Wrote re_chunk_000.pak.patch_050\natives/stm/character/_kit/_equipment/_furmasks/helm/helm_2421_f_mskm.tex.760230703 (deflate)
Wrote re_chunk_000.pak.patch_050\natives/stm/character/_kit/_equipment/_furmasks/helm/helm_4010_f_mskm.tex.760230703 (deflate)
Wrote re_chunk_000.pak.patch_050\natives/stm/character/_kit/_equipment/_furmasks/helm/helm_266_m_mskm.tex.760230703 (deflate)
Wrote re_chunk_000.pak.patch_050\natives/stm/character/_kit/_equipment/_furmasks/tops/tops_285_f_mskm.tex.760230703 (deflate)
Wrote re_chunk_000.pak.patch_050\natives/stm/character/_kit/_equipment/_furmasks/tops/tops_242_m_job02_left_mskm.tex.760230703 (deflate)
Wrote re_chunk_000.pak.patch_050\natives/stm/character/_kit/_equipment/_furmasks/tops/tops_308_f_mskm.tex.760230703 (deflate)
Wrote re_chunk_000.pak.patch_050\natives/stm/character/_kit/_equipment/_furmasks/helm/helm_045_f_mskm.tex.760230703 (deflate)
Wrote re_chunk_000.pak.patch_050\natives/stm/character/_kit/_equipment/_furmasks/tops/tops_4090_f_mskm.tex.760230703 (deflate)
Wrote re_chunk_000.pak.patch_050\natives/stm/character/_kit/_equipment/_furmasks/tops/tops_4150_f_mskm.tex.760230703 (deflate)
Wrote re_chunk_000.pak.patch_050\natives/stm/character/_kit/_equipment/_furmasks/pants/pants_200_f_mskm.tex.760230703 (deflate)
Wrote re_chunk_000.pak.patch_050\natives/stm/character/_kit/_equipment/_furmasks/helm/helm_279_f_mskm.tex.760230703 (deflate)
Wrote re_chunk_000.pak.patch_050\natives/stm/character/_kit/_equipment/_furmasks/tops/tops_277_f_job08_left_mskm.tex.760230703 (deflate)
Wrote re_chunk_000.pak.patch_050\natives/stm/character/_kit/_equipment/_furmasks/pants/pants_4150_f_mskm.tex.760230703 (deflate)
Wrote re_chunk_000.pak.patch_050\natives/stm/character/_kit/_equipment/_furmasks/tops/tops_286_m_mskm.tex.760230703 (deflate)
Wrote re_chunk_000.pak.patch_050\natives/stm/character/_kit/_equipment/_furmasks/tops/tops_2091_f_job08_left_mskm.tex.760230703 (deflate)
Wrote re_chunk_000.pak.patch_050\natives/stm/character/_kit/_equipment/_furmasks/helm/helm_2381_m_mskm.tex.760230703 (deflate)
Wrote re_chunk_000.pak.patch_050\natives/stm/character/_kit/_equipment/_furmasks/tops/tops_246_m_mskm.tex.760230703 (deflate)
Wrote re_chunk_000.pak.patch_050\natives/stm/character/_kit/_equipment/_furmasks/tops/tops_207_f_job08_left_mskm.tex.760230703 (deflate)
Wrote re_chunk_000.pak.patch_050\natives/stm/character/_kit/_equipment/_furmasks/pants/pants_247_m_mskm.tex.760230703 (deflate)
Wrote re_chunk_000.pak.patch_050\natives/stm/character/_kit/_equipment/_furmasks/pants/pants_2380_m_mskm.tex.760230703 (deflate)
Wrote re_chunk_000.pak.patch_050\natives/stm/character/_kit/_equipment/_furmasks/tops/tops_2384_m_mskm.tex.760230703 (deflate)
Wrote re_chunk_000.pak.patch_050\natives/stm/character/_kit/_equipment/_furmasks/tops/tops_4131_f_mskm.tex.760230703 (deflate)
Wrote re_chunk_000.pak.patch_050\natives/stm/character/_kit/_equipment/_furmasks/pants/pants_003_m_mskm.tex.760230703 (deflate)
Wrote re_chunk_000.pak.patch_050\natives/stm/character/_kit/_equipment/_furmasks/pants/pants_3110_m_mskm.tex.760230703 (deflate)
Wrote re_chunk_000.pak.patch_050\natives/stm/character/_kit/_equipment/_furmasks/tops/tops_313_f_job09_right_mskm.tex.760230703 (deflate)
Wrote re_chunk_000.pak.patch_050\natives/stm/character/_kit/_equipment/_furmasks/tops/tops_001_m_job08_left_mskm.tex.760230703 (deflate)
Wrote re_chunk_000.pak.patch_050\natives/stm/character/_kit/_equipment/_furmasks/pants/pants_236_f_mskm.tex.760230703 (deflate)
Wrote re_chunk_000.pak.patch_050\natives/stm/character/_kit/_equipment/_furmasks/tops/tops_4180_f_mskm.tex.760230703 (deflate)
Wrote re_chunk_000.pak.patch_050\natives/stm/character/_kit/_equipment/_furmasks/pants/pants_2123_f_mskm.tex.760230703 (deflate)
Wrote re_chunk_000.pak.patch_050\natives/stm/character/_kit/_equipment/_furmasks/tops/tops_2220_f_mskm.tex.760230703 (deflate)
Wrote re_chunk_000.pak.patch_050\natives/stm/character/_kit/_equipment/_furmasks/helm/helm_2324_f_mskm.tex.760230703 (deflate)
Wrote re_chunk_000.pak.patch_050\natives/stm/character/_kit/_equipment/_furmasks/pants/pants_265_f_mskm.tex.760230703 (deflate)
Wrote re_chunk_000.pak.patch_050\natives/stm/character/_kit/_equipment/_furmasks/helm/helm_2322_f_mskm.tex.760230703 (deflate)
Wrote re_chunk_000.pak.patch_050\natives/stm/character/_kit/_equipment/_furmasks/tops/tops_4030_f_job01_left_mskm.tex.760230703 (deflate)
Wrote re_chunk_000.pak.patch_050\natives/stm/character/_kit/_equipment/_furmasks/tops/tops_2092_f_mskm.tex.760230703 (deflate)
Wrote re_chunk_000.pak.patch_050\natives/stm/character/_kit/_equipment/_furmasks/hair/hair_101_mskm.tex.760230703 (deflate)
Wrote re_chunk_000.pak.patch_050\natives/stm/character/_kit/_equipment/_furmasks/tops/tops_2042_f_mskm.tex.760230703 (deflate)
Wrote re_chunk_000.pak.patch_050\natives/stm/character/_kit/_equipment/_furmasks/tops/tops_2107_f_mskm.tex.760230703 (deflate)
Wrote re_chunk_000.pak.patch_050\natives/stm/character/_kit/_equipment/_furmasks/tops/tops_2075_m_mskm.tex.760230703 (deflate)
Wrote re_chunk_000.pak.patch_050\natives/stm/character/_kit/_equipment/_furmasks/tops/tops_203_m_mskm.tex.760230703 (deflate)
Wrote re_chunk_000.pak.patch_050\natives/stm/character/_kit/_equipment/_furmasks/pants/pants_2380_f_mskm.tex.760230703 (deflate)
Wrote re_chunk_000.pak.patch_050\natives/stm/character/_kit/_equipment/_furmasks/helm/helm_004_m_mskm.tex.760230703 (deflate)
Wrote re_chunk_000.pak.patch_050\natives/stm/character/_kit/_equipment/_furmasks/helm/helm_310_f_mskm.tex.760230703 (deflate)
Wrote re_chunk_000.pak.patch_050\natives/stm/character/_kit/_equipment/_furmasks/pants/pants_2240_m_mskm.tex.760230703 (deflate)
Wrote re_chunk_000.pak.patch_050\natives/stm/character/_kit/_equipment/_furmasks/tops/tops_4030_f_job07_right_mskm.tex.760230703 (deflate)
Wrote re_chunk_000.pak.patch_050\natives/stm/character/_kit/_equipment/_furmasks/tops/tops_201_f_job02_left_mskm.tex.760230703 (deflate)
Wrote re_chunk_000.pak.patch_050\natives/stm/character/_kit/_equipment/_furmasks/helm/helm_206_m_mskm.tex.760230703 (deflate)
Wrote re_chunk_000.pak.patch_050\natives/stm/character/_kit/_equipment/_furmasks/tops/tops_039_f_mskm.tex.760230703 (deflate)
Wrote re_chunk_000.pak.patch_050\natives/stm/character/_kit/_equipment/_furmasks/tops/tops_046_f_mskm.tex.760230703 (deflate)
Wrote re_chunk_000.pak.patch_050\natives/stm/character/_kit/_equipment/_furmasks/tops/tops_2101_f_mskm.tex.760230703 (deflate)
Wrote re_chunk_000.pak.patch_050\natives/stm/character/_kit/_equipment/_furmasks/tops/tops_264_f_job02_left_mskm.tex.760230703 (deflate)
Wrote re_chunk_000.pak.patch_050\natives/stm/character/_kit/_equipment/_furmasks/tops/tops_2156_f_mskm.tex.760230703 (deflate)
Wrote re_chunk_000.pak.patch_050\natives/stm/character/_kit/_equipment/_furmasks/pants/pants_3160_m_mskm.tex.760230703 (deflate)
Wrote re_chunk_000.pak.patch_050\natives/stm/character/_kit/_equipment/_furmasks/pants/pants_4011_f_mskm.tex.760230703 (deflate)
Wrote re_chunk_000.pak.patch_050\natives/stm/character/_kit/_equipment/_furmasks/helm/helm_001_m_mskm.tex.760230703 (deflate)
Wrote re_chunk_000.pak.patch_050\natives/stm/character/_kit/_equipment/_furmasks/pants/pants_231_f_mskm.tex.760230703 (deflate)
Wrote re_chunk_000.pak.patch_050\natives/stm/character/_kit/_equipment/_furmasks/tops/tops_2061_m_mskm.tex.760230703 (deflate)
Wrote re_chunk_000.pak.patch_050\natives/stm/character/_kit/_equipment/_furmasks/facewear/facewear_006_m_mskm.tex.760230703 (deflate)
Wrote re_chunk_000.pak.patch_050\natives/stm/character/_kit/_equipment/_furmasks/pants/pants_220_m_mskm.tex.760230703 (deflate)
Wrote re_chunk_000.pak.patch_050\natives/stm/character/_kit/_equipment/_furmasks/tops/tops_220_m_job02_left_mskm.tex.760230703 (deflate)
Wrote re_chunk_000.pak.patch_050\natives/stm/character/_kit/_equipment/_furmasks/tops/tops_2062_f_mskm.tex.760230703 (deflate)
Wrote re_chunk_000.pak.patch_050\natives/stm/character/_kit/_equipment/_furmasks/tops/tops_2044_f_mskm.tex.760230703 (deflate)
Wrote re_chunk_000.pak.patch_050\natives/stm/character/_kit/_equipment/_furmasks/helm/helm_309_m_mskm.tex.760230703 (deflate)
Wrote re_chunk_000.pak.patch_050\natives/stm/character/_kit/_equipment/_furmasks/tops/tops_2027_f_job02_left_mskm.tex.760230703 (deflate)
Wrote re_chunk_000.pak.patch_050\natives/stm/character/_kit/_equipment/_furmasks/tops/tops_2164_m_mskm.tex.760230703 (deflate)
Wrote re_chunk_000.pak.patch_050\natives/stm/character/_kit/_equipment/_furmasks/tops/tops_1000_f_mskm.tex.760230703 (deflate)
Wrote re_chunk_000.pak.patch_050\natives/stm/character/_kit/_equipment/_furmasks/tops/tops_4141_f_mskm.tex.760230703 (deflate)
Wrote re_chunk_000.pak.patch_050\natives/stm/character/_kit/_equipment/_furmasks/helm/helm_264_m_mskm.tex.760230703 (deflate)
Wrote re_chunk_000.pak.patch_050\natives/stm/character/_kit/_equipment/_furmasks/helm/helm_046_f_mskm.tex.760230703 (deflate)
Wrote re_chunk_000.pak.patch_050\natives/stm/character/_kit/_equipment/_furmasks/tops/tops_4110_m_job02_left_mskm.tex.760230703 (deflate)
Wrote re_chunk_000.pak.patch_050\natives/stm/character/_kit/_equipment/_furmasks/tops/tops_312_f_mskm.tex.760230703 (deflate)
Wrote re_chunk_000.pak.patch_050\natives/stm/character/_kit/_equipment/_furmasks/tops/tops_9000_m_mskm.tex.760230703 (deflate)
Wrote re_chunk_000.pak.patch_050\natives/stm/character/_kit/_equipment/_furmasks/tops/tops_264_f_job07_right_mskm.tex.760230703 (deflate)
Wrote re_chunk_000.pak.patch_050\natives/stm/character/_kit/_equipment/_furmasks/tops/tops_2069_f_mskm.tex.760230703 (deflate)
Wrote re_chunk_000.pak.patch_050\natives/stm/character/_kit/_equipment/_furmasks/pants/pants_278_f_mskm.tex.760230703 (deflate)
Wrote re_chunk_000.pak.patch_050\natives/stm/character/_kit/_equipment/_furmasks/tops/tops_2006_m_mskm.tex.760230703 (deflate)
Wrote re_chunk_000.pak.patch_050\natives/stm/character/_kit/_equipment/_furmasks/pants/pants_2306_m_mskm.tex.760230703 (deflate)
Wrote re_chunk_000.pak.patch_050\natives/stm/character/_kit/_equipment/_furmasks/hair/hair_027_mskm.tex.760230703 (deflate)
Wrote re_chunk_000.pak.patch_050\natives/stm/character/_kit/_equipment/_furmasks/pants/pants_9000_f_mskm.tex.760230703 (deflate)
Wrote re_chunk_000.pak.patch_050\natives/stm/character/_kit/_equipment/_furmasks/tops/tops_254_f_mskm.tex.760230703 (deflate)
Wrote re_chunk_000.pak.patch_050\natives/stm/character/_kit/_equipment/_furmasks/tops/tops_035_f_mskm.tex.760230703 (deflate)
Wrote re_chunk_000.pak.patch_050\natives/stm/character/_kit/_equipment/_furmasks/tops/tops_013_m_job08_left_mskm.tex.760230703 (deflate)
Wrote re_chunk_000.pak.patch_050\natives/stm/character/_kit/_equipment/_furmasks/helm/helm_2221_f_mskm.tex.760230703 (deflate)
Wrote re_chunk_000.pak.patch_050\natives/stm/character/_kit/_equipment/_furmasks/tops/tops_050_m_mskm.tex.760230703 (deflate)
Wrote re_chunk_000.pak.patch_050\natives/stm/character/_kit/_equipment/_furmasks/tops/tops_2322_f_mskm.tex.760230703 (deflate)
Wrote re_chunk_000.pak.patch_050\natives/stm/character/_kit/_equipment/_furmasks/tops/tops_2161_m_mskm.tex.760230703 (deflate)
Wrote re_chunk_000.pak.patch_050\natives/stm/character/_kit/_equipment/_furmasks/pants/pants_048_m_mskm.tex.760230703 (deflate)
Wrote re_chunk_000.pak.patch_050\natives/stm/character/_kit/_equipment/_furmasks/pants/pants_012_m_mskm.tex.760230703 (deflate)
Wrote re_chunk_000.pak.patch_050\natives/stm/character/_kit/_equipment/_furmasks/pants/pants_3050_f_mskm.tex.760230703 (deflate)
Wrote re_chunk_000.pak.patch_050\natives/stm/character/_kit/_equipment/_furmasks/facewear/facewear_306_m_mskm.tex.760230703 (deflate)
Wrote re_chunk_000.pak.patch_050\natives/stm/character/_kit/_equipment/_furmasks/tops/tops_003_m_mskm.tex.760230703 (deflate)
Wrote re_chunk_000.pak.patch_050\natives/stm/character/_kit/_equipment/_furmasks/pants/pants_013_f_mskm.tex.760230703 (deflate)
Wrote re_chunk_000.pak.patch_050\natives/stm/character/_kit/_equipment/_furmasks/helm/helm_205_f_mskm.tex.760230703 (deflate)
Wrote re_chunk_000.pak.patch_050\natives/stm/character/_kit/_equipment/_furmasks/tops/tops_225_f_mskm.tex.760230703 (deflate)
Wrote re_chunk_000.pak.patch_050\natives/stm/character/_kit/_equipment/_furmasks/tops/tops_2326_f_mskm.tex.760230703 (deflate)
Wrote re_chunk_000.pak.patch_050\natives/stm/character/_kit/_equipment/_furmasks/helm/helm_2021_m_mskm.tex.760230703 (deflate)
Wrote re_chunk_000.pak.patch_050\natives/stm/character/_kit/_equipment/_furmasks/tops/tops_271_f_mskm.tex.760230703 (deflate)
Wrote re_chunk_000.pak.patch_050\natives/stm/character/_kit/_equipment/_furmasks/facewear/facewear_002_f_mskm.tex.760230703 (deflate)
Wrote re_chunk_000.pak.patch_050\natives/stm/character/_kit/_equipment/_furmasks/tops/tops_307_f_mskm.tex.760230703 (deflate)
Wrote re_chunk_000.pak.patch_050\natives/stm/character/_kit/_equipment/_furmasks/tops/tops_205_m_mskm.tex.760230703 (deflate)
Wrote re_chunk_000.pak.patch_050\natives/stm/character/_kit/_equipment/_furmasks/tops/tops_222_m_mskm.tex.760230703 (deflate)
Wrote re_chunk_000.pak.patch_050\natives/stm/character/_kit/_equipment/_furmasks/tops/tops_3060_f_mskm.tex.760230703 (deflate)
Wrote re_chunk_000.pak.patch_050\natives/stm/character/_kit/_equipment/_furmasks/tops/tops_3370_m_mskm.tex.760230703 (deflate)
Wrote re_chunk_000.pak.patch_050\natives/stm/character/_kit/_equipment/_furmasks/pants/pants_4120_m_mskm.tex.760230703 (deflate)
Wrote re_chunk_000.pak.patch_050\natives/stm/character/_kit/_equipment/_furmasks/helm/helm_276_m_mskm.tex.760230703 (deflate)
Wrote re_chunk_000.pak.patch_050\natives/stm/character/_kit/_equipment/_furmasks/tops/tops_4041_m_mskm.tex.760230703 (deflate)
Wrote re_chunk_000.pak.patch_050\natives/stm/character/_kit/_equipment/_furmasks/tops/tops_242_f_mskm.tex.760230703 (deflate)
Wrote re_chunk_000.pak.patch_050\natives/stm/character/_kit/_equipment/_furmasks/tops/tops_2092_m_mskm.tex.760230703 (deflate)
Wrote re_chunk_000.pak.patch_050\natives/stm/character/_kit/_equipment/_furmasks/pants/pants_275_m_mskm.tex.760230703 (deflate)
Wrote re_chunk_000.pak.patch_050\natives/stm/character/_kit/_equipment/_furmasks/tops/tops_267_m_mskm.tex.760230703 (deflate)
Wrote re_chunk_000.pak.patch_050\natives/stm/character/_kit/_equipment/_furmasks/helm/helm_248_f_mskm.tex.760230703 (deflate)
Wrote re_chunk_000.pak.patch_050\natives/stm/character/_kit/_equipment/_furmasks/underwear/underwear_000_f_upper_mskm.tex.760230703 (deflate)
Wrote re_chunk_000.pak.patch_050\natives/stm/character/_kit/_equipment/_furmasks/tops/tops_248_f_job08_left_mskm.tex.760230703 (deflate)
Wrote re_chunk_000.pak.patch_050\natives/stm/character/_kit/_equipment/_furmasks/helm/helm_306_f_mskm.tex.760230703 (deflate)
Wrote re_chunk_000.pak.patch_050\natives/stm/character/_kit/_equipment/_furmasks/tops/tops_4131_m_job02_left_mskm.tex.760230703 (deflate)
Wrote re_chunk_000.pak.patch_050\natives/stm/character/_kit/_equipment/_furmasks/pants/pants_005_f_mskm.tex.760230703 (deflate)
Wrote re_chunk_000.pak.patch_050\natives/stm/character/_kit/_equipment/_furmasks/tops/tops_4040_f_mskm.tex.760230703 (deflate)
Wrote re_chunk_000.pak.patch_050\natives/stm/character/_kit/_equipment/_furmasks/tops/tops_013_f_job08_left_mskm.tex.760230703 (deflate)
Wrote re_chunk_000.pak.patch_050\natives/stm/character/_kit/_equipment/_furmasks/helm/helm_222_m_mskm.tex.760230703 (deflate)
Wrote re_chunk_000.pak.patch_050\natives/stm/character/_kit/_equipment/_furmasks/pants/pants_009_m_mskm.tex.760230703 (deflate)
Wrote re_chunk_000.pak.patch_050\natives/stm/character/_kit/_equipment/_furmasks/tops/tops_221_m_job02_left_mskm.tex.760230703 (deflate)
Wrote re_chunk_000.pak.patch_050\natives/stm/character/_kit/_equipment/_furmasks/tops/tops_310_f_job02_left_mskm.tex.760230703 (deflate)
Wrote re_chunk_000.pak.patch_050\natives/stm/character/_kit/_equipment/_furmasks/helm/helm_2000_f_mskm.tex.760230703 (deflate)
Wrote re_chunk_000.pak.patch_050\natives/stm/character/_kit/_equipment/_furmasks/helm/helm_2301_m_mskm.tex.760230703 (deflate)
Wrote re_chunk_000.pak.patch_050\natives/stm/character/_kit/_equipment/_furmasks/tops/tops_253_f_mskm.tex.760230703 (deflate)
Wrote re_chunk_000.pak.patch_050\natives/stm/character/_kit/_equipment/_furmasks/tops/tops_2043_m_mskm.tex.760230703 (deflate)
Wrote re_chunk_000.pak.patch_050\natives/stm/character/_kit/_equipment/_furmasks/pants/pants_2161_f_mskm.tex.760230703 (deflate)
Wrote re_chunk_000.pak.patch_050\natives/stm/character/_kit/_equipment/_furmasks/pants/pants_021_f_mskm.tex.760230703 (deflate)
Wrote re_chunk_000.pak.patch_050\natives/stm/character/_kit/_equipment/_furmasks/pants/pants_2063_m_mskm.tex.760230703 (deflate)
Wrote re_chunk_000.pak.patch_050\natives/stm/character/_kit/_equipment/_furmasks/pants/pants_211_m_mskm.tex.760230703 (deflate)
Wrote re_chunk_000.pak.patch_050\natives/stm/character/_kit/_equipment/_furmasks/tops/tops_207_m_job07_right_mskm.tex.760230703 (deflate)
Wrote re_chunk_000.pak.patch_050\natives/stm/character/_kit/_equipment/_furmasks/tops/tops_2242_m_mskm.tex.760230703 (deflate)
Wrote re_chunk_000.pak.patch_050\natives/stm/character/_kit/_equipment/_furmasks/pants/pants_035_m_mskm.tex.760230703 (deflate)
Wrote re_chunk_000.pak.patch_050\natives/stm/character/_kit/_equipment/_furmasks/helm/helm_2061_m_mskm.tex.760230703 (deflate)
Wrote re_chunk_000.pak.patch_050\natives/stm/character/_kit/_equipment/_furmasks/tops/tops_310_m_job01_left_mskm.tex.760230703 (deflate)
Wrote re_chunk_000.pak.patch_050\natives/stm/character/_kit/_equipment/_furmasks/pants/pants_003_f_mskm.tex.760230703 (deflate)
Wrote re_chunk_000.pak.patch_050\natives/stm/character/_kit/_equipment/_furmasks/tops/tops_4020_m_job02_left_mskm.tex.760230703 (deflate)
Wrote re_chunk_000.pak.patch_050\natives/stm/character/_kit/_equipment/_furmasks/hair/hair_005_mskm.tex.760230703 (deflate)
Wrote re_chunk_000.pak.patch_050\natives/stm/character/_kit/_equipment/_furmasks/tops/tops_308_m_mskm.tex.760230703 (deflate)
Wrote re_chunk_000.pak.patch_050\natives/stm/character/_kit/_equipment/_furmasks/tops/tops_254_m_job08_left_mskm.tex.760230703 (deflate)
Wrote re_chunk_000.pak.patch_050\natives/stm/character/_kit/_equipment/_furmasks/helm/helm_4070_m_mskm.tex.760230703 (deflate)
Wrote re_chunk_000.pak.patch_050\natives/stm/character/_kit/_equipment/_furmasks/helm/helm_200_f_mskm.tex.760230703 (deflate)
Wrote re_chunk_000.pak.patch_050\natives/stm/character/_kit/_equipment/_furmasks/pants/pants_4070_f_mskm.tex.760230703 (deflate)
Wrote re_chunk_000.pak.patch_050\natives/stm/character/_kit/_equipment/_furmasks/tops/tops_2041_f_mskm.tex.760230703 (deflate)
Wrote re_chunk_000.pak.patch_050\natives/stm/character/_kit/_equipment/_furmasks/pants/pants_2202_f_mskm.tex.760230703 (deflate)
Wrote re_chunk_000.pak.patch_050\natives/stm/character/_kit/_equipment/_furmasks/tops/tops_290_f_mskm.tex.760230703 (deflate)
Wrote re_chunk_000.pak.patch_050\natives/stm/character/_kit/_equipment/_furmasks/pants/pants_232_f_mskm.tex.760230703 (deflate)
Wrote re_chunk_000.pak.patch_050\natives/stm/character/_kit/_equipment/_furmasks/pants/pants_017_f_mskm.tex.760230703 (deflate)
Wrote re_chunk_000.pak.patch_050\natives/stm/character/_kit/_equipment/_furmasks/helm/helm_038_m_mskm.tex.760230703 (deflate)
Wrote re_chunk_000.pak.patch_050\natives/stm/character/_kit/_equipment/_furmasks/tops/tops_313_f_job06_right_mskm.tex.760230703 (deflate)
Wrote re_chunk_000.pak.patch_050\natives/stm/character/_kit/_equipment/_furmasks/tops/tops_201_f_job01_left_mskm.tex.760230703 (deflate)
Wrote re_chunk_000.pak.patch_050\natives/stm/character/_kit/_equipment/_furmasks/tops/tops_212_f_mskm.tex.760230703 (deflate)
Wrote re_chunk_000.pak.patch_050\natives/stm/character/_kit/_equipment/_furmasks/helm/helm_003_f_mskm.tex.760230703 (deflate)
Wrote re_chunk_000.pak.patch_050\natives/stm/character/_kit/_equipment/_furmasks/helm/helm_232_f_mskm.tex.760230703 (deflate)
Wrote re_chunk_000.pak.patch_050\natives/stm/character/_kit/_equipment/_furmasks/underwear/underwear_000_f_lower_mskm.tex.760230703 (deflate)
Wrote re_chunk_000.pak.patch_050\natives/stm/character/_kit/_equipment/_furmasks/tops/tops_242_f_job07_right_mskm.tex.760230703 (deflate)
Wrote re_chunk_000.pak.patch_050\natives/stm/character/_kit/_equipment/_furmasks/hair/hair_073_mskm.tex.760230703 (deflate)
Wrote re_chunk_000.pak.patch_050\natives/stm/character/_kit/_equipment/_furmasks/pants/pants_221_m_mskm.tex.760230703 (deflate)
Wrote re_chunk_000.pak.patch_050\natives/stm/character/_kit/_equipment/_furmasks/pants/pants_280_m_mskm.tex.760230703 (deflate)
Wrote re_chunk_000.pak.patch_050\natives/stm/character/_kit/_equipment/_furmasks/helm/helm_285_f_mskm.tex.760230703 (deflate)
Wrote re_chunk_000.pak.patch_050\natives/stm/character/_kit/_equipment/_furmasks/pants/pants_2345_m_mskm.tex.760230703 (deflate)
Wrote re_chunk_000.pak.patch_050\natives/stm/character/_kit/_equipment/_furmasks/hair/hair_010_mskm.tex.760230703 (deflate)
Wrote re_chunk_000.pak.patch_050\natives/stm/character/_kit/_equipment/_furmasks/helm/helm_2002_m_mskm.tex.760230703 (deflate)
Wrote re_chunk_000.pak.patch_050\natives/stm/character/_kit/_equipment/_furmasks/helm/helm_2325_f_mskm.tex.760230703 (deflate)
Wrote re_chunk_000.pak.patch_050\natives/stm/character/_kit/_equipment/_furmasks/pants/pants_039_m_mskm.tex.760230703 (deflate)
Wrote re_chunk_000.pak.patch_050\natives/stm/character/_kit/_equipment/_furmasks/helm/helm_237_m_mskm.tex.760230703 (deflate)
Wrote re_chunk_000.pak.patch_050\natives/stm/character/_kit/_equipment/_furmasks/tops/tops_221_m_job08_left_mskm.tex.760230703 (deflate)
Wrote re_chunk_000.pak.patch_050\natives/stm/character/_kit/_equipment/_furmasks/tops/tops_225_m_job08_left_mskm.tex.760230703 (deflate)
Wrote re_chunk_000.pak.patch_050\natives/stm/character/_kit/_equipment/_furmasks/pants/pants_017_m_mskm.tex.760230703 (deflate)
Wrote re_chunk_000.pak.patch_050\natives/stm/character/_kit/_equipment/_furmasks/helm/helm_056_m_mskm.tex.760230703 (deflate)
Wrote re_chunk_000.pak.patch_050\natives/stm/character/_kit/_equipment/_furmasks/tops/tops_4121_m_mskm.tex.760230703 (deflate)
Wrote re_chunk_000.pak.patch_050\natives/stm/character/_kit/_equipment/_furmasks/facewear/facewear_007_f_mskm.tex.760230703 (deflate)
Wrote re_chunk_000.pak.patch_050\natives/stm/character/_kit/_equipment/_furmasks/helm/helm_4110_f_mskm.tex.760230703 (deflate)
Wrote re_chunk_000.pak.patch_050\natives/stm/character/_kit/_equipment/_furmasks/helm/helm_242_m_mskm.tex.760230703 (deflate)
Wrote re_chunk_000.pak.patch_050\natives/stm/character/_kit/_equipment/_furmasks/tops/tops_4150_m_mskm.tex.760230703 (deflate)
Wrote re_chunk_000.pak.patch_050\natives/stm/character/_kit/_equipment/_furmasks/helm/helm_308_f_mskm.tex.760230703 (deflate)
Wrote re_chunk_000.pak.patch_050\natives/stm/character/_kit/_equipment/_furmasks/pants/pants_2001_f_mskm.tex.760230703 (deflate)
Wrote re_chunk_000.pak.patch_050\natives/stm/character/_kit/_equipment/_furmasks/tops/tops_2083_m_mskm.tex.760230703 (deflate)
Wrote re_chunk_000.pak.patch_050\natives/stm/character/_kit/_equipment/_furmasks/pants/pants_4150_m_mskm.tex.760230703 (deflate)
Wrote re_chunk_000.pak.patch_050\natives/stm/character/_kit/_equipment/_furmasks/helm/helm_011_f_mskm.tex.760230703 (deflate)
Wrote re_chunk_000.pak.patch_050\natives/stm/character/_kit/_equipment/_furmasks/pants/pants_2101_f_mskm.tex.760230703 (deflate)
Wrote re_chunk_000.pak.patch_050\natives/stm/character/_kit/_equipment/_furmasks/helm/helm_2326_f_mskm.tex.760230703 (deflate)
Wrote re_chunk_000.pak.patch_050\natives/stm/character/_kit/_equipment/_furmasks/tops/tops_264_f_mskm.tex.760230703 (deflate)
Wrote re_chunk_000.pak.patch_050\natives/stm/character/_kit/_equipment/_furmasks/tops/tops_4171_f_mskm.tex.760230703 (deflate)
Wrote re_chunk_000.pak.patch_050\natives/stm/character/_kit/_equipment/_furmasks/tops/tops_4160_f_mskm.tex.760230703 (deflate)
Wrote re_chunk_000.pak.patch_050\natives/stm/character/_kit/_equipment/_furmasks/tops/tops_4080_m_mskm.tex.760230703 (deflate)
Wrote re_chunk_000.pak.patch_050\natives/stm/character/_kit/_equipment/_furmasks/pants/pants_279_m_mskm.tex.760230703 (deflate)
Wrote re_chunk_000.pak.patch_050\natives/stm/character/_kit/_equipment/_furmasks/helm/helm_285_m_mskm.tex.760230703 (deflate)
Wrote re_chunk_000.pak.patch_050\natives/stm/character/_kit/_equipment/_furmasks/pants/pants_2142_m_mskm.tex.760230703 (deflate)
Wrote re_chunk_000.pak.patch_050\natives/stm/character/_kit/_equipment/_furmasks/helm/helm_273_f_mskm.tex.760230703 (deflate)
Wrote re_chunk_000.pak.patch_050\natives/stm/character/_kit/_equipment/_furmasks/tops/tops_2064_m_mskm.tex.760230703 (deflate)
Wrote re_chunk_000.pak.patch_050\natives/stm/character/_kit/_equipment/_furmasks/pants/pants_3320_m_mskm.tex.760230703 (deflate)
Wrote re_chunk_000.pak.patch_050\natives/stm/character/_kit/_equipment/_furmasks/tops/tops_4060_f_mskm.tex.760230703 (deflate)
Wrote re_chunk_000.pak.patch_050\natives/stm/character/_kit/_equipment/_furmasks/tops/tops_313_m_job02_left_mskm.tex.760230703 (deflate)
Wrote re_chunk_000.pak.patch_050\natives/stm/character/_kit/_equipment/_furmasks/tops/tops_4011_f_job02_left_mskm.tex.760230703 (deflate)
Wrote re_chunk_000.pak.patch_050\natives/stm/character/_kit/_equipment/_furmasks/tops/tops_301_m_mskm.tex.760230703 (deflate)
Wrote re_chunk_000.pak.patch_050\natives/stm/character/_kit/_equipment/_furmasks/tops/tops_2126_f_mskm.tex.760230703 (deflate)
Wrote re_chunk_000.pak.patch_050\natives/stm/character/_kit/_equipment/_furmasks/pants/pants_2302_f_mskm.tex.760230703 (deflate)
Wrote re_chunk_000.pak.patch_050\natives/stm/character/_kit/_equipment/_furmasks/helm/helm_2002_f_mskm.tex.760230703 (deflate)
Wrote re_chunk_000.pak.patch_050\natives/stm/character/_kit/_equipment/_furmasks/tops/tops_037_f_mskm.tex.760230703 (deflate)
Wrote re_chunk_000.pak.patch_050\natives/stm/character/_kit/_equipment/_furmasks/helm/helm_2420_m_mskm.tex.760230703 (deflate)
Wrote re_chunk_000.pak.patch_050\natives/stm/character/_kit/_equipment/_furmasks/pants/pants_233_f_mskm.tex.760230703 (deflate)
Wrote re_chunk_000.pak.patch_050\natives/stm/character/_kit/_equipment/_furmasks/tops/tops_232_m_mskm.tex.760230703 (deflate)
Wrote re_chunk_000.pak.patch_050\natives/stm/character/_kit/_equipment/_furmasks/tops/tops_2029_f_job08_left_mskm.tex.760230703 (deflate)
Wrote re_chunk_000.pak.patch_050\natives/stm/character/_kit/_equipment/_furmasks/pants/pants_258_f_mskm.tex.760230703 (deflate)
Wrote re_chunk_000.pak.patch_050\natives/stm/character/_kit/_equipment/_furmasks/tops/tops_4161_f_mskm.tex.760230703 (deflate)
Wrote re_chunk_000.pak.patch_050\natives/stm/character/_kit/_equipment/_furmasks/pants/pants_2384_f_mskm.tex.760230703 (deflate)
Wrote re_chunk_000.pak.patch_050\natives/stm/character/_kit/_equipment/_furmasks/tops/tops_286_f_mskm.tex.760230703 (deflate)
Wrote re_chunk_000.pak.patch_050\natives/stm/character/_kit/_equipment/_furmasks/helm/helm_255_m_mskm.tex.760230703 (deflate)
Wrote re_chunk_000.pak.patch_050\natives/stm/character/_kit/_equipment/_furmasks/tops/tops_4020_m_job01_left_mskm.tex.760230703 (deflate)
Wrote re_chunk_000.pak.patch_050\natives/stm/character/_kit/_equipment/_furmasks/tops/tops_254_f_job07_right_mskm.tex.760230703 (deflate)
Wrote re_chunk_000.pak.patch_050\natives/stm/character/_kit/_equipment/_furmasks/pants/pants_042_m_mskm.tex.760230703 (deflate)
Wrote re_chunk_000.pak.patch_050\natives/stm/character/_kit/_equipment/_furmasks/tops/tops_4011_m_mskm.tex.760230703 (deflate)
Wrote re_chunk_000.pak.patch_050\natives/stm/character/_kit/_equipment/_furmasks/helm/helm_249_f_mskm.tex.760230703 (deflate)
Wrote re_chunk_000.pak.patch_050\natives/stm/character/_kit/_equipment/_furmasks/tops/tops_254_m_job07_right_mskm.tex.760230703 (deflate)
Wrote re_chunk_000.pak.patch_050\natives/stm/character/_kit/_equipment/_furmasks/facewear/facewear_005_m_mskm.tex.760230703 (deflate)
Wrote re_chunk_000.pak.patch_050\natives/stm/character/_kit/_equipment/_furmasks/helm/helm_017_m_mskm.tex.760230703 (deflate)
Wrote re_chunk_000.pak.patch_050\natives/stm/character/_kit/_equipment/_furmasks/pants/pants_2325_f_mskm.tex.760230703 (deflate)
Wrote re_chunk_000.pak.patch_050\natives/stm/character/_kit/_equipment/_furmasks/tops/tops_4040_m_job02_left_mskm.tex.760230703 (deflate)
Wrote re_chunk_000.pak.patch_050\natives/stm/character/_kit/_equipment/_furmasks/tops/tops_4071_f_mskm.tex.760230703 (deflate)
Wrote re_chunk_000.pak.patch_050\natives/stm/character/_kit/_equipment/_furmasks/tops/tops_9999_f_job02_left_mskm.tex.760230703 (deflate)
Wrote re_chunk_000.pak.patch_050\natives/stm/character/_kit/_equipment/_furmasks/tops/tops_4000_m_job08_left_mskm.tex.760230703 (deflate)
Wrote re_chunk_000.pak.patch_050\natives/stm/character/_kit/_equipment/_furmasks/tops/tops_249_f_mskm.tex.760230703 (deflate)
Wrote re_chunk_000.pak.patch_050\natives/stm/character/_kit/_equipment/_furmasks/helm/helm_039_m_mskm.tex.760230703 (deflate)
Wrote re_chunk_000.pak.patch_050\natives/stm/character/_kit/_equipment/_furmasks/tops/tops_2028_f_job08_left_mskm.tex.760230703 (deflate)
Wrote re_chunk_000.pak.patch_050\natives/stm/character/_kit/_equipment/_furmasks/tops/tops_2042_m_mskm.tex.760230703 (deflate)
Wrote re_chunk_000.pak.patch_050\natives/stm/character/_kit/_equipment/_furmasks/pants/pants_2002_m_mskm.tex.760230703 (deflate)
Wrote re_chunk_000.pak.patch_050\natives/stm/character/_kit/_equipment/_furmasks/tops/tops_304_f_job02_left_mskm.tex.760230703 (deflate)
Wrote re_chunk_000.pak.patch_050\natives/stm/character/_kit/_equipment/_furmasks/pants/pants_233_m_mskm.tex.760230703 (deflate)
Wrote re_chunk_000.pak.patch_050\natives/stm/character/_kit/_equipment/_furmasks/pants/pants_4131_f_mskm.tex.760230703 (deflate)
Wrote re_chunk_000.pak.patch_050\natives/stm/character/_kit/_equipment/_furmasks/pants/pants_2280_f_mskm.tex.760230703 (deflate)
Wrote re_chunk_000.pak.patch_050\natives/stm/character/_kit/_equipment/_furmasks/hair/hair_021_mskm.tex.760230703 (deflate)
Wrote re_chunk_000.pak.patch_050\natives/stm/character/_kit/_equipment/_furmasks/tops/tops_2460_m_mskm.tex.760230703 (deflate)
Wrote re_chunk_000.pak.patch_050\natives/stm/character/_kit/_equipment/_furmasks/tops/tops_4120_f_mskm.tex.760230703 (deflate)
Wrote re_chunk_000.pak.patch_050\natives/stm/character/_kit/_equipment/_furmasks/pants/pants_4080_f_mskm.tex.760230703 (deflate)
Wrote re_chunk_000.pak.patch_050\natives/stm/character/_kit/_equipment/_furmasks/pants/pants_041_m_mskm.tex.760230703 (deflate)
Wrote re_chunk_000.pak.patch_050\natives/stm/character/_kit/_equipment/_furmasks/pants/pants_241_m_mskm.tex.760230703 (deflate)
Wrote re_chunk_000.pak.patch_050\natives/stm/character/_kit/_equipment/_furmasks/pants/pants_3260_f_mskm.tex.760230703 (deflate)
Wrote re_chunk_000.pak.patch_050\natives/stm/character/_kit/_equipment/_furmasks/tops/tops_309_f_job02_left_mskm.tex.760230703 (deflate)
Wrote re_chunk_000.pak.patch_050\natives/stm/character/_kit/_equipment/_furmasks/tops/tops_4010_f_job08_left_mskm.tex.760230703 (deflate)
Wrote re_chunk_000.pak.patch_050\natives/stm/character/_kit/_equipment/_furmasks/helm/helm_2440_f_mskm.tex.760230703 (deflate)
Wrote re_chunk_000.pak.patch_050\natives/stm/character/_kit/_equipment/_furmasks/tops/tops_4051_m_mskm.tex.760230703 (deflate)
Wrote re_chunk_000.pak.patch_050\natives/stm/character/_kit/_equipment/_furmasks/helm/helm_4160_f_mskm.tex.760230703 (deflate)
Wrote re_chunk_000.pak.patch_050\natives/stm/character/_kit/_equipment/_furmasks/pants/pants_222_m_mskm.tex.760230703 (deflate)
Wrote re_chunk_000.pak.patch_050\natives/stm/character/_kit/_equipment/_furmasks/pants/pants_254_m_mskm.tex.760230703 (deflate)
Wrote re_chunk_000.pak.patch_050\natives/stm/character/_kit/_equipment/_furmasks/helm/helm_2146_m_mskm.tex.760230703 (deflate)
Wrote re_chunk_000.pak.patch_050\natives/stm/character/_kit/_equipment/_furmasks/pants/pants_250_m_mskm.tex.760230703 (deflate)
Wrote re_chunk_000.pak.patch_050\natives/stm/character/_kit/_equipment/_furmasks/tops/tops_2105_f_mskm.tex.760230703 (deflate)
Wrote re_chunk_000.pak.patch_050\natives/stm/character/_kit/_equipment/_furmasks/hair/hair_054_mskm.tex.760230703 (deflate)
Wrote re_chunk_000.pak.patch_050\natives/stm/character/_kit/_equipment/_furmasks/pants/pants_228_m_mskm.tex.760230703 (deflate)
Wrote re_chunk_000.pak.patch_050\natives/stm/character/_kit/_equipment/_furmasks/facewear/facewear_000_m_mskm.tex.760230703 (deflate)
Wrote re_chunk_000.pak.patch_050\natives/stm/character/_kit/_equipment/_furmasks/tops/tops_291_f_job08_left_mskm.tex.760230703 (deflate)
Wrote re_chunk_000.pak.patch_050\natives/stm/character/_kit/_equipment/_furmasks/tops/tops_291_m_job07_right_mskm.tex.760230703 (deflate)
Wrote re_chunk_000.pak.patch_050\natives/stm/character/_kit/_equipment/_furmasks/helm/helm_2022_f_mskm.tex.760230703 (deflate)
Wrote re_chunk_000.pak.patch_050\natives/stm/character/_kit/_equipment/_furmasks/tops/tops_3090_f_mskm.tex.760230703 (deflate)
Wrote re_chunk_000.pak.patch_050\natives/stm/character/_kit/_equipment/_furmasks/helm/helm_2302_m_mskm.tex.760230703 (deflate)
Wrote re_chunk_000.pak.patch_050\natives/stm/character/_kit/_equipment/_furmasks/tops/tops_9003_m_mskm.tex.760230703 (deflate)
Wrote re_chunk_000.pak.patch_050\natives/stm/character/_kit/_equipment/_furmasks/tops/tops_2381_f_mskm.tex.760230703 (deflate)
Wrote re_chunk_000.pak.patch_050\natives/stm/character/_kit/_equipment/_furmasks/tops/tops_4000_m_job01_left_mskm.tex.760230703 (deflate)
Wrote re_chunk_000.pak.patch_050\natives/stm/character/_kit/_equipment/_furmasks/pants/pants_284_m_mskm.tex.760230703 (deflate)
Wrote re_chunk_000.pak.patch_050\natives/stm/character/_kit/_equipment/_furmasks/tops/tops_2384_f_mskm.tex.760230703 (deflate)
Wrote re_chunk_000.pak.patch_050\natives/stm/character/_kit/_equipment/_furmasks/pants/pants_207_m_mskm.tex.760230703 (deflate)
Wrote re_chunk_000.pak.patch_050\natives/stm/character/_kit/_equipment/_furmasks/pants/pants_201_m_mskm.tex.760230703 (deflate)
Wrote re_chunk_000.pak.patch_050\natives/stm/character/_kit/_equipment/_furmasks/tops/tops_303_f_mskm.tex.760230703 (deflate)
Wrote re_chunk_000.pak.patch_050\natives/stm/character/_kit/_equipment/_furmasks/pants/pants_260_f_mskm.tex.760230703 (deflate)
Wrote re_chunk_000.pak.patch_050\natives/stm/character/_kit/_equipment/_furmasks/tops/tops_023_m_mskm.tex.760230703 (deflate)
Wrote re_chunk_000.pak.patch_050\natives/stm/character/_kit/_equipment/_furmasks/tops/tops_210_f_mskm.tex.760230703 (deflate)
Wrote re_chunk_000.pak.patch_050\natives/stm/character/_kit/_equipment/_furmasks/tops/tops_4020_f_job01_left_mskm.tex.760230703 (deflate)
Wrote re_chunk_000.pak.patch_050\natives/stm/character/_kit/_equipment/_furmasks/pants/pants_3120_m_mskm.tex.760230703 (deflate)
Wrote re_chunk_000.pak.patch_050\natives/stm/character/_kit/_equipment/_furmasks/tops/tops_270_m_mskm.tex.760230703 (deflate)
Wrote re_chunk_000.pak.patch_050\natives/stm/character/_kit/_equipment/_furmasks/tops/tops_004_f_mskm.tex.760230703 (deflate)
Wrote re_chunk_000.pak.patch_050\natives/stm/character/_kit/_equipment/_furmasks/tops/tops_2320_f_mskm.tex.760230703 (deflate)
Wrote re_chunk_000.pak.patch_050\natives/stm/character/_kit/_equipment/_furmasks/helm/helm_021_m_mskm.tex.760230703 (deflate)
Wrote re_chunk_000.pak.patch_050\natives/stm/character/_kit/_equipment/_furmasks/pants/pants_048_f_mskm.tex.760230703 (deflate)
Wrote re_chunk_000.pak.patch_050\natives/stm/character/_kit/_equipment/_furmasks/helm/helm_3430_f_mskm.tex.760230703 (deflate)
Wrote re_chunk_000.pak.patch_050\natives/stm/character/_kit/_equipment/_furmasks/pants/pants_2021_f_mskm.tex.760230703 (deflate)
Wrote re_chunk_000.pak.patch_050\natives/stm/character/_kit/_equipment/_furmasks/pants/pants_2151_m_mskm.tex.760230703 (deflate)
Wrote re_chunk_000.pak.patch_050\natives/stm/character/_kit/_equipment/_furmasks/pants/pants_3060_f_mskm.tex.760230703 (deflate)
Wrote re_chunk_000.pak.patch_050\natives/stm/character/_kit/_equipment/_furmasks/tops/tops_221_f_job08_left_mskm.tex.760230703 (deflate)
Wrote re_chunk_000.pak.patch_050\natives/stm/character/_kit/_equipment/_furmasks/pants/pants_2041_m_mskm.tex.760230703 (deflate)
Wrote re_chunk_000.pak.patch_050\natives/stm/character/_kit/_equipment/_furmasks/facewear/facewear_303_f_mskm.tex.760230703 (deflate)
Wrote re_chunk_000.pak.patch_050\natives/stm/character/_kit/_equipment/_furmasks/tops/tops_038_m_mskm.tex.760230703 (deflate)
Wrote re_chunk_000.pak.patch_050\natives/stm/character/_kit/_equipment/_furmasks/helm/helm_9999_f_mskm.tex.760230703 (deflate)
Wrote re_chunk_000.pak.patch_050\natives/stm/character/_kit/_equipment/_furmasks/tops/tops_4100_m_mskm.tex.760230703 (deflate)
Wrote re_chunk_000.pak.patch_050\natives/stm/character/_kit/_equipment/_furmasks/pants/pants_2326_f_mskm.tex.760230703 (deflate)
Wrote re_chunk_000.pak.patch_050\natives/stm/character/_kit/_equipment/_furmasks/tops/tops_313_f_job04_left_mskm.tex.760230703 (deflate)
Wrote re_chunk_000.pak.patch_050\natives/stm/character/_kit/_equipment/_furmasks/hair/hair_055_mskm.tex.760230703 (deflate)
Wrote re_chunk_000.pak.patch_050\natives/stm/character/_kit/_equipment/_furmasks/tops/tops_2071_f_mskm.tex.760230703 (deflate)
Wrote re_chunk_000.pak.patch_050\natives/stm/character/_kit/_equipment/_furmasks/helm/helm_228_f_mskm.tex.760230703 (deflate)
Wrote re_chunk_000.pak.patch_050\natives/stm/character/_kit/_equipment/_furmasks/hair/hair_070_mskm.tex.760230703 (deflate)
Wrote re_chunk_000.pak.patch_050\natives/stm/character/_kit/_equipment/_furmasks/pants/pants_2040_m_mskm.tex.760230703 (deflate)
Wrote re_chunk_000.pak.patch_050\natives/stm/character/_kit/_equipment/_furmasks/tops/tops_2260_f_mskm.tex.760230703 (deflate)
Wrote re_chunk_000.pak.patch_050\natives/stm/character/_kit/_equipment/_furmasks/hair/hair_058_mskm.tex.760230703 (deflate)
Wrote re_chunk_000.pak.patch_050\natives/stm/character/_kit/_equipment/_furmasks/helm/helm_003_m_mskm.tex.760230703 (deflate)
Wrote re_chunk_000.pak.patch_050\natives/stm/character/_kit/_equipment/_furmasks/pants/pants_002_m_mskm.tex.760230703 (deflate)
Wrote re_chunk_000.pak.patch_050\natives/stm/character/_kit/_equipment/_furmasks/helm/helm_2023_f_mskm.tex.760230703 (deflate)
Wrote re_chunk_000.pak.patch_050\natives/stm/character/_kit/_equipment/_furmasks/pants/pants_302_m_mskm.tex.760230703 (deflate)
Wrote re_chunk_000.pak.patch_050\natives/stm/character/_kit/_equipment/_furmasks/pants/pants_023_m_mskm.tex.760230703 (deflate)
Wrote re_chunk_000.pak.patch_050\natives/stm/character/_kit/_equipment/_furmasks/helm/helm_3420_f_mskm.tex.760230703 (deflate)
Wrote re_chunk_000.pak.patch_050\natives/stm/character/_kit/_equipment/_furmasks/tops/tops_276_m_mskm.tex.760230703 (deflate)
Wrote re_chunk_000.pak.patch_050\natives/stm/character/_kit/_equipment/_furmasks/pants/pants_263_f_mskm.tex.760230703 (deflate)
Wrote re_chunk_000.pak.patch_050\natives/stm/character/_kit/_equipment/_furmasks/helm/helm_013_m_mskm.tex.760230703 (deflate)
Wrote re_chunk_000.pak.patch_050\natives/stm/character/_kit/_equipment/_furmasks/tops/tops_047_m_mskm.tex.760230703 (deflate)
Wrote re_chunk_000.pak.patch_050\natives/stm/character/_kit/_equipment/_furmasks/helm/helm_221_m_mskm.tex.760230703 (deflate)
Wrote re_chunk_000.pak.patch_050\natives/stm/character/_kit/_equipment/_furmasks/tops/tops_4020_m_mskm.tex.760230703 (deflate)
Wrote re_chunk_000.pak.patch_050\natives/stm/character/_kit/_equipment/_furmasks/tops/tops_4000_f_job08_left_mskm.tex.760230703 (deflate)
Wrote re_chunk_000.pak.patch_050\natives/stm/character/_kit/_equipment/_furmasks/pants/pants_2304_f_mskm.tex.760230703 (deflate)
Wrote re_chunk_000.pak.patch_050\natives/stm/character/_kit/_equipment/_furmasks/tops/tops_2065_m_mskm.tex.760230703 (deflate)
Wrote re_chunk_000.pak.patch_050\natives/stm/character/_kit/_equipment/_furmasks/tops/tops_2090_m_job08_left_mskm.tex.760230703 (deflate)
Wrote re_chunk_000.pak.patch_050\natives/stm/character/_kit/_equipment/_furmasks/pants/pants_225_m_mskm.tex.760230703 (deflate)
Wrote re_chunk_000.pak.patch_050\natives/stm/character/_kit/_equipment/_furmasks/tops/tops_2464_m_mskm.tex.760230703 (deflate)
Wrote re_chunk_000.pak.patch_050\natives/stm/character/_kit/_equipment/_furmasks/pants/pants_200_m_mskm.tex.760230703 (deflate)
Wrote re_chunk_000.pak.patch_050\natives/stm/character/_kit/_equipment/_furmasks/tops/tops_9002_m_job01_left_mskm.tex.760230703 (deflate)
Wrote re_chunk_000.pak.patch_050\natives/stm/character/_kit/_equipment/_furmasks/tops/tops_2385_m_mskm.tex.760230703 (deflate)
Wrote re_chunk_000.pak.patch_050\natives/stm/character/_kit/_equipment/_furmasks/tops/tops_4031_m_job01_left_mskm.tex.760230703 (deflate)
Wrote re_chunk_000.pak.patch_050\natives/stm/character/_kit/_equipment/_furmasks/pants/pants_210_m_mskm.tex.760230703 (deflate)
Wrote re_chunk_000.pak.patch_050\natives/stm/character/_kit/_equipment/_furmasks/pants/pants_2261_m_mskm.tex.760230703 (deflate)
Wrote re_chunk_000.pak.patch_050\natives/stm/character/_kit/_equipment/_furmasks/tops/tops_202_m_mskm.tex.760230703 (deflate)
Wrote re_chunk_000.pak.patch_050\natives/stm/character/_kit/_equipment/_furmasks/helm/helm_004_f_mskm.tex.760230703 (deflate)
Wrote re_chunk_000.pak.patch_050\natives/stm/character/_kit/_equipment/_furmasks/tops/tops_011_m_mskm.tex.760230703 (deflate)
Wrote re_chunk_000.pak.patch_050\natives/stm/character/_kit/_equipment/_furmasks/tops/tops_4151_m_mskm.tex.760230703 (deflate)
Wrote re_chunk_000.pak.patch_050\natives/stm/character/_kit/_equipment/_furmasks/tops/tops_9005_m_mskm.tex.760230703 (deflate)
Wrote re_chunk_000.pak.patch_050\natives/stm/character/_kit/_equipment/_furmasks/helm/helm_005_m_mskm.tex.760230703 (deflate)
Wrote re_chunk_000.pak.patch_050\natives/stm/character/_kit/_equipment/_furmasks/pants/pants_246_f_mskm.tex.760230703 (deflate)
Wrote re_chunk_000.pak.patch_050\natives/stm/character/_kit/_equipment/_furmasks/tops/tops_275_f_mskm.tex.760230703 (deflate)
Wrote re_chunk_000.pak.patch_050\natives/stm/character/_kit/_equipment/_furmasks/hair/hair_064_mskm.tex.760230703 (deflate)
Wrote re_chunk_000.pak.patch_050\natives/stm/character/_kit/_equipment/_furmasks/helm/helm_281_f_mskm.tex.760230703 (deflate)
Wrote re_chunk_000.pak.patch_050\natives/stm/character/_kit/_equipment/_furmasks/tops/tops_2000_f_mskm.tex.760230703 (deflate)
Wrote re_chunk_000.pak.patch_050\natives/stm/character/_kit/_equipment/_furmasks/tops/tops_2110_f_mskm.tex.760230703 (deflate)
Wrote re_chunk_000.pak.patch_050\natives/stm/character/_kit/_equipment/_furmasks/tops/tops_315_f_job02_left_mskm.tex.760230703 (deflate)
Wrote re_chunk_000.pak.patch_050\natives/stm/character/_kit/_equipment/_furmasks/helm/helm_2382_f_mskm.tex.760230703 (deflate)
Wrote re_chunk_000.pak.patch_050\natives/stm/character/_kit/_equipment/_furmasks/tops/tops_4111_f_mskm.tex.760230703 (deflate)
Wrote re_chunk_000.pak.patch_050\natives/stm/character/_kit/_equipment/_furmasks/tops/tops_246_f_mskm.tex.760230703 (deflate)
Wrote re_chunk_000.pak.patch_050\natives/stm/character/_kit/_equipment/_furmasks/pants/pants_3250_m_mskm.tex.760230703 (deflate)
Wrote re_chunk_000.pak.patch_050\natives/stm/character/_kit/_equipment/_furmasks/pants/pants_273_m_mskm.tex.760230703 (deflate)
Wrote re_chunk_000.pak.patch_050\natives/stm/character/_kit/_equipment/_furmasks/tops/tops_4011_m_job01_left_mskm.tex.760230703 (deflate)
Wrote re_chunk_000.pak.patch_050\natives/stm/character/_kit/_equipment/_furmasks/tops/tops_2029_m_job02_left_mskm.tex.760230703 (deflate)
Wrote re_chunk_000.pak.patch_050\natives/stm/character/_kit/_equipment/_furmasks/tops/tops_253_m_mskm.tex.760230703 (deflate)
Wrote re_chunk_000.pak.patch_050\natives/stm/character/_kit/_equipment/_furmasks/helm/helm_273_m_mskm.tex.760230703 (deflate)
Wrote re_chunk_000.pak.patch_050\natives/stm/character/_kit/_equipment/_furmasks/tops/tops_300_m_mskm.tex.760230703 (deflate)
Wrote re_chunk_000.pak.patch_050\natives/stm/character/_kit/_equipment/_furmasks/tops/tops_2072_m_mskm.tex.760230703 (deflate)
Wrote re_chunk_000.pak.patch_050\natives/stm/character/_kit/_equipment/_furmasks/pants/pants_4132_f_mskm.tex.760230703 (deflate)
Wrote re_chunk_000.pak.patch_050\natives/stm/character/_kit/_equipment/_furmasks/tops/tops_305_m_mskm.tex.760230703 (deflate)
Wrote re_chunk_000.pak.patch_050\natives/stm/character/_kit/_equipment/_furmasks/facewear/facewear_310_m_mskm.tex.760230703 (deflate)
Wrote re_chunk_000.pak.patch_050\natives/stm/character/_kit/_equipment/_furmasks/hair/hair_004_mskm.tex.760230703 (deflate)
Wrote re_chunk_000.pak.patch_050\natives/stm/character/_kit/_equipment/_furmasks/pants/pants_240_m_mskm.tex.760230703 (deflate)
Wrote re_chunk_000.pak.patch_050\natives/stm/character/_kit/_equipment/_furmasks/helm/helm_012_f_mskm.tex.760230703 (deflate)
Wrote re_chunk_000.pak.patch_050\natives/stm/character/_kit/_equipment/_furmasks/pants/pants_036_m_mskm.tex.760230703 (deflate)
Wrote re_chunk_000.pak.patch_050\natives/stm/character/_kit/_equipment/_furmasks/pants/pants_4130_f_mskm.tex.760230703 (deflate)
Wrote re_chunk_000.pak.patch_050\natives/stm/character/_kit/_equipment/_furmasks/pants/pants_2305_f_mskm.tex.760230703 (deflate)
Wrote re_chunk_000.pak.patch_050\natives/stm/character/_kit/_equipment/_furmasks/pants/pants_3230_f_mskm.tex.760230703 (deflate)
Wrote re_chunk_000.pak.patch_050\natives/stm/character/_kit/_equipment/_furmasks/tops/tops_2086_m_mskm.tex.760230703 (deflate)
Wrote re_chunk_000.pak.patch_050\natives/stm/character/_kit/_equipment/_furmasks/tops/tops_280_m_job08_left_mskm.tex.760230703 (deflate)
Wrote re_chunk_000.pak.patch_050\natives/stm/character/_kit/_equipment/_furmasks/tops/tops_2302_f_mskm.tex.760230703 (deflate)
Wrote re_chunk_000.pak.patch_050\natives/stm/character/_kit/_equipment/_furmasks/pants/pants_037_f_mskm.tex.760230703 (deflate)
Wrote re_chunk_000.pak.patch_050\natives/stm/character/_kit/_equipment/_furmasks/tops/tops_4132_f_mskm.tex.760230703 (deflate)
Wrote re_chunk_000.pak.patch_050\natives/stm/character/_kit/_equipment/_furmasks/tops/tops_3290_m_mskm.tex.760230703 (deflate)
Wrote re_chunk_000.pak.patch_050\natives/stm/character/_kit/_equipment/_furmasks/tops/tops_2425_f_mskm.tex.760230703 (deflate)
Wrote re_chunk_000.pak.patch_050\natives/stm/character/_kit/_equipment/_furmasks/helm/helm_047_f_mskm.tex.760230703 (deflate)
Wrote re_chunk_000.pak.patch_050\natives/stm/character/_kit/_equipment/_furmasks/helm/helm_302_f_mskm.tex.760230703 (deflate)
Wrote re_chunk_000.pak.patch_050\natives/stm/character/_kit/_equipment/_furmasks/pants/pants_4110_f_mskm.tex.760230703 (deflate)
Wrote re_chunk_000.pak.patch_050\natives/stm/character/_kit/_equipment/_furmasks/tops/tops_2123_f_mskm.tex.760230703 (deflate)
Wrote re_chunk_000.pak.patch_050\natives/stm/character/_kit/_equipment/_furmasks/pants/pants_215_m_mskm.tex.760230703 (deflate)
Wrote re_chunk_000.pak.patch_050\natives/stm/character/_kit/_equipment/_furmasks/tops/tops_2167_m_mskm.tex.760230703 (deflate)
Wrote re_chunk_000.pak.patch_050\natives/stm/character/_kit/_equipment/_furmasks/helm/helm_028_m_mskm.tex.760230703 (deflate)
Wrote re_chunk_000.pak.patch_050\natives/stm/character/_kit/_equipment/_furmasks/tops/tops_2001_f_mskm.tex.760230703 (deflate)
Wrote re_chunk_000.pak.patch_050\natives/stm/character/_kit/_equipment/_furmasks/tops/tops_2362_f_mskm.tex.760230703 (deflate)
Wrote re_chunk_000.pak.patch_050\natives/stm/character/_kit/_equipment/_furmasks/tops/tops_310_f_job08_left_mskm.tex.760230703 (deflate)
Wrote re_chunk_000.pak.patch_050\natives/stm/character/_kit/_equipment/_furmasks/helm/helm_2062_m_mskm.tex.760230703 (deflate)
Wrote re_chunk_000.pak.patch_050\natives/stm/character/_kit/_equipment/_furmasks/tops/tops_2121_f_mskm.tex.760230703 (deflate)
Wrote re_chunk_000.pak.patch_050\natives/stm/character/_kit/_equipment/_furmasks/pants/pants_300_f_mskm.tex.760230703 (deflate)
Wrote re_chunk_000.pak.patch_050\natives/stm/character/_kit/_equipment/_furmasks/helm/helm_2061_f_mskm.tex.760230703 (deflate)
Wrote re_chunk_000.pak.patch_050\natives/stm/character/_kit/_equipment/_furmasks/helm/helm_2160_m_mskm.tex.760230703 (deflate)
Wrote re_chunk_000.pak.patch_050\natives/stm/character/_kit/_equipment/_furmasks/helm/helm_2001_m_mskm.tex.760230703 (deflate)
Wrote re_chunk_000.pak.patch_050\natives/stm/character/_kit/_equipment/_furmasks/hair/hair_065_mskm.tex.760230703 (deflate)
Wrote re_chunk_000.pak.patch_050\natives/stm/character/_kit/_equipment/_furmasks/helm/helm_2103_f_mskm.tex.760230703 (deflate)
Wrote re_chunk_000.pak.patch_050\natives/stm/character/_kit/_equipment/_furmasks/pants/pants_035_f_mskm.tex.760230703 (deflate)
Wrote re_chunk_000.pak.patch_050\natives/stm/character/_kit/_equipment/_furmasks/pants/pants_277_f_mskm.tex.760230703 (deflate)
Wrote re_chunk_000.pak.patch_050\natives/stm/character/_kit/_equipment/_furmasks/tops/tops_2071_m_mskm.tex.760230703 (deflate)
Wrote re_chunk_000.pak.patch_050\natives/stm/character/_kit/_equipment/_furmasks/tops/tops_315_m_job02_left_mskm.tex.760230703 (deflate)
Wrote re_chunk_000.pak.patch_050\natives/stm/character/_kit/_equipment/_furmasks/tops/tops_238_f_mskm.tex.760230703 (deflate)
Wrote re_chunk_000.pak.patch_050\natives/stm/character/_kit/_equipment/_furmasks/tops/tops_2426_f_mskm.tex.760230703 (deflate)
Wrote re_chunk_000.pak.patch_050\natives/stm/character/_kit/_equipment/_furmasks/tops/tops_2300_m_mskm.tex.760230703 (deflate)
Wrote re_chunk_000.pak.patch_050\natives/stm/character/_kit/_equipment/_furmasks/tops/tops_4080_f_mskm.tex.760230703 (deflate)
Wrote re_chunk_000.pak.patch_050\natives/stm/character/_kit/_equipment/_furmasks/helm/helm_2387_m_mskm.tex.760230703 (deflate)
Wrote re_chunk_000.pak.patch_050\natives/stm/character/_kit/_equipment/_furmasks/tops/tops_3210_m_mskm.tex.760230703 (deflate)
Wrote re_chunk_000.pak.patch_050\natives/stm/character/_kit/_equipment/_furmasks/tops/tops_3420_f_mskm.tex.760230703 (deflate)
Wrote re_chunk_000.pak.patch_050\natives/stm/character/_kit/_equipment/_furmasks/pants/pants_285_m_mskm.tex.760230703 (deflate)
Wrote re_chunk_000.pak.patch_050\natives/stm/character/_kit/_equipment/_furmasks/tops/tops_2027_f_job08_left_mskm.tex.760230703 (deflate)
Wrote re_chunk_000.pak.patch_050\natives/stm/character/_kit/_equipment/_furmasks/helm/helm_229_m_mskm.tex.760230703 (deflate)
Wrote re_chunk_000.pak.patch_050\natives/stm/character/_kit/_equipment/_furmasks/tops/tops_302_m_mskm.tex.760230703 (deflate)
Wrote re_chunk_000.pak.patch_050\natives/stm/character/_kit/_equipment/_furmasks/helm/helm_009_f_mskm.tex.760230703 (deflate)
Extracted 1739 files from D:\GAMES\Dragons.Dogma.2.Deluxe.Edition-InsaneRamZes\re_chunk_000.pak.patch_050.pak
Extracted 2 files with zero compression
Extracted 1737 files compressed with deflate


[extract_tex.py] Still missing ['tex_ui01c00_03_iam.tex.760230703']
[extract_tex.py] Running REtool on re_chunk_000.pak.patch_051.pak...
[extract_tex.py] Using REtool.exe at: D:\GAMES\REtool\REtool.exe
[extract_tex.py] REtool output for re_chunk_000.pak.patch_051.pak: RE Engine PAK tool v0.240 (by youtube.com/user/FluffyQuack)

Read 4 entries from D:\GAMES\Dragons.Dogma.2.Deluxe.Edition-InsaneRamZes\reframework\images\ItemBelt\pytools\tex_list.txt
Attempting to unpack D:\GAMES\Dragons.Dogma.2.Deluxe.Edition-InsaneRamZes\re_chunk_000.pak.patch_051.pak...
Read 3 entries
Loaded hash list from manifest
Extracting files...
Wrote re_chunk_000.pak.patch_051\__MANIFEST/MANIFEST.TXT (deflate)
Wrote re_chunk_000.pak.patch_051\natives/stm/character/_kit/body/_common/secondary/body_chain_m.chain.54 (deflate)
Wrote re_chunk_000.pak.patch_051\natives/stm/character/_kit/body/_common/secondary/body_chain.chain.54 (deflate)
Extracted 3 files from D:\GAMES\Dragons.Dogma.2.Deluxe.Edition-InsaneRamZes\re_chunk_000.pak.patch_051.pak
Extracted 3 files compressed with deflate


[extract_tex.py] Still missing ['tex_ui01c00_03_iam.tex.760230703']
[extract_tex.py] Running REtool on re_chunk_000.pak.patch_052.pak...
[extract_tex.py] Using REtool.exe at: D:\GAMES\REtool\REtool.exe
[extract_tex.py] REtool output for re_chunk_000.pak.patch_052.pak: RE Engine PAK tool v0.240 (by youtube.com/user/FluffyQuack)

Read 4 entries from D:\GAMES\Dragons.Dogma.2.Deluxe.Edition-InsaneRamZes\reframework\images\ItemBelt\pytools\tex_list.txt
Attempting to unpack D:\GAMES\Dragons.Dogma.2.Deluxe.Edition-InsaneRamZes\re_chunk_000.pak.patch_052.pak...
Read 459 entries
Loaded hash list from manifest
Extracting files...
Wrote re_chunk_000.pak.patch_052\natives/stm/character/_kit/_equipment/_furmasks/pants/pants_279_f_mskm.tex.760230703 (deflate)
Wrote re_chunk_000.pak.patch_052\natives/stm/character/_kit/_equipment/_furmasks/pants/pants_256_f_mskm.tex.760230703 (deflate)
Wrote re_chunk_000.pak.patch_052\natives/stm/character/_kit/_equipment/_furmasks/pants/pants_2152_m_mskm.tex.760230703 (deflate)
Wrote re_chunk_000.pak.patch_052\natives/stm/character/_kit/_equipment/_furmasks/pants/pants_231_m_mskm.tex.760230703 (deflate)
Wrote re_chunk_000.pak.patch_052\natives/stm/character/_kit/_equipment/_furmasks/pants/pants_2300_m_mskm.tex.760230703 (deflate)
Wrote re_chunk_000.pak.patch_052\natives/stm/character/_kit/_equipment/_furmasks/pants/pants_020_f_mskm.tex.760230703 (deflate)
Wrote re_chunk_000.pak.patch_052\natives/stm/character/_kit/_equipment/_furmasks/pants/pants_2301_m_mskm.tex.760230703 (deflate)
Wrote re_chunk_000.pak.patch_052\natives/stm/character/_kit/_equipment/_furmasks/pants/pants_226_f_mskm.tex.760230703 (deflate)
Wrote re_chunk_000.pak.patch_052\natives/stm/character/_kit/_equipment/_furmasks/pants/pants_018_f_mskm.tex.760230703 (deflate)
Wrote re_chunk_000.pak.patch_052\natives/stm/character/_kit/_equipment/_furmasks/pants/pants_4060_f_mskm.tex.760230703 (deflate)
Wrote re_chunk_000.pak.patch_052\natives/stm/character/_kit/_equipment/_furmasks/pants/pants_020_m_mskm.tex.760230703 (deflate)
Wrote re_chunk_000.pak.patch_052\natives/stm/character/_kit/_equipment/_furmasks/pants/pants_2329_f_mskm.tex.760230703 (deflate)
Wrote re_chunk_000.pak.patch_052\natives/stm/character/_kit/_equipment/_furmasks/pants/pants_2021_m_mskm.tex.760230703 (deflate)
Wrote re_chunk_000.pak.patch_052\natives/stm/character/_kit/_equipment/_furmasks/pants/pants_006_m_mskm.tex.760230703 (deflate)
Wrote re_chunk_000.pak.patch_052\natives/stm/character/_kit/_equipment/_furmasks/pants/pants_262_m_mskm.tex.760230703 (deflate)
Wrote re_chunk_000.pak.patch_052\natives/stm/character/_kit/_equipment/_furmasks/pants/pants_237_m_mskm.tex.760230703 (deflate)
Wrote re_chunk_000.pak.patch_052\natives/stm/character/_kit/_equipment/_furmasks/pants/pants_249_f_mskm.tex.760230703 (deflate)
Wrote re_chunk_000.pak.patch_052\natives/stm/character/_kit/_equipment/_furmasks/pants/pants_2304_m_mskm.tex.760230703 (deflate)
Wrote re_chunk_000.pak.patch_052\natives/stm/character/_kit/_equipment/_furmasks/pants/pants_2390_f_mskm.tex.760230703 (deflate)
Wrote re_chunk_000.pak.patch_052\natives/stm/character/_kit/_equipment/_furmasks/pants/pants_252_f_mskm.tex.760230703 (deflate)
Wrote re_chunk_000.pak.patch_052\natives/stm/character/_kit/_equipment/_furmasks/pants/pants_203_f_mskm.tex.760230703 (deflate)
Wrote re_chunk_000.pak.patch_052\natives/stm/character/_kit/_equipment/_furmasks/pants/pants_214_f_mskm.tex.760230703 (deflate)
Wrote re_chunk_000.pak.patch_052\natives/stm/character/_kit/_equipment/_furmasks/pants/pants_2302_m_mskm.tex.760230703 (deflate)
Wrote re_chunk_000.pak.patch_052\natives/stm/character/_kit/_equipment/_furmasks/pants/pants_2340_m_mskm.tex.760230703 (deflate)
Wrote re_chunk_000.pak.patch_052\natives/stm/character/_kit/_equipment/_furmasks/pants/pants_206_m_mskm.tex.760230703 (deflate)
Wrote re_chunk_000.pak.patch_052\natives/stm/character/_kit/_equipment/_furmasks/pants/pants_274_m_mskm.tex.760230703 (deflate)
Wrote re_chunk_000.pak.patch_052\natives/stm/character/_kit/_equipment/_furmasks/pants/pants_239_m_mskm.tex.760230703 (deflate)
Wrote re_chunk_000.pak.patch_052\natives/stm/character/_kit/_equipment/_furmasks/pants/pants_282_f_mskm.tex.760230703 (deflate)
Wrote re_chunk_000.pak.patch_052\natives/stm/character/_kit/_equipment/_furmasks/pants/pants_9000_m_mskm.tex.760230703 (deflate)
Wrote re_chunk_000.pak.patch_052\natives/stm/character/_kit/_equipment/_furmasks/pants/pants_226_m_mskm.tex.760230703 (deflate)
Wrote re_chunk_000.pak.patch_052\natives/stm/character/_kit/_equipment/_furmasks/pants/pants_237_f_mskm.tex.760230703 (deflate)
Wrote re_chunk_000.pak.patch_052\natives/stm/character/_kit/_equipment/_furmasks/pants/pants_4131_m_mskm.tex.760230703 (deflate)
Wrote re_chunk_000.pak.patch_052\natives/stm/character/_kit/_equipment/_furmasks/pants/pants_271_f_mskm.tex.760230703 (deflate)
Wrote re_chunk_000.pak.patch_052\natives/stm/character/_kit/_equipment/_furmasks/pants/pants_2220_f_mskm.tex.760230703 (deflate)
Wrote re_chunk_000.pak.patch_052\natives/stm/character/_kit/_equipment/_furmasks/pants/pants_007_f_mskm.tex.760230703 (deflate)
Wrote re_chunk_000.pak.patch_052\natives/stm/character/_kit/_equipment/_furmasks/pants/pants_245_f_mskm.tex.760230703 (deflate)
Wrote re_chunk_000.pak.patch_052\natives/stm/character/_kit/_equipment/_furmasks/pants/pants_3420_f_mskm.tex.760230703 (deflate)
Wrote re_chunk_000.pak.patch_052\natives/stm/character/_kit/_equipment/_furmasks/pants/pants_2382_f_mskm.tex.760230703 (deflate)
Wrote re_chunk_000.pak.patch_052\natives/stm/character/_kit/_equipment/_furmasks/pants/pants_248_f_mskm.tex.760230703 (deflate)
Wrote re_chunk_000.pak.patch_052\natives/stm/character/_kit/_equipment/_furmasks/pants/pants_4000_f_mskm.tex.760230703 (deflate)
Wrote re_chunk_000.pak.patch_052\natives/stm/character/_kit/_equipment/_furmasks/pants/pants_213_f_mskm.tex.760230703 (deflate)
Wrote re_chunk_000.pak.patch_052\natives/stm/character/_kit/_equipment/_furmasks/pants/pants_2140_m_mskm.tex.760230703 (deflate)
Wrote re_chunk_000.pak.patch_052\natives/stm/character/_kit/_equipment/_furmasks/pants/pants_2002_f_mskm.tex.760230703 (deflate)
Wrote re_chunk_000.pak.patch_052\natives/stm/character/_kit/_equipment/_furmasks/pants/pants_2141_m_mskm.tex.760230703 (deflate)
Wrote re_chunk_000.pak.patch_052\natives/stm/character/_kit/_equipment/_furmasks/pants/pants_219_m_mskm.tex.760230703 (deflate)
Wrote re_chunk_000.pak.patch_052\natives/stm/character/_kit/_equipment/_furmasks/pants/pants_243_m_mskm.tex.760230703 (deflate)
Wrote re_chunk_000.pak.patch_052\natives/stm/character/_kit/_equipment/_furmasks/pants/pants_2361_m_mskm.tex.760230703 (deflate)
Wrote re_chunk_000.pak.patch_052\natives/stm/character/_kit/_equipment/_furmasks/pants/pants_2320_f_mskm.tex.760230703 (deflate)
Wrote re_chunk_000.pak.patch_052\natives/stm/character/_kit/_equipment/_furmasks/pants/pants_242_f_mskm.tex.760230703 (deflate)
Wrote re_chunk_000.pak.patch_052\natives/stm/character/_kit/_equipment/_furmasks/pants/pants_212_m_mskm.tex.760230703 (deflate)
Wrote re_chunk_000.pak.patch_052\natives/stm/character/_kit/_equipment/_furmasks/pants/pants_4180_m_mskm.tex.760230703 (deflate)
Wrote re_chunk_000.pak.patch_052\natives/stm/character/_kit/_equipment/_furmasks/pants/pants_2062_m_mskm.tex.760230703 (deflate)
Wrote re_chunk_000.pak.patch_052\natives/stm/character/_kit/_equipment/_furmasks/pants/pants_046_f_mskm.tex.760230703 (deflate)
Wrote re_chunk_000.pak.patch_052\natives/stm/character/_kit/_equipment/_furmasks/pants/pants_267_m_mskm.tex.760230703 (deflate)
Wrote re_chunk_000.pak.patch_052\natives/stm/character/_kit/_equipment/_furmasks/pants/pants_047_f_mskm.tex.760230703 (deflate)
Wrote re_chunk_000.pak.patch_052\natives/stm/character/_kit/_equipment/_furmasks/pants/pants_3430_f_mskm.tex.760230703 (deflate)
Wrote re_chunk_000.pak.patch_052\natives/stm/character/_kit/_equipment/_furmasks/pants/pants_4170_f_mskm.tex.760230703 (deflate)
Wrote re_chunk_000.pak.patch_052\natives/stm/character/_kit/_equipment/_furmasks/pants/pants_218_f_mskm.tex.760230703 (deflate)
Wrote re_chunk_000.pak.patch_052\natives/stm/character/_kit/_equipment/_furmasks/pants/pants_3310_m_mskm.tex.760230703 (deflate)
Wrote re_chunk_000.pak.patch_052\__MANIFEST/MANIFEST.TXT (deflate)
Wrote re_chunk_000.pak.patch_052\natives/stm/character/_kit/_equipment/_furmasks/pants/pants_4160_m_mskm.tex.760230703 (deflate)
Wrote re_chunk_000.pak.patch_052\natives/stm/character/_kit/_equipment/_furmasks/pants/pants_2154_f_mskm.tex.760230703 (deflate)
Wrote re_chunk_000.pak.patch_052\natives/stm/character/_kit/_equipment/_furmasks/pants/pants_2343_m_mskm.tex.760230703 (deflate)
Wrote re_chunk_000.pak.patch_052\natives/stm/character/_kit/_equipment/_furmasks/pants/pants_9001_m_mskm.tex.760230703 (deflate)
Wrote re_chunk_000.pak.patch_052\natives/stm/character/_kit/_equipment/_furmasks/pants/pants_204_m_mskm.tex.760230703 (deflate)
Wrote re_chunk_000.pak.patch_052\natives/stm/character/_kit/_equipment/_furmasks/pants/pants_042_f_mskm.tex.760230703 (deflate)
Wrote re_chunk_000.pak.patch_052\natives/stm/character/_kit/_equipment/_furmasks/pants/pants_045_f_mskm.tex.760230703 (deflate)
Wrote re_chunk_000.pak.patch_052\natives/stm/character/_kit/_equipment/_furmasks/pants/pants_4061_m_mskm.tex.760230703 (deflate)
Wrote re_chunk_000.pak.patch_052\natives/stm/character/_kit/_equipment/_furmasks/pants/pants_3330_m_mskm.tex.760230703 (deflate)
Wrote re_chunk_000.pak.patch_052\natives/stm/character/_kit/_equipment/_furmasks/pants/pants_282_m_mskm.tex.760230703 (deflate)
Wrote re_chunk_000.pak.patch_052\natives/stm/character/_kit/_equipment/_furmasks/pants/pants_243_f_mskm.tex.760230703 (deflate)
Wrote re_chunk_000.pak.patch_052\natives/stm/character/_kit/_equipment/_furmasks/pants/pants_3240_f_mskm.tex.760230703 (deflate)
Wrote re_chunk_000.pak.patch_052\natives/stm/character/_kit/_equipment/_furmasks/pants/pants_013_m_mskm.tex.760230703 (deflate)
Wrote re_chunk_000.pak.patch_052\natives/stm/character/_kit/_equipment/_furmasks/pants/pants_3140_m_mskm.tex.760230703 (deflate)
Wrote re_chunk_000.pak.patch_052\natives/stm/character/_kit/_equipment/_furmasks/pants/pants_2440_f_mskm.tex.760230703 (deflate)
Wrote re_chunk_000.pak.patch_052\natives/stm/character/_kit/_equipment/_furmasks/pants/pants_4090_f_mskm.tex.760230703 (deflate)
Wrote re_chunk_000.pak.patch_052\natives/stm/character/_kit/_equipment/_furmasks/pants/pants_286_m_mskm.tex.760230703 (deflate)
Wrote re_chunk_000.pak.patch_052\natives/stm/character/_kit/_equipment/_furmasks/pants/pants_287_f_mskm.tex.760230703 (deflate)
Wrote re_chunk_000.pak.patch_052\natives/stm/character/_kit/_equipment/_furmasks/pants/pants_015_m_mskm.tex.760230703 (deflate)
Wrote re_chunk_000.pak.patch_052\natives/stm/character/_kit/_equipment/_furmasks/pants/pants_252_m_mskm.tex.760230703 (deflate)
Wrote re_chunk_000.pak.patch_052\natives/stm/character/_kit/_equipment/_furmasks/pants/pants_261_f_mskm.tex.760230703 (deflate)
Wrote re_chunk_000.pak.patch_052\natives/stm/character/_kit/_equipment/_furmasks/pants/pants_225_f_mskm.tex.760230703 (deflate)
Wrote re_chunk_000.pak.patch_052\natives/stm/character/_kit/_equipment/_furmasks/pants/pants_203_m_mskm.tex.760230703 (deflate)
Wrote re_chunk_000.pak.patch_052\natives/stm/character/_kit/_equipment/_furmasks/pants/pants_259_f_mskm.tex.760230703 (deflate)
Wrote re_chunk_000.pak.patch_052\natives/stm/character/_kit/_equipment/_furmasks/pants/pants_039_f_mskm.tex.760230703 (deflate)
Wrote re_chunk_000.pak.patch_052\natives/stm/character/_kit/_equipment/_furmasks/pants/pants_274_f_mskm.tex.760230703 (deflate)
Wrote re_chunk_000.pak.patch_052\natives/stm/character/_kit/_equipment/_furmasks/pants/pants_3410_f_mskm.tex.760230703 (deflate)
Wrote re_chunk_000.pak.patch_052\natives/stm/character/_kit/_equipment/_furmasks/pants/pants_2303_f_mskm.tex.760230703 (deflate)
Wrote re_chunk_000.pak.patch_052\natives/stm/character/_kit/_equipment/_furmasks/pants/pants_261_m_mskm.tex.760230703 (deflate)
Wrote re_chunk_000.pak.patch_052\natives/stm/character/_kit/_equipment/_furmasks/pants/pants_004_f_mskm.tex.760230703 (deflate)
Wrote re_chunk_000.pak.patch_052\natives/stm/character/_kit/_equipment/_furmasks/pants/pants_255_m_mskm.tex.760230703 (deflate)
Wrote re_chunk_000.pak.patch_052\natives/stm/character/_kit/_equipment/_furmasks/pants/pants_253_m_mskm.tex.760230703 (deflate)
Wrote re_chunk_000.pak.patch_052\natives/stm/character/_kit/_equipment/_furmasks/pants/pants_041_f_mskm.tex.760230703 (deflate)
Wrote re_chunk_000.pak.patch_052\natives/stm/character/_kit/_equipment/_furmasks/pants/pants_255_f_mskm.tex.760230703 (deflate)
Wrote re_chunk_000.pak.patch_052\natives/stm/character/_kit/_equipment/_furmasks/pants/pants_287_m_mskm.tex.760230703 (deflate)
Wrote re_chunk_000.pak.patch_052\natives/stm/character/_kit/_equipment/_furmasks/pants/pants_4020_m_mskm.tex.760230703 (deflate)
Wrote re_chunk_000.pak.patch_052\natives/stm/character/_kit/_equipment/_furmasks/pants/pants_2344_f_mskm.tex.760230703 (deflate)
Wrote re_chunk_000.pak.patch_052\natives/stm/character/_kit/_equipment/_furmasks/pants/pants_4040_m_mskm.tex.760230703 (deflate)
Wrote re_chunk_000.pak.patch_052\natives/stm/character/_kit/_equipment/_furmasks/pants/pants_038_f_mskm.tex.760230703 (deflate)
Wrote re_chunk_000.pak.patch_052\natives/stm/character/_kit/_equipment/_furmasks/pants/pants_2327_f_mskm.tex.760230703 (deflate)
Wrote re_chunk_000.pak.patch_052\natives/stm/character/_kit/_equipment/_furmasks/pants/pants_201_f_mskm.tex.760230703 (deflate)
Wrote re_chunk_000.pak.patch_052\natives/stm/character/_kit/_equipment/_furmasks/pants/pants_4082_f_mskm.tex.760230703 (deflate)
Wrote re_chunk_000.pak.patch_052\natives/stm/character/_kit/_equipment/_furmasks/pants/pants_2301_f_mskm.tex.760230703 (deflate)
Wrote re_chunk_000.pak.patch_052\natives/stm/character/_kit/_equipment/_furmasks/pants/pants_278_m_mskm.tex.760230703 (deflate)
Wrote re_chunk_000.pak.patch_052\natives/stm/character/_kit/_equipment/_furmasks/pants/pants_228_f_mskm.tex.760230703 (deflate)
Wrote re_chunk_000.pak.patch_052\natives/stm/character/_kit/_equipment/_furmasks/pants/pants_4110_m_mskm.tex.760230703 (deflate)
Wrote re_chunk_000.pak.patch_052\natives/stm/character/_kit/_equipment/_furmasks/pants/pants_241_f_mskm.tex.760230703 (deflate)
Wrote re_chunk_000.pak.patch_052\natives/stm/character/_kit/_equipment/_furmasks/pants/pants_2153_m_mskm.tex.760230703 (deflate)
Wrote re_chunk_000.pak.patch_052\natives/stm/character/_kit/_equipment/_furmasks/pants/pants_258_m_mskm.tex.760230703 (deflate)
Wrote re_chunk_000.pak.patch_052\natives/stm/character/_kit/_equipment/_furmasks/pants/pants_283_m_mskm.tex.760230703 (deflate)
Wrote re_chunk_000.pak.patch_052\natives/stm/character/_kit/_equipment/_furmasks/pants/pants_2143_m_mskm.tex.760230703 (deflate)
Wrote re_chunk_000.pak.patch_052\natives/stm/character/_kit/_equipment/_furmasks/pants/pants_2344_m_mskm.tex.760230703 (deflate)
Wrote re_chunk_000.pak.patch_052\natives/stm/character/_kit/_equipment/_furmasks/pants/pants_005_m_mskm.tex.760230703 (deflate)
Wrote re_chunk_000.pak.patch_052\natives/stm/character/_kit/_equipment/_furmasks/pants/pants_2341_f_mskm.tex.760230703 (deflate)
Wrote re_chunk_000.pak.patch_052\natives/stm/character/_kit/_equipment/_furmasks/pants/pants_4081_m_mskm.tex.760230703 (deflate)
Wrote re_chunk_000.pak.patch_052\natives/stm/character/_kit/_equipment/_furmasks/pants/pants_012_f_mskm.tex.760230703 (deflate)
Wrote re_chunk_000.pak.patch_052\natives/stm/character/_kit/_equipment/_furmasks/pants/pants_2200_f_mskm.tex.760230703 (deflate)
Wrote re_chunk_000.pak.patch_052\natives/stm/character/_kit/_equipment/_furmasks/pants/pants_4160_f_mskm.tex.760230703 (deflate)
Wrote re_chunk_000.pak.patch_052\natives/stm/character/_kit/_equipment/_furmasks/pants/pants_006_f_mskm.tex.760230703 (deflate)
Wrote re_chunk_000.pak.patch_052\natives/stm/character/_kit/_equipment/_furmasks/pants/pants_2345_f_mskm.tex.760230703 (deflate)
Wrote re_chunk_000.pak.patch_052\natives/stm/character/_kit/_equipment/_furmasks/pants/pants_4020_f_mskm.tex.760230703 (deflate)
Wrote re_chunk_000.pak.patch_052\natives/stm/character/_kit/_equipment/_furmasks/pants/pants_2161_m_mskm.tex.760230703 (deflate)
Wrote re_chunk_000.pak.patch_052\natives/stm/character/_kit/_equipment/_furmasks/pants/pants_266_m_mskm.tex.760230703 (deflate)
Wrote re_chunk_000.pak.patch_052\natives/stm/character/_kit/_equipment/_furmasks/pants/pants_4010_f_mskm.tex.760230703 (deflate)
Wrote re_chunk_000.pak.patch_052\natives/stm/character/_kit/_equipment/_furmasks/pants/pants_238_m_mskm.tex.760230703 (deflate)
Wrote re_chunk_000.pak.patch_052\natives/stm/character/_kit/_equipment/_furmasks/pants/pants_4060_m_mskm.tex.760230703 (deflate)
Wrote re_chunk_000.pak.patch_052\natives/stm/character/_kit/_equipment/_furmasks/pants/pants_267_f_mskm.tex.760230703 (deflate)
Wrote re_chunk_000.pak.patch_052\natives/stm/character/_kit/_equipment/_furmasks/pants/pants_4180_f_mskm.tex.760230703 (deflate)
Wrote re_chunk_000.pak.patch_052\natives/stm/character/_kit/_equipment/_furmasks/pants/pants_037_m_mskm.tex.760230703 (deflate)
Wrote re_chunk_000.pak.patch_052\natives/stm/character/_kit/_equipment/_furmasks/pants/pants_240_f_mskm.tex.760230703 (deflate)
Wrote re_chunk_000.pak.patch_052\natives/stm/character/_kit/_equipment/_furmasks/pants/pants_3100_m_mskm.tex.760230703 (deflate)
Wrote re_chunk_000.pak.patch_052\natives/stm/character/_kit/_equipment/_furmasks/pants/pants_4140_m_mskm.tex.760230703 (deflate)
Wrote re_chunk_000.pak.patch_052\natives/stm/character/_kit/_equipment/_furmasks/pants/pants_205_f_mskm.tex.760230703 (deflate)
Wrote re_chunk_000.pak.patch_052\natives/stm/character/_kit/_equipment/_furmasks/pants/pants_223_m_mskm.tex.760230703 (deflate)
Wrote re_chunk_000.pak.patch_052\natives/stm/character/_kit/_equipment/_furmasks/pants/pants_269_f_mskm.tex.760230703 (deflate)
Wrote re_chunk_000.pak.patch_052\natives/stm/character/_kit/_equipment/_furmasks/pants/pants_038_m_mskm.tex.760230703 (deflate)
Wrote re_chunk_000.pak.patch_052\natives/stm/character/_kit/_equipment/_furmasks/pants/pants_232_m_mskm.tex.760230703 (deflate)
Wrote re_chunk_000.pak.patch_052\natives/stm/character/_kit/_equipment/_furmasks/pants/pants_4100_f_mskm.tex.760230703 (deflate)
Wrote re_chunk_000.pak.patch_052\natives/stm/character/_kit/_equipment/_furmasks/pants/pants_251_m_mskm.tex.760230703 (deflate)
Wrote re_chunk_000.pak.patch_052\natives/stm/character/_kit/_equipment/_furmasks/pants/pants_229_f_mskm.tex.760230703 (deflate)
Wrote re_chunk_000.pak.patch_052\natives/stm/character/_kit/_equipment/_furmasks/pants/pants_3040_f_mskm.tex.760230703 (deflate)
Wrote re_chunk_000.pak.patch_052\natives/stm/character/_kit/_equipment/_furmasks/pants/pants_206_f_mskm.tex.760230703 (deflate)
Wrote re_chunk_000.pak.patch_052\natives/stm/character/_kit/_equipment/_furmasks/pants/pants_2383_f_mskm.tex.760230703 (deflate)
Wrote re_chunk_000.pak.patch_052\natives/stm/character/_kit/_equipment/_furmasks/pants/pants_234_m_mskm.tex.760230703 (deflate)
Wrote re_chunk_000.pak.patch_052\natives/stm/character/_kit/_equipment/_furmasks/pants/pants_217_m_mskm.tex.760230703 (deflate)
Wrote re_chunk_000.pak.patch_052\natives/stm/character/_kit/_equipment/_furmasks/pants/pants_280_f_mskm.tex.760230703 (deflate)
Wrote re_chunk_000.pak.patch_052\natives/stm/character/_kit/_equipment/_furmasks/pants/pants_2300_f_mskm.tex.760230703 (deflate)
Wrote re_chunk_000.pak.patch_052\natives/stm/character/_kit/_equipment/_furmasks/pants/pants_244_m_mskm.tex.760230703 (deflate)
Wrote re_chunk_000.pak.patch_052\natives/stm/character/_kit/_equipment/_furmasks/pants/pants_3030_m_mskm.tex.760230703 (deflate)
Wrote re_chunk_000.pak.patch_052\natives/stm/character/_kit/_equipment/_furmasks/pants/pants_2020_f_mskm.tex.760230703 (deflate)
Wrote re_chunk_000.pak.patch_052\natives/stm/character/_kit/_equipment/_furmasks/pants/pants_2150_m_mskm.tex.760230703 (deflate)
Wrote re_chunk_000.pak.patch_052\natives/stm/character/_kit/_equipment/_furmasks/pants/pants_272_f_mskm.tex.760230703 (deflate)
Wrote re_chunk_000.pak.patch_052\natives/stm/character/_kit/_equipment/_furmasks/pants/pants_036_f_mskm.tex.760230703 (deflate)
Wrote re_chunk_000.pak.patch_052\natives/stm/character/_kit/_equipment/_furmasks/pants/pants_223_f_mskm.tex.760230703 (deflate)
Wrote re_chunk_000.pak.patch_052\natives/stm/character/_kit/_equipment/_furmasks/pants/pants_248_m_mskm.tex.760230703 (deflate)
Wrote re_chunk_000.pak.patch_052\natives/stm/character/_kit/_equipment/_furmasks/pants/pants_4050_m_mskm.tex.760230703 (deflate)
Wrote re_chunk_000.pak.patch_052\natives/stm/character/_kit/_equipment/_furmasks/pants/pants_238_f_mskm.tex.760230703 (deflate)
Wrote re_chunk_000.pak.patch_052\natives/stm/character/_kit/_equipment/_furmasks/pants/pants_230_f_mskm.tex.760230703 (deflate)
Wrote re_chunk_000.pak.patch_052\natives/stm/character/_kit/_equipment/_furmasks/pants/pants_004_m_mskm.tex.760230703 (deflate)
Wrote re_chunk_000.pak.patch_052\natives/stm/character/_kit/_equipment/_furmasks/pants/pants_2262_m_mskm.tex.760230703 (deflate)
Wrote re_chunk_000.pak.patch_052\natives/stm/character/_kit/_equipment/_furmasks/pants/pants_265_m_mskm.tex.760230703 (deflate)
Wrote re_chunk_000.pak.patch_052\natives/stm/character/_kit/_equipment/_furmasks/pants/pants_212_f_mskm.tex.760230703 (deflate)
Wrote re_chunk_000.pak.patch_052\natives/stm/character/_kit/_equipment/_furmasks/pants/pants_045_m_mskm.tex.760230703 (deflate)
Wrote re_chunk_000.pak.patch_052\natives/stm/character/_kit/_equipment/_furmasks/pants/pants_2001_m_mskm.tex.760230703 (deflate)
Wrote re_chunk_000.pak.patch_052\natives/stm/character/_kit/_equipment/_furmasks/pants/pants_3010_f_mskm.tex.760230703 (deflate)
Wrote re_chunk_000.pak.patch_052\natives/stm/character/_kit/_equipment/_furmasks/pants/pants_2122_f_mskm.tex.760230703 (deflate)
Wrote re_chunk_000.pak.patch_052\natives/stm/character/_kit/_equipment/_furmasks/pants/pants_257_f_mskm.tex.760230703 (deflate)
Wrote re_chunk_000.pak.patch_052\natives/stm/character/_kit/_equipment/_furmasks/pants/pants_253_f_mskm.tex.760230703 (deflate)
Wrote re_chunk_000.pak.patch_052\natives/stm/character/_kit/_equipment/_furmasks/pants/pants_2328_f_mskm.tex.760230703 (deflate)
Wrote re_chunk_000.pak.patch_052\natives/stm/character/_kit/_equipment/_furmasks/pants/pants_2341_m_mskm.tex.760230703 (deflate)
Wrote re_chunk_000.pak.patch_052\natives/stm/character/_kit/_equipment/_furmasks/pants/pants_3450_f_mskm.tex.760230703 (deflate)
Wrote re_chunk_000.pak.patch_052\natives/stm/character/_kit/_equipment/_furmasks/pants/pants_001_m_mskm.tex.760230703 (deflate)
Wrote re_chunk_000.pak.patch_052\natives/stm/character/_kit/_equipment/_furmasks/pants/pants_2262_f_mskm.tex.760230703 (deflate)
Wrote re_chunk_000.pak.patch_052\natives/stm/character/_kit/_equipment/_furmasks/pants/pants_245_m_mskm.tex.760230703 (deflate)
Wrote re_chunk_000.pak.patch_052\natives/stm/character/_kit/_equipment/_furmasks/pants/pants_2190_f_mskm.tex.760230703 (deflate)
Wrote re_chunk_000.pak.patch_052\natives/stm/character/_kit/_equipment/_furmasks/pants/pants_3090_f_mskm.tex.760230703 (deflate)
Wrote re_chunk_000.pak.patch_052\natives/stm/character/_kit/_equipment/_furmasks/pants/pants_008_m_mskm.tex.760230703 (deflate)
Wrote re_chunk_000.pak.patch_052\natives/stm/character/_kit/_equipment/_furmasks/pants/pants_009_f_mskm.tex.760230703 (deflate)
Wrote re_chunk_000.pak.patch_052\natives/stm/character/_kit/_equipment/_furmasks/pants/pants_220_f_mskm.tex.760230703 (deflate)
Wrote re_chunk_000.pak.patch_052\natives/stm/character/_kit/_equipment/_furmasks/pants/pants_2381_f_mskm.tex.760230703 (deflate)
Wrote re_chunk_000.pak.patch_052\natives/stm/character/_kit/_equipment/_furmasks/pants/pants_2342_m_mskm.tex.760230703 (deflate)
Wrote re_chunk_000.pak.patch_052\natives/stm/character/_kit/_equipment/_furmasks/pants/pants_309_f_mskm.tex.760230703 (deflate)
Wrote re_chunk_000.pak.patch_052\natives/stm/character/_kit/_equipment/_furmasks/pants/pants_234_f_mskm.tex.760230703 (deflate)
Wrote re_chunk_000.pak.patch_052\natives/stm/character/_kit/_equipment/_furmasks/pants/pants_2381_m_mskm.tex.760230703 (deflate)
Wrote re_chunk_000.pak.patch_052\natives/stm/character/_kit/_equipment/_furmasks/pants/pants_011_m_mskm.tex.760230703 (deflate)
Wrote re_chunk_000.pak.patch_052\natives/stm/character/_kit/_equipment/_furmasks/pants/pants_209_f_mskm.tex.760230703 (deflate)
Wrote re_chunk_000.pak.patch_052\natives/stm/character/_kit/_equipment/_furmasks/pants/pants_3290_m_mskm.tex.760230703 (deflate)
Wrote re_chunk_000.pak.patch_052\natives/stm/character/_kit/_equipment/_furmasks/pants/pants_264_m_mskm.tex.760230703 (deflate)
Wrote re_chunk_000.pak.patch_052\natives/stm/character/_kit/_equipment/_furmasks/pants/pants_229_m_mskm.tex.760230703 (deflate)
Wrote re_chunk_000.pak.patch_052\natives/stm/character/_kit/_equipment/_furmasks/pants/pants_024_f_mskm.tex.760230703 (deflate)
Wrote re_chunk_000.pak.patch_052\natives/stm/character/_kit/_equipment/_furmasks/pants/pants_2060_m_mskm.tex.760230703 (deflate)
Wrote re_chunk_000.pak.patch_052\natives/stm/character/_kit/_equipment/_furmasks/pants/pants_008_f_mskm.tex.760230703 (deflate)
Wrote re_chunk_000.pak.patch_052\natives/stm/character/_kit/_equipment/_furmasks/pants/pants_250_f_mskm.tex.760230703 (deflate)
Wrote re_chunk_000.pak.patch_052\natives/stm/character/_kit/_equipment/_furmasks/pants/pants_051_m_mskm.tex.760230703 (deflate)
Wrote re_chunk_000.pak.patch_052\natives/stm/character/_kit/_equipment/_furmasks/pants/pants_2383_m_mskm.tex.760230703 (deflate)
Wrote re_chunk_000.pak.patch_052\natives/stm/character/_kit/_equipment/_furmasks/pants/pants_209_m_mskm.tex.760230703 (deflate)
Wrote re_chunk_000.pak.patch_052\natives/stm/character/_kit/_equipment/_furmasks/pants/-pants_008_f_mskm.tex.760230703 (deflate)
Wrote re_chunk_000.pak.patch_052\natives/stm/character/_kit/_equipment/_furmasks/pants/pants_4080_m_mskm.tex.760230703 (deflate)
Wrote re_chunk_000.pak.patch_052\natives/stm/character/_kit/_equipment/_furmasks/pants/pants_001_f_mskm.tex.760230703 (deflate)
Wrote re_chunk_000.pak.patch_052\natives/stm/character/_kit/_equipment/_furmasks/pants/pants_302_f_mskm.tex.760230703 (deflate)
Wrote re_chunk_000.pak.patch_052\natives/stm/character/_kit/_equipment/_furmasks/pants/pants_024_m_mskm.tex.760230703 (deflate)
Wrote re_chunk_000.pak.patch_052\natives/stm/character/_kit/_equipment/_furmasks/pants/pants_2343_f_mskm.tex.760230703 (deflate)
Wrote re_chunk_000.pak.patch_052\natives/stm/character/_kit/_equipment/_furmasks/pants/pants_235_f_mskm.tex.760230703 (deflate)
Wrote re_chunk_000.pak.patch_052\natives/stm/character/_kit/_equipment/_furmasks/pants/pants_2384_m_mskm.tex.760230703 (deflate)
Wrote re_chunk_000.pak.patch_052\natives/stm/character/_kit/_equipment/_furmasks/pants/pants_263_m_mskm.tex.760230703 (deflate)
Wrote re_chunk_000.pak.patch_052\natives/stm/character/_kit/_equipment/_furmasks/pants/pants_286_f_mskm.tex.760230703 (deflate)
Wrote re_chunk_000.pak.patch_052\natives/stm/character/_kit/_equipment/_furmasks/pants/pants_2303_m_mskm.tex.760230703 (deflate)
Wrote re_chunk_000.pak.patch_052\natives/stm/character/_kit/_equipment/_furmasks/pants/pants_4082_m_mskm.tex.760230703 (deflate)
Wrote re_chunk_000.pak.patch_052\natives/stm/character/_kit/_equipment/_furmasks/pants/pants_4130_m_mskm.tex.760230703 (deflate)
Wrote re_chunk_000.pak.patch_052\natives/stm/character/_kit/_equipment/_furmasks/pants/pants_4090_m_mskm.tex.760230703 (deflate)
Wrote re_chunk_000.pak.patch_052\natives/stm/character/_kit/_equipment/_furmasks/pants/pants_015_f_mskm.tex.760230703 (deflate)
Wrote re_chunk_000.pak.patch_052\natives/stm/character/_kit/_equipment/_furmasks/pants/pants_4011_m_mskm.tex.760230703 (deflate)
Wrote re_chunk_000.pak.patch_052\natives/stm/character/_kit/_equipment/_furmasks/pants/pants_262_f_mskm.tex.760230703 (deflate)
Wrote re_chunk_000.pak.patch_052\natives/stm/character/_kit/_equipment/_furmasks/pants/pants_247_f_mskm.tex.760230703 (deflate)
Wrote re_chunk_000.pak.patch_052\natives/stm/character/_kit/_equipment/_furmasks/pants/pants_260_m_mskm.tex.760230703 (deflate)
Wrote re_chunk_000.pak.patch_052\natives/stm/character/_kit/_equipment/_furmasks/pants/pants_2324_f_mskm.tex.760230703 (deflate)
Wrote re_chunk_000.pak.patch_052\natives/stm/character/_kit/_equipment/_furmasks/pants/pants_202_f_mskm.tex.760230703 (deflate)
Wrote re_chunk_000.pak.patch_052\natives/stm/character/_kit/_equipment/_furmasks/pants/pants_218_m_mskm.tex.760230703 (deflate)
Wrote re_chunk_000.pak.patch_052\natives/stm/character/_kit/_equipment/_furmasks/pants/pants_257_m_mskm.tex.760230703 (deflate)
Wrote re_chunk_000.pak.patch_052\natives/stm/character/_kit/_equipment/_furmasks/pants/pants_269_m_mskm.tex.760230703 (deflate)
Wrote re_chunk_000.pak.patch_052\natives/stm/character/_kit/_equipment/_furmasks/pants/pants_2420_f_mskm.tex.760230703 (deflate)
Wrote re_chunk_000.pak.patch_052\natives/stm/character/_kit/_equipment/_furmasks/pants/pants_224_m_mskm.tex.760230703 (deflate)
Wrote re_chunk_000.pak.patch_052\natives/stm/character/_kit/_equipment/_furmasks/pants/pants_204_f_mskm.tex.760230703 (deflate)
Wrote re_chunk_000.pak.patch_052\natives/stm/character/_kit/_equipment/_furmasks/pants/pants_049_f_mskm.tex.760230703 (deflate)
Wrote re_chunk_000.pak.patch_052\natives/stm/character/_kit/_equipment/_furmasks/pants/pants_273_f_mskm.tex.760230703 (deflate)
Wrote re_chunk_000.pak.patch_052\natives/stm/character/_kit/_equipment/_furmasks/pants/pants_2420_m_mskm.tex.760230703 (deflate)
Wrote re_chunk_000.pak.patch_052\natives/stm/character/_kit/_equipment/_furmasks/pants/pants_4030_f_mskm.tex.760230703 (deflate)
Wrote re_chunk_000.pak.patch_052\natives/stm/character/_kit/_equipment/_furmasks/pants/pants_2461_m_mskm.tex.760230703 (deflate)
Wrote re_chunk_000.pak.patch_052\natives/stm/character/_kit/_equipment/_furmasks/pants/pants_3160_f_mskm.tex.760230703 (deflate)
Wrote re_chunk_000.pak.patch_052\natives/stm/character/_kit/_equipment/_furmasks/tops/tops_034_m_mskm.tex.760230703 (deflate)
Wrote re_chunk_000.pak.patch_052\natives/stm/character/_kit/_equipment/_furmasks/pants/pants_281_f_mskm.tex.760230703 (deflate)
Wrote re_chunk_000.pak.patch_052\natives/stm/character/_kit/_equipment/_furmasks/pants/pants_249_m_mskm.tex.760230703 (deflate)
Wrote re_chunk_000.pak.patch_052\natives/stm/character/_kit/_equipment/_furmasks/pants/pants_239_f_mskm.tex.760230703 (deflate)
Wrote re_chunk_000.pak.patch_052\natives/stm/character/_kit/_equipment/_furmasks/pants/pants_3360_m_mskm.tex.760230703 (deflate)
Wrote re_chunk_000.pak.patch_052\natives/stm/character/_kit/_equipment/_furmasks/pants/pants_275_f_mskm.tex.760230703 (deflate)
Wrote re_chunk_000.pak.patch_052\natives/stm/character/_kit/_equipment/_furmasks/pants/pants_251_f_mskm.tex.760230703 (deflate)
Wrote re_chunk_000.pak.patch_052\natives/stm/character/_kit/_equipment/_furmasks/pants/pants_276_f_mskm.tex.760230703 (deflate)
Wrote re_chunk_000.pak.patch_052\natives/stm/character/_kit/_equipment/_furmasks/pants/pants_2281_m_mskm.tex.760230703 (deflate)
Wrote re_chunk_000.pak.patch_052\natives/stm/character/_kit/_equipment/_furmasks/pants/pants_3150_f_mskm.tex.760230703 (deflate)
Wrote re_chunk_000.pak.patch_052\natives/stm/character/_kit/_equipment/_furmasks/pants/pants_207_f_mskm.tex.760230703 (deflate)
Wrote re_chunk_000.pak.patch_052\natives/stm/character/_kit/_equipment/_furmasks/pants/pants_018_m_mskm.tex.760230703 (deflate)
Wrote re_chunk_000.pak.patch_052\natives/stm/character/_kit/_equipment/_furmasks/underwear/underwear_001_m_Lower_mskm.tex.760230703 (deflate)
Wrote re_chunk_000.pak.patch_052\natives/stm/character/_kit/_equipment/_furmasks/pants/pants_2124_f_mskm.tex.760230703 (deflate)
Wrote re_chunk_000.pak.patch_052\natives/stm/character/_kit/_equipment/_furmasks/pants/pants_210_f_mskm.tex.760230703 (deflate)
Wrote re_chunk_000.pak.patch_052\natives/stm/character/_kit/_equipment/_furmasks/pants/pants_046_m_mskm.tex.760230703 (deflate)
Wrote re_chunk_000.pak.patch_052\natives/stm/character/_kit/_equipment/_furmasks/pants/pants_3400_f_mskm.tex.760230703 (deflate)
Wrote re_chunk_000.pak.patch_052\natives/stm/character/_kit/_equipment/_furmasks/pants/pants_254_f_mskm.tex.760230703 (deflate)
Wrote re_chunk_000.pak.patch_052\natives/stm/character/_kit/_equipment/_furmasks/pants/pants_246_m_mskm.tex.760230703 (deflate)
Wrote re_chunk_000.pak.patch_052\natives/stm/character/_kit/_equipment/_furmasks/pants/pants_2305_m_mskm.tex.760230703 (deflate)
Wrote re_chunk_000.pak.patch_052\natives/stm/character/_kit/_equipment/_furmasks/pants/pants_2154_m_mskm.tex.760230703 (deflate)
Wrote re_chunk_000.pak.patch_052\natives/stm/character/_kit/_equipment/_furmasks/pants/pants_2160_m_mskm.tex.760230703 (deflate)
Wrote re_chunk_000.pak.patch_052\natives/stm/character/_kit/_equipment/_furmasks/pants/pants_050_m_mskm.tex.760230703 (deflate)
Wrote re_chunk_000.pak.patch_052\natives/stm/character/_kit/_equipment/_furmasks/pants/pants_214_m_mskm.tex.760230703 (deflate)
Wrote re_chunk_000.pak.patch_052\natives/stm/character/_kit/_equipment/_furmasks/pants/pants_002_f_mskm.tex.760230703 (deflate)
Wrote re_chunk_000.pak.patch_052\natives/stm/character/_kit/_equipment/_furmasks/pants/pants_2360_f_mskm.tex.760230703 (deflate)
Wrote re_chunk_000.pak.patch_052\natives/stm/character/_kit/_equipment/_furmasks/pants/pants_221_f_mskm.tex.760230703 (deflate)
Wrote re_chunk_000.pak.patch_052\natives/stm/character/_kit/_equipment/_furmasks/pants/pants_272_m_mskm.tex.760230703 (deflate)
Wrote re_chunk_000.pak.patch_052\natives/stm/character/_kit/_equipment/_furmasks/pants/pants_2121_f_mskm.tex.760230703 (deflate)
Wrote re_chunk_000.pak.patch_052\natives/stm/character/_kit/_equipment/_furmasks/pants/pants_256_m_mskm.tex.760230703 (deflate)
Wrote re_chunk_000.pak.patch_052\natives/stm/character/_kit/_equipment/_furmasks/pants/pants_021_m_mskm.tex.760230703 (deflate)
Wrote re_chunk_000.pak.patch_052\natives/stm/character/_kit/_equipment/_furmasks/pants/pants_4120_f_mskm.tex.760230703 (deflate)
Wrote re_chunk_000.pak.patch_052\natives/stm/character/_kit/_equipment/_furmasks/pants/pants_2100_f_mskm.tex.760230703 (deflate)
Wrote re_chunk_000.pak.patch_052\natives/stm/character/_kit/_equipment/_furmasks/pants/pants_2000_f_mskm.tex.760230703 (deflate)
Wrote re_chunk_000.pak.patch_052\natives/stm/character/_kit/_equipment/_furmasks/pants/pants_227_f_mskm.tex.760230703 (deflate)
Wrote re_chunk_000.pak.patch_052\natives/stm/character/_kit/_equipment/_furmasks/pants/pants_2361_f_mskm.tex.760230703 (deflate)
Wrote re_chunk_000.pak.patch_052\natives/stm/character/_kit/_equipment/_furmasks/pants/pants_268_f_mskm.tex.760230703 (deflate)
Wrote re_chunk_000.pak.patch_052\natives/stm/character/_kit/_equipment/_furmasks/pants/pants_2322_f_mskm.tex.760230703 (deflate)
Wrote re_chunk_000.pak.patch_052\natives/stm/character/_kit/_equipment/_furmasks/pants/pants_268_m_mskm.tex.760230703 (deflate)
Wrote re_chunk_000.pak.patch_052\natives/stm/character/_kit/_equipment/_furmasks/pants/pants_285_f_mskm.tex.760230703 (deflate)
Wrote re_chunk_000.pak.patch_052\natives/stm/character/_kit/_equipment/_furmasks/pants/pants_208_m_mskm.tex.760230703 (deflate)
Wrote re_chunk_000.pak.patch_052\natives/stm/character/_kit/_equipment/_furmasks/pants/pants_4140_f_mskm.tex.760230703 (deflate)
Wrote re_chunk_000.pak.patch_052\natives/stm/character/_kit/_equipment/_furmasks/pants/pants_266_f_mskm.tex.760230703 (deflate)
Wrote re_chunk_000.pak.patch_052\natives/stm/character/_kit/_equipment/_furmasks/pants/pants_3370_m_mskm.tex.760230703 (deflate)
Wrote re_chunk_000.pak.patch_052\natives/stm/character/_kit/_equipment/_furmasks/pants/pants_309_m_mskm.tex.760230703 (deflate)
Wrote re_chunk_000.pak.patch_052\natives/stm/character/_kit/_equipment/_furmasks/pants/pants_3300_f_mskm.tex.760230703 (deflate)
Wrote re_chunk_000.pak.patch_052\natives/stm/character/_kit/_equipment/_furmasks/pants/pants_270_m_mskm.tex.760230703 (deflate)
Wrote re_chunk_000.pak.patch_052\natives/stm/character/_kit/_equipment/_furmasks/pants/pants_224_f_mskm.tex.760230703 (deflate)
Wrote re_chunk_000.pak.patch_052\natives/stm/character/_kit/_equipment/_furmasks/pants/pants_000_m_mskm.tex.760230703 (deflate)
Wrote re_chunk_000.pak.patch_052\natives/stm/character/_kit/_equipment/_furmasks/pants/pants_3350_m_mskm.tex.760230703 (deflate)
Wrote re_chunk_000.pak.patch_052\natives/stm/character/_kit/_equipment/_furmasks/pants/pants_050_f_mskm.tex.760230703 (deflate)
Wrote re_chunk_000.pak.patch_052\natives/stm/character/_kit/_equipment/_furmasks/pants/pants_3210_m_mskm.tex.760230703 (deflate)
Wrote re_chunk_000.pak.patch_052\natives/stm/character/_kit/_equipment/_furmasks/pants/pants_242_m_mskm.tex.760230703 (deflate)
Wrote re_chunk_000.pak.patch_052\natives/stm/character/_kit/_equipment/_furmasks/pants/pants_4010_m_mskm.tex.760230703 (deflate)
Wrote re_chunk_000.pak.patch_052\natives/stm/character/_kit/_equipment/_furmasks/pants/pants_2281_f_mskm.tex.760230703 (deflate)
Wrote re_chunk_000.pak.patch_052\natives/stm/character/_kit/_equipment/_furmasks/pants/pants_4132_m_mskm.tex.760230703 (deflate)
Wrote re_chunk_000.pak.patch_052\natives/stm/character/_kit/_equipment/_furmasks/pants/pants_219_f_mskm.tex.760230703 (deflate)
Wrote re_chunk_000.pak.patch_052\natives/stm/character/_kit/_equipment/_furmasks/pants/pants_2280_m_mskm.tex.760230703 (deflate)
Wrote re_chunk_000.pak.patch_052\natives/stm/character/_kit/_equipment/_furmasks/pants/pants_4070_m_mskm.tex.760230703 (deflate)
Wrote re_chunk_000.pak.patch_052\natives/stm/character/_kit/_equipment/_furmasks/pants/pants_4170_m_mskm.tex.760230703 (deflate)
Wrote re_chunk_000.pak.patch_052\natives/stm/character/_kit/_equipment/_furmasks/pants/pants_2201_f_mskm.tex.760230703 (deflate)
Wrote re_chunk_000.pak.patch_052\natives/stm/character/_kit/_equipment/_furmasks/pants/pants_2323_f_mskm.tex.760230703 (deflate)
Wrote re_chunk_000.pak.patch_052\natives/stm/character/_kit/_equipment/_furmasks/pants/pants_2360_m_mskm.tex.760230703 (deflate)
Wrote re_chunk_000.pak.patch_052\natives/stm/character/_kit/_equipment/_furmasks/pants/pants_230_m_mskm.tex.760230703 (deflate)
Wrote re_chunk_000.pak.patch_052\natives/stm/character/_kit/_equipment/_furmasks/pants/pants_4100_m_mskm.tex.760230703 (deflate)
Wrote re_chunk_000.pak.patch_052\natives/stm/character/_kit/_equipment/_furmasks/pants/pants_281_m_mskm.tex.760230703 (deflate)
Wrote re_chunk_000.pak.patch_052\natives/stm/character/_kit/_equipment/_furmasks/pants/pants_2390_m_mskm.tex.760230703 (deflate)
Wrote re_chunk_000.pak.patch_052\natives/stm/character/_kit/_equipment/_furmasks/pants/pants_2306_f_mskm.tex.760230703 (deflate)
Wrote re_chunk_000.pak.patch_052\natives/stm/character/_kit/_equipment/_furmasks/pants/pants_4030_m_mskm.tex.760230703 (deflate)
Wrote re_chunk_000.pak.patch_052\natives/stm/character/_kit/_equipment/_furmasks/pants/pants_2260_m_mskm.tex.760230703 (deflate)
Wrote re_chunk_000.pak.patch_052\natives/stm/character/_kit/_equipment/_furmasks/pants/pants_2000_m_mskm.tex.760230703 (deflate)
Wrote re_chunk_000.pak.patch_052\natives/stm/character/_kit/_equipment/_furmasks/pants/pants_222_f_mskm.tex.760230703 (deflate)
Wrote re_chunk_000.pak.patch_052\natives/stm/character/_kit/_equipment/_furmasks/pants/pants_4061_f_mskm.tex.760230703 (deflate)
Wrote re_chunk_000.pak.patch_052\natives/stm/character/_kit/_equipment/_furmasks/pants/pants_2282_f_mskm.tex.760230703 (deflate)
Wrote re_chunk_000.pak.patch_052\natives/stm/character/_kit/_equipment/_furmasks/pants/pants_3180_m_mskm.tex.760230703 (deflate)
Wrote re_chunk_000.pak.patch_052\natives/stm/character/_kit/_equipment/_furmasks/pants/pants_4050_f_mskm.tex.760230703 (deflate)
Wrote re_chunk_000.pak.patch_052\natives/stm/character/_kit/_equipment/_furmasks/pants/pants_264_f_mskm.tex.760230703 (deflate)
Wrote re_chunk_000.pak.patch_052\natives/stm/character/_kit/_equipment/_furmasks/pants/pants_3340_m_mskm.tex.760230703 (deflate)
Wrote re_chunk_000.pak.patch_052\natives/stm/character/_kit/_equipment/_furmasks/pants/pants_3070_m_mskm.tex.760230703 (deflate)
Wrote re_chunk_000.pak.patch_052\natives/stm/character/_kit/_equipment/_furmasks/pants/pants_3390_m_mskm.tex.760230703 (deflate)
Wrote re_chunk_000.pak.patch_052\natives/stm/character/_kit/_equipment/_furmasks/pants/pants_277_m_mskm.tex.760230703 (deflate)
Wrote re_chunk_000.pak.patch_052\natives/stm/character/_kit/_equipment/_furmasks/pants/pants_215_f_mskm.tex.760230703 (deflate)
Wrote re_chunk_000.pak.patch_052\natives/stm/character/_kit/_equipment/_furmasks/pants/pants_2321_f_mskm.tex.760230703 (deflate)
Wrote re_chunk_000.pak.patch_052\natives/stm/character/_kit/_equipment/_furmasks/pants/pants_3130_f_mskm.tex.760230703 (deflate)
Wrote re_chunk_000.pak.patch_052\natives/stm/character/_kit/_equipment/_furmasks/pants/pants_2191_f_mskm.tex.760230703 (deflate)
Wrote re_chunk_000.pak.patch_052\natives/stm/character/_kit/_equipment/_furmasks/pants/pants_2340_f_mskm.tex.760230703 (deflate)
Wrote re_chunk_000.pak.patch_052\natives/stm/character/_kit/_equipment/_furmasks/pants/pants_2382_m_mskm.tex.760230703 (deflate)
Wrote re_chunk_000.pak.patch_052\natives/stm/character/_kit/_equipment/_furmasks/pants/pants_007_m_mskm.tex.760230703 (deflate)
Wrote re_chunk_000.pak.patch_052\natives/stm/character/_kit/_equipment/_furmasks/pants/pants_235_m_mskm.tex.760230703 (deflate)
Wrote re_chunk_000.pak.patch_052\natives/stm/character/_kit/_equipment/_furmasks/pants/pants_2260_f_mskm.tex.760230703 (deflate)
Wrote re_chunk_000.pak.patch_052\natives/stm/character/_kit/_equipment/_furmasks/pants/pants_3270_m_mskm.tex.760230703 (deflate)
Wrote re_chunk_000.pak.patch_052\natives/stm/character/_kit/_equipment/_furmasks/pants/pants_213_m_mskm.tex.760230703 (deflate)
Wrote re_chunk_000.pak.patch_052\natives/stm/character/_kit/_equipment/_furmasks/pants/pants_205_m_mskm.tex.760230703 (deflate)
Wrote re_chunk_000.pak.patch_052\natives/stm/character/_kit/_equipment/_furmasks/pants/pants_259_m_mskm.tex.760230703 (deflate)
Wrote re_chunk_000.pak.patch_052\natives/stm/character/_kit/_equipment/_furmasks/pants/pants_2192_f_mskm.tex.760230703 (deflate)
Wrote re_chunk_000.pak.patch_052\natives/stm/character/_kit/_equipment/_furmasks/pants/pants_9002_m_mskm.tex.760230703 (deflate)
Wrote re_chunk_000.pak.patch_052\natives/stm/character/_kit/_equipment/_furmasks/pants/pants_276_m_mskm.tex.760230703 (deflate)
Wrote re_chunk_000.pak.patch_052\natives/stm/character/_kit/_equipment/_furmasks/pants/pants_217_f_mskm.tex.760230703 (deflate)
Wrote re_chunk_000.pak.patch_052\natives/stm/character/_kit/_equipment/_furmasks/pants/pants_3280_f_mskm.tex.760230703 (deflate)
Wrote re_chunk_000.pak.patch_052\natives/stm/character/_kit/_equipment/_furmasks/pants/pants_2460_m_mskm.tex.760230703 (deflate)
Wrote re_chunk_000.pak.patch_052\natives/stm/character/_kit/_equipment/_furmasks/pants/pants_244_f_mskm.tex.760230703 (deflate)
Wrote re_chunk_000.pak.patch_052\natives/stm/character/_kit/_equipment/_furmasks/pants/pants_2020_m_mskm.tex.760230703 (deflate)
Wrote re_chunk_000.pak.patch_052\natives/stm/character/_kit/_equipment/_furmasks/pants/pants_2160_f_mskm.tex.760230703 (deflate)
Wrote re_chunk_000.pak.patch_052\natives/stm/character/_kit/_equipment/_furmasks/pants/pants_270_f_mskm.tex.760230703 (deflate)
Wrote re_chunk_000.pak.patch_052\natives/stm/character/_kit/_equipment/_furmasks/pants/pants_271_m_mskm.tex.760230703 (deflate)
Wrote re_chunk_000.pak.patch_052\natives/stm/character/_kit/_equipment/_furmasks/pants/pants_300_m_mskm.tex.760230703 (deflate)
Wrote re_chunk_000.pak.patch_052\natives/stm/character/_kit/_equipment/_furmasks/pants/pants_049_m_mskm.tex.760230703 (deflate)
Wrote re_chunk_000.pak.patch_052\natives/stm/character/_kit/_equipment/_furmasks/pants/pants_236_m_mskm.tex.760230703 (deflate)
Wrote re_chunk_000.pak.patch_052\natives/stm/character/_kit/_equipment/_furmasks/pants/pants_2061_m_mskm.tex.760230703 (deflate)
Wrote re_chunk_000.pak.patch_052\natives/stm/character/_kit/_equipment/_furmasks/pants/pants_2261_f_mskm.tex.760230703 (deflate)
Wrote re_chunk_000.pak.patch_052\natives/stm/character/_kit/_equipment/_furmasks/pants/pants_284_f_mskm.tex.760230703 (deflate)
Wrote re_chunk_000.pak.patch_052\natives/stm/character/_kit/_equipment/_furmasks/pants/pants_4081_f_mskm.tex.760230703 (deflate)
Wrote re_chunk_000.pak.patch_052\natives/stm/character/_kit/_equipment/_furmasks/pants/pants_9001_f_mskm.tex.760230703 (deflate)
Wrote re_chunk_000.pak.patch_052\natives/stm/character/_kit/_equipment/_furmasks/pants/pants_227_m_mskm.tex.760230703 (deflate)
Wrote re_chunk_000.pak.patch_052\natives/stm/character/_kit/_equipment/_furmasks/tops/tops_034_f_mskm.tex.760230703 (deflate)
Wrote re_chunk_000.pak.patch_052\natives/stm/character/_kit/_equipment/_furmasks/underwear/underwear_000_m_Lower_mskm.tex – kopio.760230703 (deflate)
Wrote re_chunk_000.pak.patch_052\natives/stm/character/_kit/_equipment/_furmasks/pants/pants_208_f_mskm.tex.760230703 (deflate)
Wrote re_chunk_000.pak.patch_052\natives/stm/character/_kit/_equipment/_furmasks/pants/pants_023_f_mskm.tex.760230703 (deflate)
Wrote re_chunk_000.pak.patch_052\natives/stm/character/_kit/_equipment/_furmasks/pants/pants_2144_m_mskm.tex.760230703 (deflate)
Wrote re_chunk_000.pak.patch_052\natives/stm/character/_kit/_equipment/_furmasks/pants/pants_047_m_mskm.tex.760230703 (deflate)
Wrote re_chunk_000.pak.patch_052\natives/stm/character/_kit/_equipment/_furmasks/pants/pants_051_f_mskm.tex.760230703 (deflate)
Wrote re_chunk_000.pak.patch_052\natives/stm/character/_kit/_equipment/_furmasks/pants/pants_202_m_mskm.tex.760230703 (deflate)
Wrote re_chunk_000.pak.patch_052\natives/stm/character/_kit/_equipment/_furmasks/pants/pants_283_f_mskm.tex.760230703 (deflate)
Wrote re_chunk_000.pak.patch_052\natives/stm/character/_kit/_equipment/_furmasks/pants/pants_4040_f_mskm.tex.760230703 (deflate)
Wrote re_chunk_000.pak.patch_052\natives/stm/character/_kit/_equipment/_furmasks/pants/pants_4000_m_mskm.tex.760230703 (deflate)
Wrote re_chunk_000.pak.patch_052\natives/stm/character/_kit/_equipment/_furmasks/pants/pants_211_f_mskm.tex.760230703 (deflate)
Wrote re_chunk_000.pak.patch_052\natives/stm/character/_kit/_equipment/_furmasks/pants/pants_200_f_mskm.tex.760230703 (deflate)
Wrote re_chunk_000.pak.patch_052\natives/stm/character/_kit/_equipment/_furmasks/pants/pants_4150_f_mskm.tex.760230703 (deflate)
Wrote re_chunk_000.pak.patch_052\natives/stm/character/_kit/_equipment/_furmasks/pants/pants_247_m_mskm.tex.760230703 (deflate)
Wrote re_chunk_000.pak.patch_052\natives/stm/character/_kit/_equipment/_furmasks/pants/pants_2380_m_mskm.tex.760230703 (deflate)
Wrote re_chunk_000.pak.patch_052\natives/stm/character/_kit/_equipment/_furmasks/pants/pants_003_m_mskm.tex.760230703 (deflate)
Wrote re_chunk_000.pak.patch_052\natives/stm/character/_kit/_equipment/_furmasks/pants/pants_3110_m_mskm.tex.760230703 (deflate)
Wrote re_chunk_000.pak.patch_052\natives/stm/character/_kit/_equipment/_furmasks/pants/pants_236_f_mskm.tex.760230703 (deflate)
Wrote re_chunk_000.pak.patch_052\natives/stm/character/_kit/_equipment/_furmasks/pants/pants_2123_f_mskm.tex.760230703 (deflate)
Wrote re_chunk_000.pak.patch_052\natives/stm/character/_kit/_equipment/_furmasks/pants/pants_265_f_mskm.tex.760230703 (deflate)
Wrote re_chunk_000.pak.patch_052\natives/stm/character/_kit/_equipment/_furmasks/pants/pants_2380_f_mskm.tex.760230703 (deflate)
Wrote re_chunk_000.pak.patch_052\natives/stm/character/_kit/_equipment/_furmasks/pants/pants_2240_m_mskm.tex.760230703 (deflate)
Wrote re_chunk_000.pak.patch_052\natives/stm/character/_kit/_equipment/_furmasks/pants/pants_3160_m_mskm.tex.760230703 (deflate)
Wrote re_chunk_000.pak.patch_052\natives/stm/character/_kit/_equipment/_furmasks/pants/pants_4011_f_mskm.tex.760230703 (deflate)
Wrote re_chunk_000.pak.patch_052\natives/stm/character/_kit/_equipment/_furmasks/pants/pants_231_f_mskm.tex.760230703 (deflate)
Wrote re_chunk_000.pak.patch_052\natives/stm/character/_kit/_equipment/_furmasks/pants/pants_220_m_mskm.tex.760230703 (deflate)
Wrote re_chunk_000.pak.patch_052\natives/stm/character/_kit/_equipment/_furmasks/underwear/underwear_001_f_lower_mskm.tex.760230703 (deflate)
Wrote re_chunk_000.pak.patch_052\natives/stm/character/_kit/_equipment/_furmasks/pants/pants_278_f_mskm.tex.760230703 (deflate)
Wrote re_chunk_000.pak.patch_052\natives/stm/character/_kit/_equipment/_furmasks/pants/pants_2306_m_mskm.tex.760230703 (deflate)
Wrote re_chunk_000.pak.patch_052\natives/stm/character/_kit/_equipment/_furmasks/pants/pants_9000_f_mskm.tex.760230703 (deflate)
Wrote re_chunk_000.pak.patch_052\natives/stm/character/_kit/_equipment/_furmasks/pants/pants_048_m_mskm.tex.760230703 (deflate)
Wrote re_chunk_000.pak.patch_052\natives/stm/character/_kit/_equipment/_furmasks/pants/pants_012_m_mskm.tex.760230703 (deflate)
Wrote re_chunk_000.pak.patch_052\natives/stm/character/_kit/_equipment/_furmasks/pants/pants_3050_f_mskm.tex.760230703 (deflate)
Wrote re_chunk_000.pak.patch_052\natives/stm/character/_kit/_equipment/_furmasks/pants/pants_013_f_mskm.tex.760230703 (deflate)
Wrote re_chunk_000.pak.patch_052\natives/stm/character/_kit/_equipment/_furmasks/pants/pants_4120_m_mskm.tex.760230703 (deflate)
Wrote re_chunk_000.pak.patch_052\natives/stm/character/_kit/_equipment/_furmasks/pants/pants_275_m_mskm.tex.760230703 (deflate)
Wrote re_chunk_000.pak.patch_052\natives/stm/character/_kit/_equipment/_furmasks/pants/pants_005_f_mskm.tex.760230703 (deflate)
Wrote re_chunk_000.pak.patch_052\natives/stm/character/_kit/_equipment/_furmasks/pants/pants_009_m_mskm.tex.760230703 (deflate)
Wrote re_chunk_000.pak.patch_052\natives/stm/character/_kit/_equipment/_furmasks/pants/pants_2161_f_mskm.tex.760230703 (deflate)
Wrote re_chunk_000.pak.patch_052\natives/stm/character/_kit/_equipment/_furmasks/pants/pants_021_f_mskm.tex.760230703 (deflate)
Wrote re_chunk_000.pak.patch_052\natives/stm/character/_kit/_equipment/_furmasks/pants/pants_2063_m_mskm.tex.760230703 (deflate)
Wrote re_chunk_000.pak.patch_052\natives/stm/character/_kit/_equipment/_furmasks/pants/pants_211_m_mskm.tex.760230703 (deflate)
Wrote re_chunk_000.pak.patch_052\natives/stm/character/_kit/_equipment/_furmasks/pants/pants_035_m_mskm.tex.760230703 (deflate)
Wrote re_chunk_000.pak.patch_052\natives/stm/character/_kit/_equipment/_furmasks/pants/pants_003_f_mskm.tex.760230703 (deflate)
Wrote re_chunk_000.pak.patch_052\natives/stm/character/_kit/_equipment/_furmasks/pants/pants_4070_f_mskm.tex.760230703 (deflate)
Wrote re_chunk_000.pak.patch_052\natives/stm/character/_kit/_equipment/_furmasks/pants/pants_2202_f_mskm.tex.760230703 (deflate)
Wrote re_chunk_000.pak.patch_052\natives/stm/character/_kit/_equipment/_furmasks/pants/pants_232_f_mskm.tex.760230703 (deflate)
Wrote re_chunk_000.pak.patch_052\natives/stm/character/_kit/_equipment/_furmasks/pants/pants_017_f_mskm.tex.760230703 (deflate)
Wrote re_chunk_000.pak.patch_052\natives/stm/character/_kit/_equipment/_furmasks/underwear/underwear_000_f_lower_mskm.tex.760230703 (deflate)
Wrote re_chunk_000.pak.patch_052\natives/stm/character/_kit/_equipment/_furmasks/pants/pants_221_m_mskm.tex.760230703 (deflate)
Wrote re_chunk_000.pak.patch_052\natives/stm/character/_kit/_equipment/_furmasks/pants/pants_280_m_mskm.tex.760230703 (deflate)
Wrote re_chunk_000.pak.patch_052\natives/stm/character/_kit/_equipment/_furmasks/pants/pants_2345_m_mskm.tex.760230703 (deflate)
Wrote re_chunk_000.pak.patch_052\natives/stm/character/_kit/_equipment/_furmasks/pants/pants_039_m_mskm.tex.760230703 (deflate)
Wrote re_chunk_000.pak.patch_052\natives/stm/character/_kit/_equipment/_furmasks/pants/pants_017_m_mskm.tex.760230703 (deflate)
Wrote re_chunk_000.pak.patch_052\natives/stm/character/_kit/_equipment/_furmasks/pants/pants_2001_f_mskm.tex.760230703 (deflate)
Wrote re_chunk_000.pak.patch_052\natives/stm/character/_kit/_equipment/_furmasks/pants/pants_4150_m_mskm.tex.760230703 (deflate)
Wrote re_chunk_000.pak.patch_052\natives/stm/character/_kit/_equipment/_furmasks/pants/pants_2101_f_mskm.tex.760230703 (deflate)
Wrote re_chunk_000.pak.patch_052\natives/stm/character/_kit/_equipment/_furmasks/pants/pants_279_m_mskm.tex.760230703 (deflate)
Wrote re_chunk_000.pak.patch_052\natives/stm/character/_kit/_equipment/_furmasks/pants/pants_2142_m_mskm.tex.760230703 (deflate)
Wrote re_chunk_000.pak.patch_052\natives/stm/character/_kit/_equipment/_furmasks/pants/pants_3320_m_mskm.tex.760230703 (deflate)
Wrote re_chunk_000.pak.patch_052\natives/stm/character/_kit/_equipment/_furmasks/pants/pants_2302_f_mskm.tex.760230703 (deflate)
Wrote re_chunk_000.pak.patch_052\natives/stm/character/_kit/_equipment/_furmasks/pants/pants_233_f_mskm.tex.760230703 (deflate)
Wrote re_chunk_000.pak.patch_052\natives/stm/character/_kit/_equipment/_furmasks/pants/pants_258_f_mskm.tex.760230703 (deflate)
Wrote re_chunk_000.pak.patch_052\natives/stm/character/_kit/_equipment/_furmasks/pants/pants_2384_f_mskm.tex.760230703 (deflate)
Wrote re_chunk_000.pak.patch_052\natives/stm/character/_kit/_equipment/_furmasks/pants/pants_042_m_mskm.tex.760230703 (deflate)
Wrote re_chunk_000.pak.patch_052\natives/stm/character/_kit/_equipment/_furmasks/pants/pants_2325_f_mskm.tex.760230703 (deflate)
Wrote re_chunk_000.pak.patch_052\natives/stm/character/_kit/_equipment/_furmasks/pants/pants_2002_m_mskm.tex.760230703 (deflate)
Wrote re_chunk_000.pak.patch_052\natives/stm/character/_kit/_equipment/_furmasks/pants/pants_233_m_mskm.tex.760230703 (deflate)
Wrote re_chunk_000.pak.patch_052\natives/stm/character/_kit/_equipment/_furmasks/pants/pants_4131_f_mskm.tex.760230703 (deflate)
Wrote re_chunk_000.pak.patch_052\natives/stm/character/_kit/_equipment/_furmasks/pants/pants_2280_f_mskm.tex.760230703 (deflate)
Wrote re_chunk_000.pak.patch_052\natives/stm/character/_kit/_equipment/_furmasks/pants/pants_4080_f_mskm.tex.760230703 (deflate)
Wrote re_chunk_000.pak.patch_052\natives/stm/character/_kit/_equipment/_furmasks/pants/pants_041_m_mskm.tex.760230703 (deflate)
Wrote re_chunk_000.pak.patch_052\natives/stm/character/_kit/_equipment/_furmasks/pants/pants_241_m_mskm.tex.760230703 (deflate)
Wrote re_chunk_000.pak.patch_052\natives/stm/character/_kit/_equipment/_furmasks/pants/pants_3260_f_mskm.tex.760230703 (deflate)
Wrote re_chunk_000.pak.patch_052\natives/stm/character/_kit/_equipment/_furmasks/pants/pants_222_m_mskm.tex.760230703 (deflate)
Wrote re_chunk_000.pak.patch_052\natives/stm/character/_kit/_equipment/_furmasks/pants/pants_254_m_mskm.tex.760230703 (deflate)
Wrote re_chunk_000.pak.patch_052\natives/stm/character/_kit/_equipment/_furmasks/pants/pants_250_m_mskm.tex.760230703 (deflate)
Wrote re_chunk_000.pak.patch_052\natives/stm/character/_kit/_equipment/_furmasks/pants/pants_228_m_mskm.tex.760230703 (deflate)
Wrote re_chunk_000.pak.patch_052\natives/stm/character/_kit/_equipment/_furmasks/pants/pants_284_m_mskm.tex.760230703 (deflate)
Wrote re_chunk_000.pak.patch_052\natives/stm/character/_kit/_equipment/_furmasks/pants/pants_207_m_mskm.tex.760230703 (deflate)
Wrote re_chunk_000.pak.patch_052\natives/stm/character/_kit/_equipment/_furmasks/pants/pants_201_m_mskm.tex.760230703 (deflate)
Wrote re_chunk_000.pak.patch_052\natives/stm/character/_kit/_equipment/_furmasks/pants/pants_260_f_mskm.tex.760230703 (deflate)
Wrote re_chunk_000.pak.patch_052\natives/stm/character/_kit/_equipment/_furmasks/pants/pants_3120_m_mskm.tex.760230703 (deflate)
Wrote re_chunk_000.pak.patch_052\natives/stm/character/_kit/_equipment/_furmasks/pants/pants_048_f_mskm.tex.760230703 (deflate)
Wrote re_chunk_000.pak.patch_052\natives/stm/character/_kit/_equipment/_furmasks/pants/pants_2021_f_mskm.tex.760230703 (deflate)
Wrote re_chunk_000.pak.patch_052\natives/stm/character/_kit/_equipment/_furmasks/pants/pants_2151_m_mskm.tex.760230703 (deflate)
Wrote re_chunk_000.pak.patch_052\natives/stm/character/_kit/_equipment/_furmasks/pants/pants_3060_f_mskm.tex.760230703 (deflate)
Wrote re_chunk_000.pak.patch_052\natives/stm/character/_kit/_equipment/_furmasks/pants/pants_2041_m_mskm.tex.760230703 (deflate)
Wrote re_chunk_000.pak.patch_052\natives/stm/character/_kit/_equipment/_furmasks/pants/pants_2326_f_mskm.tex.760230703 (deflate)
Wrote re_chunk_000.pak.patch_052\natives/stm/character/_kit/_equipment/_furmasks/pants/pants_2040_m_mskm.tex.760230703 (deflate)
Wrote re_chunk_000.pak.patch_052\natives/stm/character/_kit/_equipment/_furmasks/pants/pants_002_m_mskm.tex.760230703 (deflate)
Wrote re_chunk_000.pak.patch_052\natives/stm/character/_kit/_equipment/_furmasks/pants/pants_302_m_mskm.tex.760230703 (deflate)
Wrote re_chunk_000.pak.patch_052\natives/stm/character/_kit/_equipment/_furmasks/pants/pants_023_m_mskm.tex.760230703 (deflate)
Wrote re_chunk_000.pak.patch_052\natives/stm/character/_kit/_equipment/_furmasks/pants/pants_263_f_mskm.tex.760230703 (deflate)
Wrote re_chunk_000.pak.patch_052\natives/stm/character/_kit/_equipment/_furmasks/pants/pants_2304_f_mskm.tex.760230703 (deflate)
Wrote re_chunk_000.pak.patch_052\natives/stm/character/_kit/_equipment/_furmasks/pants/pants_225_m_mskm.tex.760230703 (deflate)
Wrote re_chunk_000.pak.patch_052\natives/stm/character/_kit/_equipment/_furmasks/pants/pants_200_m_mskm.tex.760230703 (deflate)
Wrote re_chunk_000.pak.patch_052\natives/stm/character/_kit/_equipment/_furmasks/pants/pants_210_m_mskm.tex.760230703 (deflate)
Wrote re_chunk_000.pak.patch_052\natives/stm/character/_kit/_equipment/_furmasks/pants/pants_2261_m_mskm.tex.760230703 (deflate)
Wrote re_chunk_000.pak.patch_052\natives/stm/character/_kit/_equipment/_furmasks/pants/pants_246_f_mskm.tex.760230703 (deflate)
Wrote re_chunk_000.pak.patch_052\natives/stm/character/_kit/_equipment/_furmasks/pants/pants_3250_m_mskm.tex.760230703 (deflate)
Wrote re_chunk_000.pak.patch_052\natives/stm/character/_kit/_equipment/_furmasks/pants/pants_273_m_mskm.tex.760230703 (deflate)
Wrote re_chunk_000.pak.patch_052\natives/stm/character/_kit/_equipment/_furmasks/pants/pants_4132_f_mskm.tex.760230703 (deflate)
Wrote re_chunk_000.pak.patch_052\natives/stm/character/_kit/_equipment/_furmasks/pants/pants_240_m_mskm.tex.760230703 (deflate)
Wrote re_chunk_000.pak.patch_052\natives/stm/character/_kit/_equipment/_furmasks/pants/pants_036_m_mskm.tex.760230703 (deflate)
Wrote re_chunk_000.pak.patch_052\natives/stm/character/_kit/_equipment/_furmasks/pants/pants_4130_f_mskm.tex.760230703 (deflate)
Wrote re_chunk_000.pak.patch_052\natives/stm/character/_kit/_equipment/_furmasks/pants/pants_2305_f_mskm.tex.760230703 (deflate)
Wrote re_chunk_000.pak.patch_052\natives/stm/character/_kit/_equipment/_furmasks/pants/pants_3230_f_mskm.tex.760230703 (deflate)
Wrote re_chunk_000.pak.patch_052\natives/stm/character/_kit/_equipment/_furmasks/pants/pants_037_f_mskm.tex.760230703 (deflate)
Wrote re_chunk_000.pak.patch_052\natives/stm/character/_kit/_equipment/_furmasks/pants/pants_4110_f_mskm.tex.760230703 (deflate)
Wrote re_chunk_000.pak.patch_052\natives/stm/character/_kit/_equipment/_furmasks/pants/pants_215_m_mskm.tex.760230703 (deflate)
Wrote re_chunk_000.pak.patch_052\natives/stm/character/_kit/_equipment/_furmasks/pants/pants_300_f_mskm.tex.760230703 (deflate)
Wrote re_chunk_000.pak.patch_052\natives/stm/character/_kit/_equipment/_furmasks/pants/pants_035_f_mskm.tex.760230703 (deflate)
Wrote re_chunk_000.pak.patch_052\natives/stm/character/_kit/_equipment/_furmasks/pants/pants_277_f_mskm.tex.760230703 (deflate)
Wrote re_chunk_000.pak.patch_052\natives/stm/character/_kit/_equipment/_furmasks/pants/pants_285_m_mskm.tex.760230703 (deflate)
Extracted 459 files from D:\GAMES\Dragons.Dogma.2.Deluxe.Edition-InsaneRamZes\re_chunk_000.pak.patch_052.pak
Extracted 459 files compressed with deflate


[extract_tex.py] Still missing ['tex_ui01c00_03_iam.tex.760230703']
[extract_tex.py] Running REtool on re_chunk_000.pak.patch_053.pak...
[extract_tex.py] Using REtool.exe at: D:\GAMES\REtool\REtool.exe
[extract_tex.py] REtool output for re_chunk_000.pak.patch_053.pak: RE Engine PAK tool v0.240 (by youtube.com/user/FluffyQuack)

Read 4 entries from D:\GAMES\Dragons.Dogma.2.Deluxe.Edition-InsaneRamZes\reframework\images\ItemBelt\pytools\tex_list.txt
Attempting to unpack D:\GAMES\Dragons.Dogma.2.Deluxe.Edition-InsaneRamZes\re_chunk_000.pak.patch_053.pak...
Read 5 entries
Loaded hash list from manifest
Extracting files...
Wrote re_chunk_000.pak.patch_053\__MANIFEST/MANIFEST.TXT (deflate)
Wrote re_chunk_000.pak.patch_053\modinfo.ini (copied)
Wrote re_chunk_000.pak.patch_053\natives/stm/gui/ui06/ui0602/tex_water_im.tex.760230703 (deflate)
Wrote re_chunk_000.pak.patch_053\screenshot.jpg (copied)
Wrote re_chunk_000.pak.patch_053\natives/stm/gui/ui06/ui0602/tex_water_im.tex_old.760230703 (deflate)
Extracted 5 files from D:\GAMES\Dragons.Dogma.2.Deluxe.Edition-InsaneRamZes\re_chunk_000.pak.patch_053.pak
Extracted 2 files with zero compression
Extracted 3 files compressed with deflate


[extract_tex.py] Still missing ['tex_ui01c00_03_iam.tex.760230703']
[extract_tex.py] Running REtool on re_chunk_000.pak.patch_054.pak...
[extract_tex.py] Using REtool.exe at: D:\GAMES\REtool\REtool.exe
[extract_tex.py] REtool output for re_chunk_000.pak.patch_054.pak: RE Engine PAK tool v0.240 (by youtube.com/user/FluffyQuack)

Read 4 entries from D:\GAMES\Dragons.Dogma.2.Deluxe.Edition-InsaneRamZes\reframework\images\ItemBelt\pytools\tex_list.txt
Attempting to unpack D:\GAMES\Dragons.Dogma.2.Deluxe.Edition-InsaneRamZes\re_chunk_000.pak.patch_054.pak...
Read 2 entries
Loaded hash list from manifest
Extracting files...
Wrote re_chunk_000.pak.patch_054\natives/stm/appsystem/ch/common/human/userdata/parameter/job08lockonrangeparameter.user.2 (deflate)
Wrote re_chunk_000.pak.patch_054\__MANIFEST/MANIFEST.TXT (deflate)
Extracted 2 files from D:\GAMES\Dragons.Dogma.2.Deluxe.Edition-InsaneRamZes\re_chunk_000.pak.patch_054.pak
Extracted 2 files compressed with deflate


[extract_tex.py] Still missing ['tex_ui01c00_03_iam.tex.760230703']
[extract_tex.py] Running REtool on re_chunk_000.pak.patch_055.pak...
[extract_tex.py] Using REtool.exe at: D:\GAMES\REtool\REtool.exe
[extract_tex.py] REtool output for re_chunk_000.pak.patch_055.pak: RE Engine PAK tool v0.240 (by youtube.com/user/FluffyQuack)

Read 4 entries from D:\GAMES\Dragons.Dogma.2.Deluxe.Edition-InsaneRamZes\reframework\images\ItemBelt\pytools\tex_list.txt
Attempting to unpack D:\GAMES\Dragons.Dogma.2.Deluxe.Edition-InsaneRamZes\re_chunk_000.pak.patch_055.pak...
Read 4926 entries
Loaded hash list from manifest
Extracting files...
Wrote re_chunk_000.pak.patch_055\natives/stm/streaming/character/_kit/_equipment/mantle/007/mt_007_0_1_nrmr.tex.760230703 (deflate)
Wrote re_chunk_000.pak.patch_055\natives/stm/streaming/character/_kit/_equipment/tops/806/wb_806_0_0_nrmr.tex.760230703 (deflate)
Wrote re_chunk_000.pak.patch_055\natives/stm/streaming/character/_kit/_equipment/tops/811/bd_811_0_1_nrmr.tex.760230703 (deflate)
Wrote re_chunk_000.pak.patch_055\natives/stm/streaming/character/_kit/_equipment/tops/526/am_526_0_0_nrmr.tex.760230703 (deflate)
Wrote re_chunk_000.pak.patch_055\natives/stm/streaming/character/_kit/_equipment/tops/232/bd_232_0_2_nrmr.tex.760230703 (deflate)
Wrote re_chunk_000.pak.patch_055\natives/stm/streaming/character/_kit/body/body_602_m/body_602_m_high_nrmr.tex.760230703 (deflate)
Wrote re_chunk_000.pak.patch_055\natives/stm/character/ch/ch53_010/ch53_010_body4_nrmr.tex.760230703 (deflate)
Wrote re_chunk_000.pak.patch_055\natives/stm/character/ch/ch20_000/wp20_000_80/wp20_000_80_0_nrmr.tex.760230703 (deflate)
Wrote re_chunk_000.pak.patch_055\natives/stm/streaming/character/_kit/_equipment/mantle/020/mt_020_0_0_nrmr.tex.760230703 (deflate)
Wrote re_chunk_000.pak.patch_055\natives/stm/character/_kit/_equipment/tops/005/bd_005_0_1_nrmr.tex.760230703 (deflate)
Wrote re_chunk_000.pak.patch_055\natives/stm/character/ch/ch20_003/helm/06/eq20_003_06_hl_1_nrmr.tex.760230703 (deflate)
Wrote re_chunk_000.pak.patch_055\natives/stm/character/_kit/special_scar/special_scar_000/special_scar_000_body_f_nrmr.tex.760230703 (deflate)
Wrote re_chunk_000.pak.patch_055\natives/stm/character/_kit/body/body_207_m/hand_207_m_high_nrmr.tex.760230703 (deflate)
Wrote re_chunk_000.pak.patch_055\natives/stm/streaming/character/ch/ch55_000/ch55_000_body3_nrmr.tex.760230703 (deflate)
Wrote re_chunk_000.pak.patch_055\natives/stm/character/_kit/_equipment/helm/525/hl_525_0_0_nrmr.tex.760230703 (deflate)
Wrote re_chunk_000.pak.patch_055\natives/stm/character/_kit/_equipment/helm/622/hl_622_0_0_nrmr.tex.760230703 (deflate)
Wrote re_chunk_000.pak.patch_055\natives/stm/character/_kit/_equipment/helm/207/hl_207_0_0_mat_nrmr.tex.760230703 (deflate)
Wrote re_chunk_000.pak.patch_055\natives/stm/streaming/character/ch/ch99_011/ch99_011_body_a_nrmr.tex.760230703 (deflate)
Wrote re_chunk_000.pak.patch_055\natives/stm/character/_kit/_equipment/tops/012/bd_012_0_1_nrmr.tex.760230703 (deflate)
Wrote re_chunk_000.pak.patch_055\natives/stm/character/ch/ch26_000/wp26_000_21/wp26_000_21_00_1_nrmr.tex.760230703 (deflate)
Wrote re_chunk_000.pak.patch_055\natives/stm/character/ch/ch51_001/ch51_001_eye_nrmr.tex.760230703 (deflate)
Wrote re_chunk_000.pak.patch_055\natives/stm/streaming/character/ch/ch28_000/body/body_910_m/body_910_m_nrmr.tex.760230703 (deflate)
Wrote re_chunk_000.pak.patch_055\natives/stm/character/_kit/_equipment/tops/049/bd_049_0_0_nrmr.tex.760230703 (deflate)
Wrote re_chunk_000.pak.patch_055\natives/stm/streaming/character/_kit/head/head_221_f/head_221_f_low_nrm.tex.760230703 (deflate)
Wrote re_chunk_000.pak.patch_055\natives/stm/streaming/character/_kit/_equipment/pants/801/lg_801_0_0_nrmr.tex.760230703 (deflate)
Wrote re_chunk_000.pak.patch_055\natives/stm/streaming/character/_kit/_equipment/pants/823/lg_823_0_0_nrmr.tex.760230703 (deflate)
Wrote re_chunk_000.pak.patch_055\natives/stm/streaming/character/_kit/body/body_208_f/body_208_f_high_nrmr.tex.760230703 (deflate)
Wrote re_chunk_000.pak.patch_055\natives/stm/streaming/character/_kit/body/body_609_m/hand_609_m_low_nrm.tex.760230703 (deflate)
Wrote re_chunk_000.pak.patch_055\natives/stm/streaming/character/_kit/body/body_601_f/body_601_f_low_nrm.tex.760230703 (deflate)
Wrote re_chunk_000.pak.patch_055\natives/stm/streaming/character/_kit/_equipment/pants/803/lg_803_0_0_nrmr.tex.760230703 (deflate)
Wrote re_chunk_000.pak.patch_055\natives/stm/character/ch/ch99_003/ch99_003_body_a_eyeflatten_nrmr.tex.760230703 (deflate)
Wrote re_chunk_000.pak.patch_055\natives/stm/streaming/character/_kit/body/body_205_m/hand_205_m_high_nrmr.tex.760230703 (deflate)
Wrote re_chunk_000.pak.patch_055\natives/stm/streaming/character/_kit/_equipment/pants/002/lg_002_0_1_nrmr.tex.760230703 (deflate)
Wrote re_chunk_000.pak.patch_055\natives/stm/streaming/character/_kit/_equipment/tops/810/bd_810_0_1_nrmr.tex.760230703 (deflate)
Wrote re_chunk_000.pak.patch_055\natives/stm/character/_kit/_equipment/tops/813/am_813_0_0_nrmr.tex.760230703 (deflate)
Wrote re_chunk_000.pak.patch_055\natives/stm/streaming/character/_kit/_equipment/tops/237/bd_237_0_4_nrmr.tex.760230703 (deflate)
Wrote re_chunk_000.pak.patch_055\natives/stm/character/ch/ch23_000/ch23_000_fur_nrmr.tex.760230703 (deflate)
Wrote re_chunk_000.pak.patch_055\natives/stm/streaming/character/ch/ch58_001/ch58_001_leg_nrmr.tex.760230703 (deflate)
Wrote re_chunk_000.pak.patch_055\natives/stm/streaming/character/_kit/_equipment/tops/301/bd_301_0_1_nrmr.tex.760230703 (deflate)
Wrote re_chunk_000.pak.patch_055\natives/stm/character/_kit/body/body_203_f/body_203_f_high_nrmr.tex.760230703 (deflate)
Wrote re_chunk_000.pak.patch_055\natives/stm/streaming/character/_kit/_equipment/tops/514/wb_514_0_0_nrmr.tex.760230703 (deflate)
Wrote re_chunk_000.pak.patch_055\natives/stm/streaming/character/ch/ch23_000/ch23_000_body_nrmr.tex.760230703 (deflate)
Wrote re_chunk_000.pak.patch_055\natives/stm/character/wp/wp09/012/wp09_012_0_0_nrmr.tex.760230703 (deflate)
Wrote re_chunk_000.pak.patch_055\natives/stm/character/_kit/_equipment/tops/041/am_041_0_0_nrmr.tex.760230703 (deflate)
Wrote re_chunk_000.pak.patch_055\natives/stm/streaming/character/ch/ch27_001/wp27_001_00/wp27_001_00_0_nrmr.tex.760230703 (deflate)
Wrote re_chunk_000.pak.patch_055\natives/stm/streaming/character/_kit/_equipment/helm/510/hl_510_0_0_nrmr.tex.760230703 (deflate)
Wrote re_chunk_000.pak.patch_055\natives/stm/character/_kit/_equipment/mantle/828/mt_828_0_0_nrmr.tex.760230703 (deflate)
Wrote re_chunk_000.pak.patch_055\natives/stm/character/_kit/head/head_212_m/head_212_m_high_nrmr.tex.760230703 (deflate)
Wrote re_chunk_000.pak.patch_055\natives/stm/character/_kit/body/body_220_f/hand_220_f_low_nrm.tex.760230703 (deflate)
Wrote re_chunk_000.pak.patch_055\natives/stm/streaming/character/_kit/_equipment/tops/501/wb_501_0_0_nrmr.tex.760230703 (deflate)
Wrote re_chunk_000.pak.patch_055\natives/stm/streaming/character/_kit/_equipment/pants/625/lg_625_0_0_nrmr.tex.760230703 (deflate)
Wrote re_chunk_000.pak.patch_055\natives/stm/streaming/character/_kit/_equipment/mantle/803/mt_803_0_1_nrmr.tex.760230703 (deflate)
Wrote re_chunk_000.pak.patch_055\natives/stm/character/_kit/_equipment/pants/210/lg_210_0_1_nrmr.tex.760230703 (deflate)
Wrote re_chunk_000.pak.patch_055\natives/stm/streaming/character/_kit/_equipment/mantle/009/mt_009_0_0_nrmr.tex.760230703 (deflate)
Wrote re_chunk_000.pak.patch_055\natives/stm/streaming/character/_kit/_equipment/tops/013/am_013_0_0_nrmr.tex.760230703 (deflate)
Wrote re_chunk_000.pak.patch_055\natives/stm/streaming/character/_kit/_equipment/tops/006/am_006_0_0_nrmr.tex.760230703 (deflate)
Wrote re_chunk_000.pak.patch_055\natives/stm/streaming/character/_kit/_equipment/tops/025/am_025_0_0_nrmr.tex.760230703 (deflate)
Wrote re_chunk_000.pak.patch_055\natives/stm/character/_kit/body/body_004_m/hand_004_m_low_nrm.tex.760230703 (deflate)
Wrote re_chunk_000.pak.patch_055\natives/stm/character/_kit/_equipment/mantle/523/mt_523_0_0_nrmr.tex.760230703 (deflate)
Wrote re_chunk_000.pak.patch_055\natives/stm/character/_kit/_equipment/tops/035/bd_035_0_0_m_nrmr.tex.760230703 (deflate)
Wrote re_chunk_000.pak.patch_055\natives/stm/character/_kit/_equipment/tops/817/bd_817_0_2_nrmr.tex.760230703 (deflate)
Wrote re_chunk_000.pak.patch_055\natives/stm/streaming/character/_kit/hair/hair_008/hair_008_nrmr.tex.760230703 (deflate)
Wrote re_chunk_000.pak.patch_055\natives/stm/character/ch/ch20_000/wp20_000_21/wp20_000_21_0_nrmr.tex.760230703 (deflate)
Wrote re_chunk_000.pak.patch_055\natives/stm/streaming/character/_kit/body/body_219_f/hand_219_f_high_nrmr.tex.760230703 (deflate)
Wrote re_chunk_000.pak.patch_055\natives/stm/character/_kit/_equipment/mantle/006/mt_006_0_1_nrmr.tex.760230703 (deflate)
Wrote re_chunk_000.pak.patch_055\natives/stm/environment/textures/sm82_032_nrmr.tex.760230703 (deflate)
Wrote re_chunk_000.pak.patch_055\natives/stm/streaming/character/_kit/_equipment/tops/207/bd_207_1_1_nrmr.tex.760230703 (deflate)
Wrote re_chunk_000.pak.patch_055\natives/stm/character/_kit/_equipment/tops/804/804_embroidery_01_nrmr.tex.760230703 (deflate)
Wrote re_chunk_000.pak.patch_055\natives/stm/streaming/character/_kit/_equipment/mantle/035/mt_035_0_2_nrmr.tex.760230703 (deflate)
Wrote re_chunk_000.pak.patch_055\natives/stm/streaming/character/_kit/beard/beard_104/beard_104_nrmr.tex.760230703 (deflate)
Wrote re_chunk_000.pak.patch_055\natives/stm/streaming/character/_kit/_equipment/helm/047/047_embroidery_01_nrmr.tex.760230703 (deflate)
Wrote re_chunk_000.pak.patch_055\natives/stm/streaming/character/_kit/_equipment/tops/221/am_221_0_1_nrmr.tex.760230703 (deflate)
Wrote re_chunk_000.pak.patch_055\natives/stm/streaming/character/ch/ch21_003/ch21_003_body_nrmr.tex.760230703 (deflate)
Wrote re_chunk_000.pak.patch_055\natives/stm/streaming/character/wp/wp00/008/wp00_008_0_0_nrmr.tex.760230703 (deflate)
Wrote re_chunk_000.pak.patch_055\natives/stm/streaming/character/_kit/body/body_207_m/body_207_m_high_nrmr.tex.760230703 (deflate)
Wrote re_chunk_000.pak.patch_055\natives/stm/streaming/character/_kit/_equipment/mantle/019/mt_019_0_0_nrmr.tex.760230703 (deflate)
Wrote re_chunk_000.pak.patch_055\natives/stm/streaming/character/_kit/_equipment/tops/529/bd_529_0_2_nrmr.tex.760230703 (deflate)
Wrote re_chunk_000.pak.patch_055\natives/stm/character/_kit/body/body_226_f/body_226_f_low_nrm.tex.760230703 (deflate)
Wrote re_chunk_000.pak.patch_055\natives/stm/streaming/character/_kit/_equipment/tops/618/wb_618_0_1_nrmr.tex.760230703 (deflate)
Wrote re_chunk_000.pak.patch_055\natives/stm/character/_kit/body/body_205_f/hand_205_f_low_nrm.tex.760230703 (deflate)
Wrote re_chunk_000.pak.patch_055\natives/stm/streaming/character/ch/ch26_000/eq26_000_04/eq26_000_04_3_nrmr.tex.760230703 (deflate)
Wrote re_chunk_000.pak.patch_055\natives/stm/character/_kit/_equipment/tops/516/bd_516_0_0_nrmr.tex.760230703 (deflate)
Wrote re_chunk_000.pak.patch_055\natives/stm/character/ch/ch28_000/body/body_900_m/hand_900_m_nrmr.tex.760230703 (deflate)
Wrote re_chunk_000.pak.patch_055\natives/stm/streaming/character/_kit/_equipment/tops/274/wb_274_0_2_nrmr.tex.760230703 (deflate)
Wrote re_chunk_000.pak.patch_055\natives/stm/streaming/character/_kit/_equipment/tops/516/wb_516_0_2_nrmr.tex.760230703 (deflate)
Wrote re_chunk_000.pak.patch_055\natives/stm/character/ch/ch23_000/ch23_000_eye_nrmr.tex.760230703 (deflate)
Wrote re_chunk_000.pak.patch_055\natives/stm/streaming/character/_kit/hair/hair_016/hair_016_fake_nrmr.tex.760230703 (deflate)
Wrote re_chunk_000.pak.patch_055\natives/stm/streaming/character/_kit/head/head_604_f/head_604_f_low_nrm.tex.760230703 (deflate)
Wrote re_chunk_000.pak.patch_055\natives/stm/character/_kit/body/body_214_m/hand_214_m_high_nrmr.tex.760230703 (deflate)
Wrote re_chunk_000.pak.patch_055\natives/stm/character/_kit/_equipment/tops/274/bd_274_0_1_nrmr.tex.760230703 (deflate)
Wrote re_chunk_000.pak.patch_055\natives/stm/streaming/character/_kit/body/body_223_f/hand_223_f_high_nrmr.tex.760230703 (deflate)
Wrote re_chunk_000.pak.patch_055\natives/stm/streaming/character/ch/ch20_002/helm/02/eq20_002_02_hl_1_nrmr.tex.760230703 (deflate)
Wrote re_chunk_000.pak.patch_055\natives/stm/streaming/character/_kit/body/body_821_m/body_821_m_high_nrmr.tex.760230703 (deflate)
Wrote re_chunk_000.pak.patch_055\natives/stm/streaming/character/_kit/hair/hair_051/hair_051_fake_nrmr.tex.760230703 (deflate)
Wrote re_chunk_000.pak.patch_055\natives/stm/character/_kit/_equipment/tops/808/bd_808_0_3_nrmr.tex.760230703 (deflate)
Wrote re_chunk_000.pak.patch_055\natives/stm/streaming/character/_kit/_equipment/pants/506/lg_506_0_0_nrmr.tex.760230703 (deflate)
Wrote re_chunk_000.pak.patch_055\natives/stm/character/_kit/_equipment/helm/221/hl_221_0_0_nrmr.tex.760230703 (deflate)
Wrote re_chunk_000.pak.patch_055\natives/stm/streaming/character/_kit/_equipment/tops/628/embroidery_36_nrmr.tex.760230703 (deflate)
Wrote re_chunk_000.pak.patch_055\natives/stm/streaming/character/_kit/_equipment/helm/526/hl_526_0_0_nrmr.tex.760230703 (deflate)
Wrote re_chunk_000.pak.patch_055\natives/stm/character/_kit/_equipment/helm/242/hl_242_0_0_nrmr.tex.760230703 (deflate)
Wrote re_chunk_000.pak.patch_055\natives/stm/streaming/environment/textures/tx_021_nrmr.tex.760230703 (deflate)
Wrote re_chunk_000.pak.patch_055\natives/stm/character/_kit/_equipment/pants/836/lg_836_0_0_nrmr.tex.760230703 (deflate)
Wrote re_chunk_000.pak.patch_055\natives/stm/character/_kit/_equipment/helm/028/hl_028_0_0_nrmr.tex.760230703 (deflate)
Wrote re_chunk_000.pak.patch_055\natives/stm/character/_kit/body/body_211_f/body_211_f_low_nrm.tex.760230703 (deflate)
Wrote re_chunk_000.pak.patch_055\natives/stm/streaming/character/_kit/_equipment/tops/239/bd_239_0_1_nrmr.tex.760230703 (deflate)
Wrote re_chunk_000.pak.patch_055\natives/stm/streaming/character/_kit/_equipment/tops/838/wb_838_0_2_nrmr.tex.760230703 (deflate)
Wrote re_chunk_000.pak.patch_055\natives/stm/streaming/character/_kit/body/body_214_f/hand_214_f_high_nrmr.tex.760230703 (deflate)
Wrote re_chunk_000.pak.patch_055\natives/stm/character/_kit/head/head_206_m/head_206_m_high_nrmr.tex.760230703 (deflate)
Wrote re_chunk_000.pak.patch_055\natives/stm/streaming/character/_kit/body/body_222_m/body_222_m_high_nrmr.tex.760230703 (deflate)
Wrote re_chunk_000.pak.patch_055\natives/stm/streaming/character/_kit/_equipment/tops/006/am_006_0_1_nrmr.tex.760230703 (deflate)
Wrote re_chunk_000.pak.patch_055\natives/stm/character/shared/pattern/pattern_knittedleather_03_nrmr.tex.760230703 (deflate)
Wrote re_chunk_000.pak.patch_055\natives/stm/character/_kit/body/body_612_m/hand_612_m_high_nrmr.tex.760230703 (deflate)
Wrote re_chunk_000.pak.patch_055\natives/stm/streaming/character/_kit/_equipment/pants/038/lg_038_0_0_nrmr.tex.760230703 (deflate)
Wrote re_chunk_000.pak.patch_055\natives/stm/character/_kit/_equipment/tops/622/wb_622_0_1_nrmr.tex.760230703 (deflate)
Wrote re_chunk_000.pak.patch_055\natives/stm/character/_kit/_equipment/tops/622/wb_622_0_2_nrmr.tex.760230703 (deflate)
Wrote re_chunk_000.pak.patch_055\natives/stm/streaming/character/_kit/_equipment/tops/035/wb_035_0_1_m_nrmr.tex.760230703 (deflate)
Wrote re_chunk_000.pak.patch_055\natives/stm/character/_kit/hair/hair_000/hair_000_fake_nrmr.tex.760230703 (deflate)
Wrote re_chunk_000.pak.patch_055\natives/stm/streaming/environment/textures/sm51_138_nrmr.tex.760230703 (deflate)
Wrote re_chunk_000.pak.patch_055\natives/stm/streaming/character/_kit/body/body_607_f/body_607_f_high_nrmr.tex.760230703 (deflate)
Wrote re_chunk_000.pak.patch_055\natives/stm/character/_kit/_equipment/tops/019/bd_019_0_2_nrmr.tex.760230703 (deflate)
Wrote re_chunk_000.pak.patch_055\natives/stm/character/_kit/hair/hair_053/hair_053_nrmr.tex.760230703 (deflate)
Wrote re_chunk_000.pak.patch_055\natives/stm/streaming/character/ch/ch60_001/ch60_001_body1_nrmr.tex.760230703 (deflate)
Wrote re_chunk_000.pak.patch_055\natives/stm/character/_kit/_equipment/helm/035/hl_035_0_0_m_nrmr.tex.760230703 (deflate)
Wrote re_chunk_000.pak.patch_055\natives/stm/character/_kit/_equipment/tops/228/wb_228_0_0_nrmr.tex.760230703 (deflate)
Wrote re_chunk_000.pak.patch_055\natives/stm/character/ch/ch26_000/eq26_000_02/eq26_000_02_4_nrmr.tex.760230703 (deflate)
Wrote re_chunk_000.pak.patch_055\natives/stm/character/_kit/body/body_213_m/body_213_m_high_nrmr.tex.760230703 (deflate)
Wrote re_chunk_000.pak.patch_055\natives/stm/character/_kit/_equipment/tops/246/wb_246_0_2_nrmr.tex.760230703 (deflate)
Wrote re_chunk_000.pak.patch_055\natives/stm/streaming/character/_kit/_equipment/pants/285/wl_285_0_0_nrmr.tex.760230703 (deflate)
Wrote re_chunk_000.pak.patch_055\natives/stm/streaming/character/_kit/head/head_223_f/head_223_f_low_nrm.tex.760230703 (deflate)
Wrote re_chunk_000.pak.patch_055\natives/stm/streaming/character/_kit/body/body_208_m/body_208_m_low_nrm.tex.760230703 (deflate)
Wrote re_chunk_000.pak.patch_055\natives/stm/character/_kit/body/body_213_m/hand_213_m_low_nrm.tex.760230703 (deflate)
Wrote re_chunk_000.pak.patch_055\natives/stm/character/_kit/_equipment/tops/807/bd_807_0_1_nrmr.tex.760230703 (deflate)
Wrote re_chunk_000.pak.patch_055\natives/stm/streaming/character/_kit/_equipment/pants/002/wl_002_0_1_nrmr.tex.760230703 (deflate)
Wrote re_chunk_000.pak.patch_055\natives/stm/streaming/character/_kit/_equipment/tops/037/wb_037_0_0_nrmr.tex.760230703 (deflate)
Wrote re_chunk_000.pak.patch_055\natives/stm/streaming/character/_kit/_equipment/pants/276/lg_276_0_1_nrmr.tex.760230703 (deflate)
Wrote re_chunk_000.pak.patch_055\natives/stm/vfx/texture/decal/13_stonedecal_000_01_nrmr.tex.760230703 (deflate)
Wrote re_chunk_000.pak.patch_055\natives/stm/character/_kit/_equipment/tops/232/wb_232_0_0_nrmr.tex.760230703 (deflate)
Wrote re_chunk_000.pak.patch_055\natives/stm/streaming/character/_kit/head/head_211_f/head_211_f_low_nrm.tex.760230703 (deflate)
Wrote re_chunk_000.pak.patch_055\natives/stm/streaming/character/wp/wp07/000/wp07_000_0_0_nrmr.tex.760230703 (deflate)
Wrote re_chunk_000.pak.patch_055\natives/stm/streaming/character/_kit/_equipment/tops/002/am_002_0_1_nrmr.tex.760230703 (deflate)
Wrote re_chunk_000.pak.patch_055\natives/stm/gui/model/ui06/01/03/ui06_01_03_nrmr.tex.760230703 (deflate)
Wrote re_chunk_000.pak.patch_055\natives/stm/streaming/character/_kit/_equipment/tops/817/bd_817_0_2_nrmr.tex.760230703 (deflate)
Wrote re_chunk_000.pak.patch_055\natives/stm/streaming/character/ch/ch26_000/wp26_000_03/wp26_000_03_0_nrmr.tex.760230703 (deflate)
Wrote re_chunk_000.pak.patch_055\natives/stm/character/ch/ch22_001/ch22_001_body_nrmr.tex.760230703 (deflate)
Wrote re_chunk_000.pak.patch_055\natives/stm/streaming/character/wp/wp06/002/wp06_002_0_0_nrmr.tex.760230703 (deflate)
Wrote re_chunk_000.pak.patch_055\natives/stm/streaming/character/_kit/_equipment/tops/625/am_625_0_0_nrmr.tex.760230703 (deflate)
Wrote re_chunk_000.pak.patch_055\natives/stm/streaming/character/_kit/_equipment/tops/504/wb_504_0_0_nrmr.tex.760230703 (deflate)
Wrote re_chunk_000.pak.patch_055\natives/stm/character/_kit/_equipment/tops/277/am_277_0_0_nrmr.tex.760230703 (deflate)
Wrote re_chunk_000.pak.patch_055\natives/stm/streaming/character/_kit/hair/hair_101/hair_101_fake_nrmr.tex.760230703 (deflate)
Wrote re_chunk_000.pak.patch_055\natives/stm/environment/textures/tx_029_nrmr.tex.760230703 (deflate)
Wrote re_chunk_000.pak.patch_055\natives/stm/streaming/character/ch/ch54_001/ch54_001_eye3_nrmr.tex.760230703 (deflate)
Wrote re_chunk_000.pak.patch_055\natives/stm/streaming/character/_kit/_equipment/tops/021/bd_021_0_2_nrmr.tex.760230703 (deflate)
Wrote re_chunk_000.pak.patch_055\natives/stm/character/_kit/hair/hair_018/hair_018_fake_nrmr.tex.760230703 (deflate)
Wrote re_chunk_000.pak.patch_055\natives/stm/character/_kit/body/body_821_m/hand_821_m_high_nrmr.tex.760230703 (deflate)
Wrote re_chunk_000.pak.patch_055\natives/stm/character/_kit/head/head_603_m/head_603_m_low_nrm.tex.760230703 (deflate)
Wrote re_chunk_000.pak.patch_055\natives/stm/character/ch/ch28_000/head/head_902_m/head_902_m_nrmr.tex.760230703 (deflate)
Wrote re_chunk_000.pak.patch_055\natives/stm/streaming/character/_kit/_equipment/mantle/809/mt_809_0_0_nrmr.tex.760230703 (deflate)
Wrote re_chunk_000.pak.patch_055\natives/stm/character/_kit/hair/hair_036/hair_036_fake_nrmr.tex.760230703 (deflate)
Wrote re_chunk_000.pak.patch_055\natives/stm/streaming/character/ch/ch21_000/ch21_000_atlasblendtail_nrmr.tex.760230703 (deflate)
Wrote re_chunk_000.pak.patch_055\natives/stm/streaming/environment/textures/tx_117_nrmr.tex.760230703 (deflate)
Wrote re_chunk_000.pak.patch_055\natives/stm/streaming/character/ch/ch22_003/ch22_003_body_nrmr.tex.760230703 (deflate)
Wrote re_chunk_000.pak.patch_055\natives/stm/streaming/character/_kit/_equipment/tops/019/bd_019_0_2_nrmr.tex.760230703 (deflate)
Wrote re_chunk_000.pak.patch_055\natives/stm/streaming/character/_kit/head/head_602_f/head_602_f_high_nrmr.tex.760230703 (deflate)
Wrote re_chunk_000.pak.patch_055\natives/stm/character/_kit/_equipment/tops/011/bd_011_0_0_nrmr.tex.760230703 (deflate)
Wrote re_chunk_000.pak.patch_055\natives/stm/character/_kit/hair/hair_058/hair_058_fake_nrmr.tex.760230703 (deflate)
Wrote re_chunk_000.pak.patch_055\natives/stm/character/_kit/body/body_209_f/hand_209_f_high_nrmr.tex.760230703 (deflate)
Wrote re_chunk_000.pak.patch_055\natives/stm/streaming/character/_kit/body/body_213_m/hand_213_m_high_nrmr.tex.760230703 (deflate)
Wrote re_chunk_000.pak.patch_055\natives/stm/streaming/character/_kit/_equipment/facewear/022/hl_022_0_0_nrmr.tex.760230703 (deflate)
Wrote re_chunk_000.pak.patch_055\natives/stm/streaming/character/_kit/hair/hair_021/hair_021_nrmr.tex.760230703 (deflate)
Wrote re_chunk_000.pak.patch_055\natives/stm/streaming/character/_kit/_equipment/tops/308/bd_308_0_1_m_nrmr.tex.760230703 (deflate)
Wrote re_chunk_000.pak.patch_055\natives/stm/character/_kit/body/body_220_m/hand_220_m_low_nrm.tex.760230703 (deflate)
Wrote re_chunk_000.pak.patch_055\natives/stm/streaming/environment/textures/tx_034_nrmr.tex.760230703 (deflate)
Wrote re_chunk_000.pak.patch_055\natives/stm/character/_kit/_equipment/pants/045/lg_045_0_0_nrmr.tex.760230703 (deflate)
Wrote re_chunk_000.pak.patch_055\natives/stm/streaming/character/wp/wp06/006/wp06_006_0_0_nrmr.tex.760230703 (deflate)
Wrote re_chunk_000.pak.patch_055\natives/stm/character/ch/ch26_000/eq26_000_05/eq26_000_05_6_nrmr.tex.760230703 (deflate)
Wrote re_chunk_000.pak.patch_055\natives/stm/character/_kit/hair/hair_041/hair_041_nrmr.tex.760230703 (deflate)
Wrote re_chunk_000.pak.patch_055\natives/stm/streaming/character/_kit/_equipment/tops/615/wb_615_0_0_nrmr.tex.760230703 (deflate)
Wrote re_chunk_000.pak.patch_055\natives/stm/streaming/character/wp/wp02/011/wp02_011_0_0_nrmr.tex.760230703 (deflate)
Wrote re_chunk_000.pak.patch_055\natives/stm/character/ch/ch53_001/ch53_001_wingfeather_nrmr.tex.760230703 (deflate)
Wrote re_chunk_000.pak.patch_055\natives/stm/streaming/character/_kit/_equipment/tops/257/am_257_0_0_nrmr.tex.760230703 (deflate)
Wrote re_chunk_000.pak.patch_055\natives/stm/streaming/character/_kit/eyelashes/eyelashes_000/eyelashes_000_nrmr.tex.760230703 (deflate)
Wrote re_chunk_000.pak.patch_055\natives/stm/streaming/character/_kit/body/body_201_f/hand_201_f_low_nrm.tex.760230703 (deflate)
Wrote re_chunk_000.pak.patch_055\natives/stm/streaming/character/_kit/hair/hair_070/hair_070_fake_nrmr.tex.760230703 (deflate)
Wrote re_chunk_000.pak.patch_055\natives/stm/streaming/character/wp/wp09/004/wp09_004_0_0_nrmr.tex.760230703 (deflate)
Wrote re_chunk_000.pak.patch_055\natives/stm/streaming/character/_kit/_equipment/tops/285/bd_285_0_4_nrmr.tex.760230703 (deflate)
Wrote re_chunk_000.pak.patch_055\natives/stm/character/ch/ch57_001/ch57_001_body2_nrmr.tex.760230703 (deflate)
Wrote re_chunk_000.pak.patch_055\natives/stm/streaming/character/ch/ch29_000/ch29_000_eye_nrmr.tex.760230703 (deflate)
Wrote re_chunk_000.pak.patch_055\natives/stm/streaming/character/_kit/_equipment/helm/302/hl_302_0_0_nrmr.tex.760230703 (deflate)
Wrote re_chunk_000.pak.patch_055\natives/stm/streaming/character/_kit/head/head_215_f/head_215_f_low_nrm.tex.760230703 (deflate)
Wrote re_chunk_000.pak.patch_055\natives/stm/character/_kit/body/body_604_m/body_604_m_low_nrm.tex.760230703 (deflate)
Wrote re_chunk_000.pak.patch_055\natives/stm/character/it/it10/006/it10_006_0_0_nrmr.tex.760230703 (deflate)
Wrote re_chunk_000.pak.patch_055\natives/stm/character/_kit/_equipment/tops/534/am_534_0_0_nrmr.tex.760230703 (deflate)
Wrote re_chunk_000.pak.patch_055\natives/stm/character/_kit/_equipment/tops/246/bd_246_0_2_nrmr.tex.760230703 (deflate)
Wrote re_chunk_000.pak.patch_055\natives/stm/character/_kit/head/head_225_f/head_225_f_high_nrmr.tex.760230703 (deflate)
Wrote re_chunk_000.pak.patch_055\natives/stm/character/_kit/_equipment/mantle/008/008_ embroidery_03_nrmr.tex.760230703 (deflate)
Wrote re_chunk_000.pak.patch_055\natives/stm/streaming/character/_kit/eyebrows/eyebrows_006/eyebrows_006_skin_nrmr.tex.760230703 (deflate)
Wrote re_chunk_000.pak.patch_055\natives/stm/character/wp/wp00/016/wp00_016_0_0_nrmr.tex.760230703 (deflate)
Wrote re_chunk_000.pak.patch_055\natives/stm/character/_kit/head/head_820_f/head_820_f_high_nrmr.tex.760230703 (deflate)
Wrote re_chunk_000.pak.patch_055\natives/stm/character/_kit/_equipment/tops/510/am_510_0_0_nrmr.tex.760230703 (deflate)
Wrote re_chunk_000.pak.patch_055\natives/stm/streaming/character/_kit/_equipment/tops/220/bd_220_0_0_nrmr.tex.760230703 (deflate)
Wrote re_chunk_000.pak.patch_055\natives/stm/character/_kit/_equipment/pants/805/lg_805_0_0_nrmr.tex.760230703 (deflate)
Wrote re_chunk_000.pak.patch_055\natives/stm/character/_kit/_equipment/tops/527/am_527_0_0_nrmr.tex.760230703 (deflate)
Wrote re_chunk_000.pak.patch_055\natives/stm/character/_kit/_equipment/tops/007/bd_007_0_0_nrmr.tex.760230703 (deflate)
Wrote re_chunk_000.pak.patch_055\natives/stm/character/ch/ch20_001/helm/01/eq20_001_01_hl_1_nrmr.tex.760230703 (deflate)
Wrote re_chunk_000.pak.patch_055\natives/stm/character/_kit/_equipment/tops/211/wb_211_0_0_nrmr.tex.760230703 (deflate)
Wrote re_chunk_000.pak.patch_055\natives/stm/character/_kit/hair/hair_054/hair_054_nrmr.tex.760230703 (deflate)
Wrote re_chunk_000.pak.patch_055\natives/stm/character/ch/ch26_000/eq26_000_05/eq26_000_05_1_nrmr.tex.760230703 (deflate)
Wrote re_chunk_000.pak.patch_055\natives/stm/streaming/character/_kit/head/head_206_m/head_206_m_high_nrmr.tex.760230703 (deflate)
Wrote re_chunk_000.pak.patch_055\natives/stm/character/_kit/_equipment/tops/001/wb_001_0_1_nrmr.tex.760230703 (deflate)
Wrote re_chunk_000.pak.patch_055\natives/stm/character/ch/ch20_001/wp20_001_80/wp20_001_80_0_nrmr.tex.760230703 (deflate)
Wrote re_chunk_000.pak.patch_055\natives/stm/character/ch/ch51_001/ch51_001_head_nrmr.tex.760230703 (deflate)
Wrote re_chunk_000.pak.patch_055\natives/stm/streaming/character/wp/wp01/002/wp01_002_0_1_nrmr.tex.760230703 (deflate)
Wrote re_chunk_000.pak.patch_055\natives/stm/streaming/character/_kit/_equipment/helm/037/hl_037_0_0_nrmr.tex.760230703 (deflate)
Wrote re_chunk_000.pak.patch_055\natives/stm/character/_kit/_equipment/tops/277/am_277_0_1_nrmr.tex.760230703 (deflate)
Wrote re_chunk_000.pak.patch_055\natives/stm/character/_kit/body/body_601_f/hand_601_f_high_nrmr.tex.760230703 (deflate)
Wrote re_chunk_000.pak.patch_055\natives/stm/character/_kit/_equipment/pants/220/wl_220_0_0_nrmr.tex.760230703 (deflate)
Wrote re_chunk_000.pak.patch_055\natives/stm/character/_kit/_equipment/tops/008/wb_008_0_0_nrmr.tex.760230703 (deflate)
Wrote re_chunk_000.pak.patch_055\natives/stm/streaming/character/ch/ch26_000/eq26_000_03/eq26_000_03_4_nrmr.tex.760230703 (deflate)
Wrote re_chunk_000.pak.patch_055\natives/stm/streaming/character/_kit/_equipment/helm/611/hl_611_0_0_nrmr.tex.760230703 (deflate)
Wrote re_chunk_000.pak.patch_055\natives/stm/character/_kit/head/head_207_f/head_207_f_low_nrm.tex.760230703 (deflate)
Wrote re_chunk_000.pak.patch_055\natives/stm/streaming/character/_kit/_equipment/tops/817/bd_817_0_0_nrmr.tex.760230703 (deflate)
Wrote re_chunk_000.pak.patch_055\natives/stm/character/_kit/head/head_205_f/head_205_f_high_nrmr.tex.760230703 (deflate)
Wrote re_chunk_000.pak.patch_055\natives/stm/streaming/character/_kit/_equipment/tops/518/am_518_0_0_nrmr.tex.760230703 (deflate)
Wrote re_chunk_000.pak.patch_055\natives/stm/character/_kit/head/head_602_m/head_602_m_high_nrmr.tex.760230703 (deflate)
Wrote re_chunk_000.pak.patch_055\natives/stm/character/ch/ch29_001/ch29_001_mantle_nrmr.tex.760230703 (deflate)
Wrote re_chunk_000.pak.patch_055\natives/stm/streaming/character/_kit/_equipment/tops/002/bd_002_0_4_nrmr.tex.760230703 (deflate)
Wrote re_chunk_000.pak.patch_055\natives/stm/character/_kit/_equipment/pants/045/lg_045_0_1_nrmr.tex.760230703 (deflate)
Wrote re_chunk_000.pak.patch_055\natives/stm/streaming/character/_kit/_equipment/tops/051/am_051_0_1_nrmr.tex.760230703 (deflate)
Wrote re_chunk_000.pak.patch_055\natives/stm/streaming/character/_kit/_equipment/pants/211/lg_211_0_0_nrmr.tex.760230703 (deflate)
Wrote re_chunk_000.pak.patch_055\natives/stm/character/_kit/hair/hair_021/hair_021_fake_nrmr.tex.760230703 (deflate)
Wrote re_chunk_000.pak.patch_055\natives/stm/character/_kit/_equipment/pants/607/lg_607_0_0_nrmr.tex.760230703 (deflate)
Wrote re_chunk_000.pak.patch_055\natives/stm/streaming/character/_kit/_equipment/pants/537/wl_537_0_0_nrmr.tex.760230703 (deflate)
Wrote re_chunk_000.pak.patch_055\natives/stm/streaming/character/_kit/_equipment/helm/049/hl_049_0_0_nrmr.tex.760230703 (deflate)
Wrote re_chunk_000.pak.patch_055\natives/stm/streaming/character/_kit/_equipment/helm/632/hl_632_0_0_nrmr.tex.760230703 (deflate)
Wrote re_chunk_000.pak.patch_055\natives/stm/character/_kit/_equipment/tops/004/bd_004_0_0_nrmr.tex.760230703 (deflate)
Wrote re_chunk_000.pak.patch_055\natives/stm/character/wp/wp06/009/wp06_009_0_0_nrmr.tex.760230703 (deflate)
Wrote re_chunk_000.pak.patch_055\natives/stm/streaming/character/_kit/body/body_212_m/hand_212_m_high_nrmr.tex.760230703 (deflate)
Wrote re_chunk_000.pak.patch_055\natives/stm/character/ch/ch20_001/wp20_001_21/wp20_001_21_0_0_nrmr.tex.760230703 (deflate)
Wrote re_chunk_000.pak.patch_055\natives/stm/character/_kit/_equipment/tops/628/wb_628_0_0_nrmr.tex.760230703 (deflate)
Wrote re_chunk_000.pak.patch_055\natives/stm/character/_kit/_equipment/tops/232/bd_232_0_0_nrmr.tex.760230703 (deflate)
Wrote re_chunk_000.pak.patch_055\natives/stm/streaming/character/_kit/_equipment/tops/023/am_023_0_0_nrmr.tex.760230703 (deflate)
Wrote re_chunk_000.pak.patch_055\natives/stm/character/wp/wp10/005/wp10_005_0_0_nrmr.tex.760230703 (deflate)
Wrote re_chunk_000.pak.patch_055\natives/stm/character/_kit/eyebrows/eyebrows_004/eyebrows_004_skin_nrmr.tex.760230703 (deflate)
Wrote re_chunk_000.pak.patch_055\natives/stm/streaming/character/ch/ch20_003/wp20_003_00/wp20_003_00_1_nrmr.tex.760230703 (deflate)
Wrote re_chunk_000.pak.patch_055\natives/stm/environment/textures/tx_111_nrmr.tex.760230703 (deflate)
Wrote re_chunk_000.pak.patch_055\natives/stm/streaming/character/_kit/_equipment/tops/614/am_614_0_0_nrmr.tex.760230703 (deflate)
Wrote re_chunk_000.pak.patch_055\natives/stm/character/_kit/_equipment/tops/051/bd_051_0_3_nrmr.tex.760230703 (deflate)
Wrote re_chunk_000.pak.patch_055\natives/stm/streaming/character/ch/ch57_001/ch57_001_body2_nrmr.tex.760230703 (deflate)
Wrote re_chunk_000.pak.patch_055\natives/stm/streaming/character/_kit/_equipment/tops/048/wb_048_0_0_nrmr.tex.760230703 (deflate)
Wrote re_chunk_000.pak.patch_055\natives/stm/character/_kit/_equipment/tops/519/wb_519_0_0_nrmr.tex.760230703 (deflate)
Wrote re_chunk_000.pak.patch_055\natives/stm/streaming/character/_kit/_equipment/pants/211/lg_211_0_1_nrmr.tex.760230703 (deflate)
Wrote re_chunk_000.pak.patch_055\natives/stm/streaming/character/ch/ch54_001/ch54_001_body1_nrmr.tex.760230703 (deflate)
Wrote re_chunk_000.pak.patch_055\natives/stm/character/_kit/_equipment/backpack/backpack_500/backpack_500_0_5_nrmr.tex.760230703 (deflate)
Wrote re_chunk_000.pak.patch_055\natives/stm/vfx/texture/decal/13_stonedecal_000_05_nrmr.tex.760230703 (deflate)
Wrote re_chunk_000.pak.patch_055\natives/stm/character/_kit/head/head_205_m/head_205_m_low_nrm.tex.760230703 (deflate)
Wrote re_chunk_000.pak.patch_055\natives/stm/streaming/character/wp/wp07/005/wp07_005_0_0_nrmr.tex.760230703 (deflate)
Wrote re_chunk_000.pak.patch_055\natives/stm/character/_kit/body/body_604_m/body_604_m_high_nrmr.tex.760230703 (deflate)
Wrote re_chunk_000.pak.patch_055\natives/stm/character/_kit/_equipment/_common/bt_005_0_0_nrmr.tex.760230703 (deflate)
Wrote re_chunk_000.pak.patch_055\natives/stm/streaming/character/_kit/body/body_222_m/hand_222_m_high_nrmr.tex.760230703 (deflate)
Wrote re_chunk_000.pak.patch_055\natives/stm/streaming/character/ch/ch58_001/ch58_001_wing2_nrmr.tex.760230703 (deflate)
Wrote re_chunk_000.pak.patch_055\natives/stm/streaming/character/_kit/body/body_004_f/body_004_f_low_nrm.tex.760230703 (deflate)
Wrote re_chunk_000.pak.patch_055\natives/stm/character/_kit/body/body_213_m/hand_213_m_high_nrmr.tex.760230703 (deflate)
Wrote re_chunk_000.pak.patch_055\natives/stm/character/_kit/_equipment/tops/255/tops_255_bd_nrmr.tex.760230703 (deflate)
Wrote re_chunk_000.pak.patch_055\natives/stm/streaming/character/ch/ch21_001/ch21_001_eyeflatten_nrmr.tex.760230703 (deflate)
Wrote re_chunk_000.pak.patch_055\natives/stm/streaming/character/_kit/_equipment/mantle/828/mt_828_0_1_nrmr.tex.760230703 (deflate)
Wrote re_chunk_000.pak.patch_055\natives/stm/streaming/character/wp/wp07/007/wp07_007_0_0_nrmr.tex.760230703 (deflate)
Wrote re_chunk_000.pak.patch_055\natives/stm/character/wp/wp02/008/wp02_008_0_0_nrmr.tex.760230703 (deflate)
Wrote re_chunk_000.pak.patch_055\natives/stm/character/_kit/body/body_600_m/hand_600_m_high_nrmr.tex.760230703 (deflate)
Wrote re_chunk_000.pak.patch_055\natives/stm/streaming/character/_kit/_equipment/tops/253/bd_253_0_0_nrmr.tex.760230703 (deflate)
Wrote re_chunk_000.pak.patch_055\natives/stm/streaming/character/ch/ch52_000/ch52_000_body2_nrmr.tex.760230703 (deflate)
Wrote re_chunk_000.pak.patch_055\natives/stm/character/_kit/_equipment/_common/bt_006_0_1_nrmr.tex.760230703 (deflate)
Wrote re_chunk_000.pak.patch_055\natives/stm/streaming/character/_kit/_equipment/tops/020/bd_020_0_0_nrmr.tex.760230703 (deflate)
Wrote re_chunk_000.pak.patch_055\natives/stm/streaming/character/_kit/_equipment/helm/052/hl_052_0_0_nrmr.tex.760230703 (deflate)
Wrote re_chunk_000.pak.patch_055\natives/stm/streaming/character/wp/wp08/000/wp08_000_0_0_nrmr.tex.760230703 (deflate)
Wrote re_chunk_000.pak.patch_055\natives/stm/character/ch/ch26_000/wp26_000_02/wp26_000_02_0_nrmr.tex.760230703 (deflate)
Wrote re_chunk_000.pak.patch_055\natives/stm/streaming/character/_kit/head/head_206_m/head_206_m_low_nrm.tex.760230703 (deflate)
Wrote re_chunk_000.pak.patch_055\natives/stm/character/ch/ch40_000/ch40_000_body_nrmr.tex.760230703 (deflate)
Wrote re_chunk_000.pak.patch_055\natives/stm/streaming/character/_kit/_equipment/tops/049/bd_049_0_4_nrmr.tex.760230703 (deflate)
Wrote re_chunk_000.pak.patch_055\natives/stm/streaming/character/_kit/_equipment/tops/803/bd_803_0_2_nrmr.tex.760230703 (deflate)
Wrote re_chunk_000.pak.patch_055\natives/stm/character/wp/wp07/000/wp07_000_0_0_nrmr.tex.760230703 (deflate)
Wrote re_chunk_000.pak.patch_055\natives/stm/character/_kit/hair/hair_002/hair_002_fake_nrmr.tex.760230703 (deflate)
Wrote re_chunk_000.pak.patch_055\natives/stm/streaming/character/_kit/_equipment/tops/813/bd_813_0_0_nrmr.tex.760230703 (deflate)
Wrote re_chunk_000.pak.patch_055\natives/stm/character/_kit/_equipment/tops/035/wb_035_0_2_f_nrmr.tex.760230703 (deflate)
Wrote re_chunk_000.pak.patch_055\natives/stm/character/_kit/body/body_002_m/body_002_m_low_nrm.tex.760230703 (deflate)
Wrote re_chunk_000.pak.patch_055\natives/stm/character/_kit/_equipment/tops/001/am_001_0_0_nrmr.tex.760230703 (deflate)
Wrote re_chunk_000.pak.patch_055\natives/stm/streaming/character/_kit/_equipment/tops/039/bd_039_0_4_nrmr.tex.760230703 (deflate)
Wrote re_chunk_000.pak.patch_055\natives/stm/streaming/character/_kit/head/head_217_f/head_217_f_high_nrmr.tex.760230703 (deflate)
Wrote re_chunk_000.pak.patch_055\natives/stm/streaming/character/ch/ch28_000/body/body_900_f/hand_900_f_nrmr.tex.760230703 (deflate)
Wrote re_chunk_000.pak.patch_055\natives/stm/character/_kit/_equipment/tops/512/wb_512_0_0_nrmr.tex.760230703 (deflate)
Wrote re_chunk_000.pak.patch_055\natives/stm/streaming/character/_kit/_equipment/helm/516/hl_516_0_0_nrmr.tex.760230703 (deflate)
Wrote re_chunk_000.pak.patch_055\natives/stm/character/_kit/head/head_219_f/head_219_f_high_nrmr.tex.760230703 (deflate)
Wrote re_chunk_000.pak.patch_055\natives/stm/character/ch/ch26_000/eq26_000_05/eq26_000_05_5_nrmr.tex.760230703 (deflate)
Wrote re_chunk_000.pak.patch_055\natives/stm/character/it/it10/030/it10_030_nrmr.tex.760230703 (deflate)
Wrote re_chunk_000.pak.patch_055\natives/stm/character/_kit/body/body_001_m/hand_001_m_high_nrmr.tex.760230703 (deflate)
Wrote re_chunk_000.pak.patch_055\natives/stm/streaming/character/_kit/_equipment/tops/025/am_025_0_1_nrmr.tex.760230703 (deflate)
Wrote re_chunk_000.pak.patch_055\natives/stm/streaming/character/_kit/body/body_222_m/hand_222_m_low_nrm.tex.760230703 (deflate)
Wrote re_chunk_000.pak.patch_055\natives/stm/streaming/character/_kit/hair/hair_056/hair_056_fake_nrmr.tex.760230703 (deflate)
Wrote re_chunk_000.pak.patch_055\natives/stm/character/_kit/body/body_207_f/body_207_f_low_nrm.tex.760230703 (deflate)
Wrote re_chunk_000.pak.patch_055\natives/stm/streaming/character/_kit/_equipment/mantle/017/mt_017_0_0_nrmr.tex.760230703 (deflate)
Wrote re_chunk_000.pak.patch_055\natives/stm/character/wp/wp06/002/wp06_002_0_0_nrmr.tex.760230703 (deflate)
Wrote re_chunk_000.pak.patch_055\natives/stm/character/ch/ch59_000/ch59_000_body2_nrmr.tex.760230703 (deflate)
Wrote re_chunk_000.pak.patch_055\natives/stm/streaming/character/_kit/body/body_200_f/body_200_f_low_nrm.tex.760230703 (deflate)
Wrote re_chunk_000.pak.patch_055\natives/stm/streaming/character/_kit/hair/hair_061/haircap_061_nrmr.tex.760230703 (deflate)
Wrote re_chunk_000.pak.patch_055\natives/stm/character/_kit/_equipment/pants/017/lg_017_0_0_nrmr.tex.760230703 (deflate)
Wrote re_chunk_000.pak.patch_055\natives/stm/character/ch/ch52_000/ch52_000_body1_nrmr.tex.760230703 (deflate)
Wrote re_chunk_000.pak.patch_055\natives/stm/streaming/character/_kit/_equipment/pants/020/lg_020_0_0_nrmr.tex.760230703 (deflate)
Wrote re_chunk_000.pak.patch_055\natives/stm/character/_kit/_equipment/tops/003/wb_003_0_1_nrmr.tex.760230703 (deflate)
Wrote re_chunk_000.pak.patch_055\natives/stm/character/_kit/body/body_226_f/hand_226_f_low_nrm.tex.760230703 (deflate)
Wrote re_chunk_000.pak.patch_055\natives/stm/streaming/character/_kit/_equipment/helm/001/hl_001_0_0_nrmr.tex.760230703 (deflate)
Wrote re_chunk_000.pak.patch_055\natives/stm/streaming/character/ch/ch22_000/ch22_000_eye_nrmr.tex.760230703 (deflate)
Wrote re_chunk_000.pak.patch_055\natives/stm/character/wp/wp03/017/wp03_017_0_0_nrmr.tex.760230703 (deflate)
Wrote re_chunk_000.pak.patch_055\natives/stm/character/ch/ch22_003/ch22_003_feather_nrmr.tex.760230703 (deflate)
Wrote re_chunk_000.pak.patch_055\natives/stm/streaming/character/ch/ch51_001/ch51_001_longfur_nrmr.tex.760230703 (deflate)
Wrote re_chunk_000.pak.patch_055\natives/stm/character/_kit/_equipment/tops/009/bd_009_0_2_nrmr.tex.760230703 (deflate)
Wrote re_chunk_000.pak.patch_055\natives/stm/streaming/character/wp/wp02/003/wp02_003_0_0_nrmr.tex.760230703 (deflate)
Wrote re_chunk_000.pak.patch_055\natives/stm/streaming/character/_kit/body/body_200_f/hand_200_f_low_nrm.tex.760230703 (deflate)
Wrote re_chunk_000.pak.patch_055\natives/stm/streaming/character/_kit/_equipment/backpack/backpack_500/backpack_500_0_3_nrmr.tex.760230703 (deflate)
Wrote re_chunk_000.pak.patch_055\natives/stm/streaming/character/_kit/_equipment/tops/237/bd_237_0_1_nrmr.tex.760230703 (deflate)
Wrote re_chunk_000.pak.patch_055\natives/stm/character/ch/ch53_001/ch53_001_bodyfeather_nrmr.tex.760230703 (deflate)
Wrote re_chunk_000.pak.patch_055\natives/stm/character/ch/ch99_600/ch99_600_body_a_nrmr.tex.760230703 (deflate)
Wrote re_chunk_000.pak.patch_055\natives/stm/character/_kit/_equipment/tops/210/bd_210_0_4_nrmr.tex.760230703 (deflate)
Wrote re_chunk_000.pak.patch_055\natives/stm/character/wp/wp02/011/wp02_011_0_0_nrmr.tex.760230703 (deflate)
Wrote re_chunk_000.pak.patch_055\natives/stm/character/_kit/_equipment/helm/279/hl_279_0_1_nrmr.tex.760230703 (deflate)
Wrote re_chunk_000.pak.patch_055\natives/stm/character/wp/wp06/012/wp06_012_0_0_nrmr.tex.760230703 (deflate)
Wrote re_chunk_000.pak.patch_055\natives/stm/streaming/character/_kit/_equipment/tops/042/bd_042_0_0_nrmr.tex.760230703 (deflate)
Wrote re_chunk_000.pak.patch_055\natives/stm/character/wp/wp03/016/wp03_016_0_0_nrmr.tex.760230703 (deflate)
Wrote re_chunk_000.pak.patch_055\natives/stm/character/_kit/_equipment/tops/804/804_embroidery_03_nrmr.tex.760230703 (deflate)
Wrote re_chunk_000.pak.patch_055\natives/stm/streaming/character/_kit/beard/beard_132/beard_132_fake_nrmr.tex.760230703 (deflate)
Wrote re_chunk_000.pak.patch_055\natives/stm/character/_kit/body/body_215_m/body_215_m_high_nrmr.tex.760230703 (deflate)
Wrote re_chunk_000.pak.patch_055\natives/stm/character/_kit/body/body_605_m/body_605_m_low_nrm.tex.760230703 (deflate)
Wrote re_chunk_000.pak.patch_055\natives/stm/character/_kit/head/head_003_f/head_003_f_high_nrmr.tex.760230703 (deflate)
Wrote re_chunk_000.pak.patch_055\natives/stm/character/ch/ch26_000/wp26_000_04/wp26_000_04_0_nrmr.tex.760230703 (deflate)
Wrote re_chunk_000.pak.patch_055\natives/stm/streaming/character/_kit/special_scar/special_scar_000/special_scar_000_body_m_nrmr.tex.760230703 (deflate)
Wrote re_chunk_000.pak.patch_055\natives/stm/character/_kit/head/head_206_f/head_206_f_low_nrm.tex.760230703 (deflate)
Wrote re_chunk_000.pak.patch_055\natives/stm/character/_kit/body/body_226_f/hand_226_f_high_nrmr.tex.760230703 (deflate)
Wrote re_chunk_000.pak.patch_055\natives/stm/streaming/character/_kit/_equipment/tops/266/am_266_0_1_nrmr.tex.760230703 (deflate)
Wrote re_chunk_000.pak.patch_055\natives/stm/streaming/character/_kit/hair/hair_052/hair_052_nrmr.tex.760230703 (deflate)
Wrote re_chunk_000.pak.patch_055\natives/stm/streaming/character/_kit/head/head_203_f/head_203_f_high_nrmr.tex.760230703 (deflate)
Wrote re_chunk_000.pak.patch_055\natives/stm/streaming/character/_kit/_equipment/tops/239/bd_239_0_0_nrmr.tex.760230703 (deflate)
Wrote re_chunk_000.pak.patch_055\natives/stm/streaming/character/_kit/_equipment/tops/266/am_266_0_0_nrmr.tex.760230703 (deflate)
Wrote re_chunk_000.pak.patch_055\natives/stm/character/_kit/_equipment/tops/506/bd_506_0_10_nrmr.tex.760230703 (deflate)
Wrote re_chunk_000.pak.patch_055\natives/stm/streaming/character/_kit/_equipment/helm/033/hl_033_0_0_nrmr.tex.760230703 (deflate)
Wrote re_chunk_000.pak.patch_055\natives/stm/streaming/character/_kit/body/body_208_f/body_208_f_low_nrm.tex.760230703 (deflate)
Wrote re_chunk_000.pak.patch_055\natives/stm/character/ch/ch20_000/ch20_000_eye_nrmr.tex.760230703 (deflate)
Wrote re_chunk_000.pak.patch_055\natives/stm/character/wp/wp03/015/wp03_015_0_0_nrmr.tex.760230703 (deflate)
Wrote re_chunk_000.pak.patch_055\natives/stm/character/ch/ch58_001/ch58_001_neck_nrmr.tex.760230703 (deflate)
Wrote re_chunk_000.pak.patch_055\natives/stm/streaming/character/_kit/special_scar/special_scar_000/special_scar_000_body_f_nrmr.tex.760230703 (deflate)
Wrote re_chunk_000.pak.patch_055\natives/stm/character/_kit/_equipment/tops/004/bd_004_0_1_nrmr.tex.760230703 (deflate)
Wrote re_chunk_000.pak.patch_055\natives/stm/streaming/character/ch/ch56_001/ch56_001_body_nrmr.tex.760230703 (deflate)
Wrote re_chunk_000.pak.patch_055\natives/stm/character/_kit/head/head_227_f/head_227_f_low_nrm.tex.760230703 (deflate)
Wrote re_chunk_000.pak.patch_055\natives/stm/streaming/character/ch/ch54_001/ch54_001_eye1_nrmr.tex.760230703 (deflate)
Wrote re_chunk_000.pak.patch_055\natives/stm/streaming/character/_kit/_equipment/helm/278/hl_278_0_0_nrmr.tex.760230703 (deflate)
Wrote re_chunk_000.pak.patch_055\natives/stm/character/_kit/_equipment/tops/276/bd_276_0_0_nrmr.tex.760230703 (deflate)
Wrote re_chunk_000.pak.patch_055\natives/stm/character/_kit/_equipment/tops/011/bd_011_0_4_nrmr.tex.760230703 (deflate)
Wrote re_chunk_000.pak.patch_055\natives/stm/character/_kit/body/body_821_f/hand_821_f_high_nrmr.tex.760230703 (deflate)
Wrote re_chunk_000.pak.patch_055\natives/stm/character/wp/wp04/011/wp04_011_0_0_nrmr.tex.760230703 (deflate)
Wrote re_chunk_000.pak.patch_055\natives/stm/streaming/character/_kit/body/body_217_f/body_217_f_low_nrm.tex.760230703 (deflate)
Wrote re_chunk_000.pak.patch_055\natives/stm/character/_kit/_equipment/tops/622/wb_622_0_0_nrmr.tex.760230703 (deflate)
Wrote re_chunk_000.pak.patch_055\natives/stm/character/_kit/_equipment/tops/803/bd_803_0_2_nrmr.tex.760230703 (deflate)
Wrote re_chunk_000.pak.patch_055\natives/stm/character/_kit/body/body_214_f/hand_214_f_low_nrm.tex.760230703 (deflate)
Wrote re_chunk_000.pak.patch_055\natives/stm/streaming/character/ch/ch20_000/ch20_000_eye_nrmr.tex.760230703 (deflate)
Wrote re_chunk_000.pak.patch_055\natives/stm/streaming/character/_kit/_equipment/helm/523/hl_523_0_0_nrmr.tex.760230703 (deflate)
Wrote re_chunk_000.pak.patch_055\natives/stm/streaming/character/it/it10/026/it10_026_nrmr.tex.760230703 (deflate)
Wrote re_chunk_000.pak.patch_055\natives/stm/character/_kit/_equipment/pants/003/lg_003_0_0_nrmr.tex.760230703 (deflate)
Wrote re_chunk_000.pak.patch_055\natives/stm/streaming/character/_kit/body/body_602_f/hand_602_f_low_nrm.tex.760230703 (deflate)
Wrote re_chunk_000.pak.patch_055\natives/stm/streaming/character/_kit/_equipment/tops/315/wb_315_0_1_nrmr.tex.760230703 (deflate)
Wrote re_chunk_000.pak.patch_055\natives/stm/streaming/character/_kit/_equipment/tops/810/bd_810_0_2_nrmr.tex.760230703 (deflate)
Wrote re_chunk_000.pak.patch_055\natives/stm/streaming/character/_kit/_equipment/lantern/lantern_000/lantern_000_nrmr.tex.760230703 (deflate)
Wrote re_chunk_000.pak.patch_055\natives/stm/streaming/character/_kit/body/body_004_m/body_004_m_low_nrm.tex.760230703 (deflate)
Wrote re_chunk_000.pak.patch_055\natives/stm/character/_kit/body/body_202_m/hand_202_m_low_nrm.tex.760230703 (deflate)
Wrote re_chunk_000.pak.patch_055\natives/stm/character/wp/wp03/004/wp03_004_0_0_nrmr.tex.760230703 (deflate)
Wrote re_chunk_000.pak.patch_055\natives/stm/streaming/character/_kit/_equipment/pants/253/wl_253_0_0_nrmr.tex.760230703 (deflate)
Wrote re_chunk_000.pak.patch_055\natives/stm/character/_kit/_equipment/tops/614/am_614_0_0_nrmr.tex.760230703 (deflate)
Wrote re_chunk_000.pak.patch_055\natives/stm/streaming/character/ch/ch21_002/ch21_002_body_nrmr.tex.760230703 (deflate)
Wrote re_chunk_000.pak.patch_055\natives/stm/character/_kit/head/head_217_f/head_217_f_low_nrm.tex.760230703 (deflate)
Wrote re_chunk_000.pak.patch_055\natives/stm/character/_kit/body/body_204_f/hand_204_f_high_nrmr.tex.760230703 (deflate)
Wrote re_chunk_000.pak.patch_055\natives/stm/streaming/character/_kit/_equipment/tops/038/bd_038_0_0_nrmr.tex.760230703 (deflate)
Wrote re_chunk_000.pak.patch_055\natives/stm/character/_kit/_equipment/helm/631/hl_631_0_0_nrmr.tex.760230703 (deflate)
Wrote re_chunk_000.pak.patch_055\natives/stm/character/_kit/body/body_225_f/hand_225_f_low_nrm.tex.760230703 (deflate)
Wrote re_chunk_000.pak.patch_055\natives/stm/character/ch/ch28_000/head/head_902_m/teeth_902_m_nrmr.tex.760230703 (deflate)
Wrote re_chunk_000.pak.patch_055\natives/stm/streaming/character/_kit/_equipment/tops/005/wb_005_0_0_nrmr.tex.760230703 (deflate)
Wrote re_chunk_000.pak.patch_055\natives/stm/streaming/character/wp/wp07/006/wp07_006_0_0_nrmr.tex.760230703 (deflate)
Wrote re_chunk_000.pak.patch_055\natives/stm/streaming/character/_kit/_equipment/tops/210/210_embroidery_00_nrmr.tex.760230703 (deflate)
Wrote re_chunk_000.pak.patch_055\natives/stm/streaming/character/_kit/_equipment/helm/032/hl_032_0_0_nrmr.tex.760230703 (deflate)
Wrote re_chunk_000.pak.patch_055\natives/stm/character/wp/wp04/050/wp04_050_0_0_nrmr.tex.760230703 (deflate)
Wrote re_chunk_000.pak.patch_055\natives/stm/streaming/character/_kit/beard/beard_110/beard_110_fake_nrmr.tex.760230703 (deflate)
Wrote re_chunk_000.pak.patch_055\natives/stm/character/_kit/_equipment/tops/022/bd_022_embroidery_nrmr.tex.760230703 (deflate)
Wrote re_chunk_000.pak.patch_055\natives/stm/character/_kit/_equipment/tops/045/bd_045_0_2_nrmr.tex.760230703 (deflate)
Wrote re_chunk_000.pak.patch_055\natives/stm/character/_kit/_equipment/tops/035/wb_035_0_0_f_nrmr.tex.760230703 (deflate)
Wrote re_chunk_000.pak.patch_055\natives/stm/streaming/character/_kit/_equipment/helm/021/hl_021_0_0_nrmr.tex.760230703 (deflate)
Wrote re_chunk_000.pak.patch_055\natives/stm/character/wp/wp06/013/wp06_013_0_0_nrmr.tex.760230703 (deflate)
Wrote re_chunk_000.pak.patch_055\natives/stm/streaming/character/_kit/_equipment/tops/808/bd_808_0_0_nrmr.tex.760230703 (deflate)
Wrote re_chunk_000.pak.patch_055\natives/stm/streaming/character/_kit/_equipment/tops/045/wb_045_0_1_nrmr.tex.760230703 (deflate)
Wrote re_chunk_000.pak.patch_055\natives/stm/character/_kit/_equipment/pants/035/wl_035_0_0_m_nrmr.tex.760230703 (deflate)
Wrote re_chunk_000.pak.patch_055\natives/stm/streaming/character/_kit/_equipment/tops/539/wb_539_0_0_nrmr.tex.760230703 (deflate)
Wrote re_chunk_000.pak.patch_055\natives/stm/streaming/character/_kit/body/body_601_f/body_601_f_high_nrmr.tex.760230703 (deflate)
Wrote re_chunk_000.pak.patch_055\natives/stm/character/_kit/_equipment/helm/039/hl_039_0_0_nrmr.tex.760230703 (deflate)
Wrote re_chunk_000.pak.patch_055\natives/stm/character/_kit/_equipment/pants/531/lg_531_0_0_nrmr.tex.760230703 (deflate)
Wrote re_chunk_000.pak.patch_055\natives/stm/streaming/character/_kit/_equipment/pants/510/lg_510_0_0_nrmr.tex.760230703 (deflate)
Wrote re_chunk_000.pak.patch_055\natives/stm/streaming/character/_kit/head/head_227_f/head_227_f_high_nrmr.tex.760230703 (deflate)
Wrote re_chunk_000.pak.patch_055\natives/stm/streaming/character/_kit/body/body_209_f/body_209_f_low_nrm.tex.760230703 (deflate)
Wrote re_chunk_000.pak.patch_055\natives/stm/streaming/character/_kit/_equipment/tops/021/bd_021_0_4_nrmr.tex.760230703 (deflate)
Wrote re_chunk_000.pak.patch_055\natives/stm/character/ch/ch20_003/mantle/04/eq20_003_04_mt_1_nrmr.tex.760230703 (deflate)
Wrote re_chunk_000.pak.patch_055\natives/stm/streaming/character/_kit/_equipment/tops/211/bd_211_0_4_nrmr.tex.760230703 (deflate)
Wrote re_chunk_000.pak.patch_055\natives/stm/streaming/character/wp/wp09/001/wp09_001_0_0_nrmr.tex.760230703 (deflate)
Wrote re_chunk_000.pak.patch_055\natives/stm/streaming/character/_kit/body/body_003_m/hand_003_m_low_nrm.tex.760230703 (deflate)
Wrote re_chunk_000.pak.patch_055\natives/stm/character/_kit/_equipment/tops/812/bd_812_0_0_nrmr.tex.760230703 (deflate)
Wrote re_chunk_000.pak.patch_055\natives/stm/character/_kit/body/body_209_f/hand_209_f_low_nrm.tex.760230703 (deflate)
Wrote re_chunk_000.pak.patch_055\natives/stm/streaming/character/ch/ch52_010/ch52_010_head_nrmr.tex.760230703 (deflate)
Wrote re_chunk_000.pak.patch_055\natives/stm/character/_kit/_equipment/tops/006/bd_006_0_0_nrmr.tex.760230703 (deflate)
Wrote re_chunk_000.pak.patch_055\natives/stm/streaming/character/_kit/_equipment/tops/823/wb_823_0_0_nrmr.tex.760230703 (deflate)
Wrote re_chunk_000.pak.patch_055\natives/stm/character/_kit/_equipment/pants/222/wl_222_0_0_nrmr.tex.760230703 (deflate)
Wrote re_chunk_000.pak.patch_055\natives/stm/character/ch/ch23_000/ch23_000_eyeflatten_nrmr.tex.760230703 (deflate)
Wrote re_chunk_000.pak.patch_055\natives/stm/character/_kit/head/head_210_f/head_210_f_low_nrm.tex.760230703 (deflate)
Wrote re_chunk_000.pak.patch_055\natives/stm/character/_kit/_equipment/tops/506/wb_506_0_0_nrmr.tex.760230703 (deflate)
Wrote re_chunk_000.pak.patch_055\natives/stm/character/_kit/body/body_601_f/body_601_f_low_nrm.tex.760230703 (deflate)
Wrote re_chunk_000.pak.patch_055\natives/stm/character/_kit/_equipment/tops/309/am_309_0_1_nrmr.tex.760230703 (deflate)
Wrote re_chunk_000.pak.patch_055\natives/stm/streaming/character/_kit/_equipment/tops/614/bd_614_0_0_nrmr.tex.760230703 (deflate)
Wrote re_chunk_000.pak.patch_055\natives/stm/character/_kit/_equipment/helm/301/hl_301_0_0_nrmr.tex.760230703 (deflate)
Wrote re_chunk_000.pak.patch_055\natives/stm/character/_kit/head/head_218_f/head_218_f_low_nrm.tex.760230703 (deflate)
Wrote re_chunk_000.pak.patch_055\natives/stm/streaming/character/ch/ch20_001/wp20_001_04/wp20_001_04_0_nrmr.tex.760230703 (deflate)
Wrote re_chunk_000.pak.patch_055\natives/stm/character/_kit/_equipment/pants/003/wl_003_0_0_nrmr.tex.760230703 (deflate)
Wrote re_chunk_000.pak.patch_055\natives/stm/character/_kit/body/body_221_m/body_221_m_high_nrmr.tex.760230703 (deflate)
Wrote re_chunk_000.pak.patch_055\natives/stm/character/ch/ch26_000/wp26_000_07/wp26_000_07_0_nrmr.tex.760230703 (deflate)
Wrote re_chunk_000.pak.patch_055\natives/stm/character/_kit/_equipment/tops/236/bd_236_0_2_nrmr.tex.760230703 (deflate)
Wrote re_chunk_000.pak.patch_055\natives/stm/character/_kit/hair/hair_004/hair_004_nrmr.tex.760230703 (deflate)
Wrote re_chunk_000.pak.patch_055\natives/stm/streaming/character/_kit/_equipment/helm/512/hl_512_0_0_nrmr.tex.760230703 (deflate)
Wrote re_chunk_000.pak.patch_055\natives/stm/character/_kit/body/body_607_f/hand_607_f_high_nrmr.tex.760230703 (deflate)
Wrote re_chunk_000.pak.patch_055\natives/stm/streaming/character/wp/wp07/014/wp07_014_0_0_nrmr.tex.760230703 (deflate)
Wrote re_chunk_000.pak.patch_055\natives/stm/streaming/character/ch/ch20_001/wp20_001_01/wp20_001_01_0_nrmr.tex.760230703 (deflate)
Wrote re_chunk_000.pak.patch_055\natives/stm/character/_kit/hair/hair_804/crown_804_nrmr.tex.760230703 (deflate)
Wrote re_chunk_000.pak.patch_055\natives/stm/streaming/character/_kit/body/body_611_m/hand_611_m_low_nrm.tex.760230703 (deflate)
Wrote re_chunk_000.pak.patch_055\natives/stm/streaming/character/wp/wp11/005/wp11_005_nrmr.tex.760230703 (deflate)
Wrote re_chunk_000.pak.patch_055\natives/stm/streaming/character/ch/ch57_001/ch57_001_eye_nrmr.tex.760230703 (deflate)
Wrote re_chunk_000.pak.patch_055\natives/stm/character/_kit/_equipment/tops/811/embroidery_811_0_nrmr.tex.760230703 (deflate)
Wrote re_chunk_000.pak.patch_055\natives/stm/character/_kit/head/head_604_f/head_604_f_high_nrmr.tex.760230703 (deflate)
Wrote re_chunk_000.pak.patch_055\natives/stm/streaming/character/_kit/_equipment/tops/515/wb_515_0_0_nrmr.tex.760230703 (deflate)
Wrote re_chunk_000.pak.patch_055\natives/stm/character/_kit/_equipment/helm/211/hl_211_0_0_nrmr.tex.760230703 (deflate)
Wrote re_chunk_000.pak.patch_055\natives/stm/streaming/character/_kit/_equipment/tops/017/am_017_0_0_nrmr.tex.760230703 (deflate)
Wrote re_chunk_000.pak.patch_055\natives/stm/character/ch/ch21_000/ch21_000_eye_nrmr.tex.760230703 (deflate)
Wrote re_chunk_000.pak.patch_055\natives/stm/character/_kit/_equipment/tops/501/bd_501_0_0_nrmr.tex.760230703 (deflate)
Wrote re_chunk_000.pak.patch_055\natives/stm/character/_kit/_equipment/tops/803/bd_803_0_0_nrmr.tex.760230703 (deflate)
Wrote re_chunk_000.pak.patch_055\natives/stm/character/wp/wp03/007/wp03_007_0_0_nrmr.tex.760230703 (deflate)
Wrote re_chunk_000.pak.patch_055\natives/stm/character/ch/ch53_000/ch53_000_body2_nrmr.tex.760230703 (deflate)
Wrote re_chunk_000.pak.patch_055\natives/stm/streaming/character/_kit/_equipment/tops/225/bd_225_0_0_nrmr.tex.760230703 (deflate)
Wrote re_chunk_000.pak.patch_055\natives/stm/character/ch/ch26_000/eq26_000_04/eq26_000_04_1_nrmr.tex.760230703 (deflate)
Wrote re_chunk_000.pak.patch_055\natives/stm/streaming/character/_kit/body/body_214_m/hand_214_m_low_nrm.tex.760230703 (deflate)
Wrote re_chunk_000.pak.patch_055\natives/stm/streaming/character/_kit/_equipment/tops/804/804_embroidery_03_nrmr.tex.760230703 (deflate)
Wrote re_chunk_000.pak.patch_055\natives/stm/character/_kit/hair/hair_051/hair_051_fake_nrmr.tex.760230703 (deflate)
Wrote re_chunk_000.pak.patch_055\natives/stm/streaming/character/_kit/hair/hair_806/hair_806_fake_nrmr.tex.760230703 (deflate)
Wrote re_chunk_000.pak.patch_055\natives/stm/streaming/character/_kit/_equipment/tops/828/bd_828_0_0_nrmr.tex.760230703 (deflate)
Wrote re_chunk_000.pak.patch_055\natives/stm/streaming/vfx/texture/liquid/13_ch57_001_acid00_nrmr.tex.760230703 (deflate)
Wrote re_chunk_000.pak.patch_055\natives/stm/streaming/character/ch/ch29_000/ch29_000_body2_nrmr.tex.760230703 (deflate)
Wrote re_chunk_000.pak.patch_055\natives/stm/streaming/character/_kit/body/body_601_f/hand_601_f_high_nrmr.tex.760230703 (deflate)
Wrote re_chunk_000.pak.patch_055\natives/stm/streaming/character/_kit/head/head_225_f/head_225_f_high_nrmr.tex.760230703 (deflate)
Wrote re_chunk_000.pak.patch_055\natives/stm/streaming/character/ch/ch50_000/eq50_000_03/eq50_000_parts3_nrmr.tex.760230703 (deflate)
Wrote re_chunk_000.pak.patch_055\natives/stm/character/_kit/_equipment/tops/048/bd_048_0_1_nrmr.tex.760230703 (deflate)
Wrote re_chunk_000.pak.patch_055\natives/stm/streaming/character/_kit/_equipment/helm/056/hl_056_0_1_nrmr.tex.760230703 (deflate)
Wrote re_chunk_000.pak.patch_055\natives/stm/streaming/character/_kit/_equipment/backpack/backpack_500/backpack_500_0_4_nrmr.tex.760230703 (deflate)
Wrote re_chunk_000.pak.patch_055\natives/stm/streaming/character/ch/ch99_600/ch99_600_body_a_nrmr.tex.760230703 (deflate)
Wrote re_chunk_000.pak.patch_055\natives/stm/streaming/character/_kit/body/body_203_f/body_203_f_high_nrmr.tex.760230703 (deflate)
Wrote re_chunk_000.pak.patch_055\natives/stm/streaming/character/_kit/_equipment/tops/253/am_253_0_1_nrmr.tex.760230703 (deflate)
Wrote re_chunk_000.pak.patch_055\natives/stm/streaming/character/_kit/_equipment/helm/265/hl_265_0_0_nrmr.tex.760230703 (deflate)
Wrote re_chunk_000.pak.patch_055\natives/stm/streaming/character/_kit/_equipment/tops/051/bd_051_0_1_nrmr.tex.760230703 (deflate)
Wrote re_chunk_000.pak.patch_055\natives/stm/streaming/character/wp/wp04/015/wp04_015_0_0_nrmr.tex.760230703 (deflate)
Wrote re_chunk_000.pak.patch_055\natives/stm/streaming/character/_kit/_equipment/tops/007/bd_007_0_0_nrmr.tex.760230703 (deflate)
Wrote re_chunk_000.pak.patch_055\natives/stm/character/_kit/_equipment/tops/508/am_508_0_0_nrmr.tex.760230703 (deflate)
Wrote re_chunk_000.pak.patch_055\natives/stm/streaming/character/_kit/body/body_608_m/hand_608_m_low_nrm.tex.760230703 (deflate)
Wrote re_chunk_000.pak.patch_055\natives/stm/streaming/character/_kit/_equipment/helm/012/hl_012_0_0_nrmr.tex.760230703 (deflate)
Wrote re_chunk_000.pak.patch_055\natives/stm/character/_kit/body/body_216_f/body_216_f_high_nrmr.tex.760230703 (deflate)
Wrote re_chunk_000.pak.patch_055\natives/stm/streaming/character/_kit/hair/hair_011/hair_011_nrmr.tex.760230703 (deflate)
Wrote re_chunk_000.pak.patch_055\natives/stm/streaming/character/_kit/hair/hair_062/hair_062_nrmr.tex.760230703 (deflate)
Wrote re_chunk_000.pak.patch_055\natives/stm/vfx/event/mesh/lives/13_seagull_100_00_nrmr.tex.760230703 (deflate)
Wrote re_chunk_000.pak.patch_055\natives/stm/streaming/character/ch/ch20_000/wp20_000_43/wp20_000_43_0_nrmr.tex.760230703 (deflate)
Wrote re_chunk_000.pak.patch_055\natives/stm/streaming/character/_kit/head/head_610_m/head_610_m_high_nrmr.tex.760230703 (deflate)
Wrote re_chunk_000.pak.patch_055\natives/stm/streaming/character/ch/ch22_000/ch22_000_human_nrmr.tex.760230703 (deflate)
Wrote re_chunk_000.pak.patch_055\natives/stm/character/_kit/head/head_201_f/head_201_f_low_nrm.tex.760230703 (deflate)
Wrote re_chunk_000.pak.patch_055\natives/stm/character/_kit/_equipment/pants/020/lg_020_0_0_nrmr.tex.760230703 (deflate)
Wrote re_chunk_000.pak.patch_055\natives/stm/streaming/character/_kit/head/head_211_m/head_211_m_low_nrm.tex.760230703 (deflate)
Wrote re_chunk_000.pak.patch_055\natives/stm/streaming/character/_kit/_equipment/tops/506/bd_506_0_2_nrmr.tex.760230703 (deflate)
Wrote re_chunk_000.pak.patch_055\natives/stm/vfx/texture/liquid/13_ch57_001_acid00_nrmr.tex.760230703 (deflate)
Wrote re_chunk_000.pak.patch_055\natives/stm/streaming/character/ch/ch58_001/ch58_001_tail1_nrmr.tex.760230703 (deflate)
Wrote re_chunk_000.pak.patch_055\natives/stm/character/_kit/_equipment/tops/276/bd_276_0_2_nrmr.tex.760230703 (deflate)
Wrote re_chunk_000.pak.patch_055\natives/stm/streaming/character/_kit/body/body_207_f/body_207_f_high_nrmr.tex.760230703 (deflate)
Wrote re_chunk_000.pak.patch_055\natives/stm/character/_kit/_equipment/helm/007/hl_007_0_0_nrmr.tex.760230703 (deflate)
Wrote re_chunk_000.pak.patch_055\natives/stm/character/_kit/_equipment/tops/009/am_009_0_0_nrmr.tex.760230703 (deflate)
Wrote re_chunk_000.pak.patch_055\natives/stm/character/_kit/body/body_219_m/body_219_m_high_nrmr.tex.760230703 (deflate)
Wrote re_chunk_000.pak.patch_055\natives/stm/character/_kit/_equipment/tops/525/wb_525_0_0_nrmr.tex.760230703 (deflate)
Wrote re_chunk_000.pak.patch_055\natives/stm/streaming/character/_kit/body/body_211_m/body_211_m_high_nrmr.tex.760230703 (deflate)
Wrote re_chunk_000.pak.patch_055\natives/stm/character/_kit/_equipment/tops/025/bd_025_0_2_nrmr.tex.760230703 (deflate)
Wrote re_chunk_000.pak.patch_055\natives/stm/streaming/character/_kit/_equipment/pants/632/wl_632_0_3_nrmr.tex.760230703 (deflate)
Wrote re_chunk_000.pak.patch_055\natives/stm/streaming/character/wp/wp09/000/wp09_000_0_0_nrmr.tex.760230703 (deflate)
Wrote re_chunk_000.pak.patch_055\natives/stm/streaming/character/_kit/body/body_604_f/body_604_f_low_nrm.tex.760230703 (deflate)
Wrote re_chunk_000.pak.patch_055\natives/stm/character/_kit/_equipment/backpack/backpack_500/backpack_500_0_2_nrmr.tex.760230703 (deflate)
Wrote re_chunk_000.pak.patch_055\natives/stm/character/_kit/_equipment/tops/809/am_809_0_0_nrmr.tex.760230703 (deflate)
Wrote re_chunk_000.pak.patch_055\natives/stm/streaming/character/_kit/hair/hair_047/haircap_047_nrmr.tex.760230703 (deflate)
Wrote re_chunk_000.pak.patch_055\natives/stm/character/_kit/_equipment/tops/811/bd_811_0_1_nrmr.tex.760230703 (deflate)
Wrote re_chunk_000.pak.patch_055\natives/stm/streaming/character/ch/ch20_002/helm/00/eq20_002_00_hl_1_nrmr.tex.760230703 (deflate)
Wrote re_chunk_000.pak.patch_055\natives/stm/character/_kit/_equipment/mantle/807/mt_807_0_1_nrmr.tex.760230703 (deflate)
Wrote re_chunk_000.pak.patch_055\natives/stm/character/_kit/beard/beard_101/beard_101_fake_nrmr.tex.760230703 (deflate)
Wrote re_chunk_000.pak.patch_055\natives/stm/streaming/character/it/it09/004/it09_004_0_0_nrmr.tex.760230703 (deflate)
Wrote re_chunk_000.pak.patch_055\natives/stm/character/_kit/_equipment/tops/042/bd_042_0_1_nrmr.tex.760230703 (deflate)
Wrote re_chunk_000.pak.patch_055\natives/stm/character/_kit/head/head_601_f/head_601_f_high_nrmr.tex.760230703 (deflate)
Wrote re_chunk_000.pak.patch_055\natives/stm/character/ch/ch54_000/ch54_000_fur_nrmr.tex.760230703 (deflate)
Wrote re_chunk_000.pak.patch_055\natives/stm/character/_kit/_equipment/tops/021/bd_021_0_4_nrmr.tex.760230703 (deflate)
Wrote re_chunk_000.pak.patch_055\natives/stm/streaming/character/wp/wp00/010/wp00_010_0_0_nrmr.tex.760230703 (deflate)
Wrote re_chunk_000.pak.patch_055\natives/stm/character/_kit/body/body_224_f/hand_224_f_high_nrmr.tex.760230703 (deflate)
Wrote re_chunk_000.pak.patch_055\natives/stm/character/_kit/_equipment/tops/803/bd_803_0_1_nrmr.tex.760230703 (deflate)
Wrote re_chunk_000.pak.patch_055\natives/stm/streaming/character/_kit/_equipment/pants/210/lg_210_0_0_nrmr.tex.760230703 (deflate)
Wrote re_chunk_000.pak.patch_055\natives/stm/streaming/character/_kit/_equipment/tops/246/bd_246_decal_2_nrmr.tex.760230703 (deflate)
Wrote re_chunk_000.pak.patch_055\natives/stm/character/wp/wp04/001/wp04_001_0_1_nrmr.tex.760230703 (deflate)
Wrote re_chunk_000.pak.patch_055\natives/stm/streaming/character/_kit/_equipment/tops/047/bd_047_0_4_nrmr.tex.760230703 (deflate)
Wrote re_chunk_000.pak.patch_055\natives/stm/character/_kit/_equipment/pants/632/wl_632_0_1_nrmr.tex.760230703 (deflate)
Wrote re_chunk_000.pak.patch_055\natives/stm/streaming/character/_kit/head/head_215_f/head_215_f_high_nrmr.tex.760230703 (deflate)
Wrote re_chunk_000.pak.patch_055\natives/stm/character/_kit/hair/hair_804/hair_804_fake_nrmr.tex.760230703 (deflate)
Wrote re_chunk_000.pak.patch_055\natives/stm/streaming/character/_kit/body/body_605_f/hand_605_f_high_nrmr.tex.760230703 (deflate)
Wrote re_chunk_000.pak.patch_055\natives/stm/character/_kit/body/body_601_f/hand_601_f_low_nrm.tex.760230703 (deflate)
Wrote re_chunk_000.pak.patch_055\natives/stm/streaming/character/_kit/_equipment/helm/524/hl_524_0_0_nrmr.tex.760230703 (deflate)
Wrote re_chunk_000.pak.patch_055\natives/stm/streaming/character/ch/ch52_000/ch52_000_body6_nrmr.tex.760230703 (deflate)
Wrote re_chunk_000.pak.patch_055\natives/stm/streaming/character/wp/wp00/012/wp00_012_0_0_nrmr.tex.760230703 (deflate)
Wrote re_chunk_000.pak.patch_055\natives/stm/streaming/character/wp/wp05/005/wp05_005_0_0_nrmr.tex.760230703 (deflate)
Wrote re_chunk_000.pak.patch_055\natives/stm/character/_kit/_equipment/tops/521/am_521_0_0_nrmr.tex.760230703 (deflate)
Wrote re_chunk_000.pak.patch_055\natives/stm/streaming/character/wp/wp10/003/wp10_003_0_0_nrmr.tex.760230703 (deflate)
Wrote re_chunk_000.pak.patch_055\natives/stm/streaming/environment/textures/tx_010_nrmr.tex.760230703 (deflate)
Wrote re_chunk_000.pak.patch_055\natives/stm/streaming/character/_kit/_equipment/tops/210/am_210_0_1_nrmr.tex.760230703 (deflate)
Wrote re_chunk_000.pak.patch_055\natives/stm/streaming/character/_kit/_equipment/tops/528/am_528_0_0_nrmr.tex.760230703 (deflate)
Wrote re_chunk_000.pak.patch_055\natives/stm/character/_kit/body/body_217_f/hand_217_f_low_nrm.tex.760230703 (deflate)
Wrote re_chunk_000.pak.patch_055\natives/stm/streaming/character/_kit/_equipment/tops/257/bd_257_0_3_nrmr.tex.760230703 (deflate)
Wrote re_chunk_000.pak.patch_055\natives/stm/character/_kit/_equipment/helm/013/hl_013_0_0_nrmr.tex.760230703 (deflate)
Wrote re_chunk_000.pak.patch_055\natives/stm/streaming/character/_kit/_equipment/tops/035/wb_035_0_2_f_nrmr.tex.760230703 (deflate)
Wrote re_chunk_000.pak.patch_055\natives/stm/character/_kit/body/body_609_m/hand_609_m_high_nrmr.tex.760230703 (deflate)
Wrote re_chunk_000.pak.patch_055\natives/stm/streaming/character/_kit/_equipment/facewear/306/facewear_306_0_0_nrmr.tex.760230703 (deflate)
Wrote re_chunk_000.pak.patch_055\natives/stm/streaming/character/ch/ch57_001/ch57_001_nictitatingmembrane_nrmr.tex.760230703 (deflate)
Wrote re_chunk_000.pak.patch_055\natives/stm/streaming/character/_kit/_equipment/pants/036/wl_036_0_0_nrmr.tex.760230703 (deflate)
Wrote re_chunk_000.pak.patch_055\natives/stm/character/_kit/eyebrows/eyebrows_005/eyebrows_005_skin_nrmr.tex.760230703 (deflate)
Wrote re_chunk_000.pak.patch_055\natives/stm/streaming/character/_kit/body/body_206_f/body_206_f_low_nrm.tex.760230703 (deflate)
Wrote re_chunk_000.pak.patch_055\natives/stm/streaming/character/wp/wp01/012/wp01_012_0_1_nrmr.tex.760230703 (deflate)
Wrote re_chunk_000.pak.patch_055\natives/stm/character/_kit/_equipment/tops/049/wb_049_0_1_nrmr.tex.760230703 (deflate)
Wrote re_chunk_000.pak.patch_055\natives/stm/streaming/character/_kit/hair/hair_037/hair_037_fake_nrmr.tex.760230703 (deflate)
Wrote re_chunk_000.pak.patch_055\natives/stm/streaming/character/_kit/body/body_001_m/hand_001_m_low_nrm.tex.760230703 (deflate)
Wrote re_chunk_000.pak.patch_055\natives/stm/streaming/character/ch/ch23_001/ch23_001_head_nrmr.tex.760230703 (deflate)
Wrote re_chunk_000.pak.patch_055\natives/stm/streaming/character/_kit/head/head_600_m/head_600_m_high_nrmr.tex.760230703 (deflate)
Wrote re_chunk_000.pak.patch_055\natives/stm/character/ch/ch21_000/wp21_000_00/wp21_000_00_0_nrmr.tex.760230703 (deflate)
Wrote re_chunk_000.pak.patch_055\natives/stm/streaming/character/_kit/_equipment/pants/805/lg_805_0_0_nrmr.tex.760230703 (deflate)
Wrote re_chunk_000.pak.patch_055\natives/stm/streaming/character/_kit/_equipment/tops/049/bd_049_0_0_nrmr.tex.760230703 (deflate)
Wrote re_chunk_000.pak.patch_055\natives/stm/character/_kit/_equipment/tops/541/wb_541_0_1_nrmr.tex.760230703 (deflate)
Wrote re_chunk_000.pak.patch_055\natives/stm/streaming/character/_kit/_equipment/pants/527/lg_527_0_0_nrmr.tex.760230703 (deflate)
Wrote re_chunk_000.pak.patch_055\natives/stm/streaming/character/_kit/_equipment/tops/011/bd_011_0_4_nrmr.tex.760230703 (deflate)
Wrote re_chunk_000.pak.patch_055\natives/stm/streaming/character/wp/wp09/005/wp09_005_0_0_nrmr.tex.760230703 (deflate)
Wrote re_chunk_000.pak.patch_055\natives/stm/streaming/character/_kit/body/body_603_m/hand_603_m_high_nrmr.tex.760230703 (deflate)
Wrote re_chunk_000.pak.patch_055\natives/stm/character/_kit/_equipment/pants/002/lg_002_0_0_nrmr.tex.760230703 (deflate)
Wrote re_chunk_000.pak.patch_055\natives/stm/character/_kit/_equipment/tops/020/bd_020_0_1_nrmr.tex.760230703 (deflate)
Wrote re_chunk_000.pak.patch_055\natives/stm/character/ch/ch50_000/ch50_000_body1_nrmr.tex.760230703 (deflate)
Wrote re_chunk_000.pak.patch_055\natives/stm/character/_kit/_equipment/pants/276/lg_276_0_1_nrmr.tex.760230703 (deflate)
Wrote re_chunk_000.pak.patch_055\natives/stm/character/wp/wp00/002/wp00_002_0_0_nrmr.tex.760230703 (deflate)
Wrote re_chunk_000.pak.patch_055\natives/stm/character/_kit/body/body_607_f/hand_607_f_low_nrm.tex.760230703 (deflate)
Wrote re_chunk_000.pak.patch_055\natives/stm/streaming/character/_kit/_equipment/tops/309/bd_309_0_2_nrmr.tex.760230703 (deflate)
Wrote re_chunk_000.pak.patch_055\natives/stm/streaming/character/_kit/_equipment/tops/020/bd_020_0_2_nrmr.tex.760230703 (deflate)
Wrote re_chunk_000.pak.patch_055\natives/stm/character/wp/wp02/013/wp02_013_0_0_nrmr.tex.760230703 (deflate)
Wrote re_chunk_000.pak.patch_055\natives/stm/streaming/character/ch/ch28_000/body/body_910_m/pants2_910_m_inflation_nrmr.tex.760230703 (deflate)
Wrote re_chunk_000.pak.patch_055\natives/stm/streaming/character/_kit/_equipment/pants/015/lg_015_0_0_nrmr.tex.760230703 (deflate)
Wrote re_chunk_000.pak.patch_055\natives/stm/character/ch/ch58_001/ch58_001_tail2_nrmr.tex.760230703 (deflate)
Wrote re_chunk_000.pak.patch_055\natives/stm/streaming/character/_kit/_equipment/tops/614/embroidery_33_nrmr.tex.760230703 (deflate)
Wrote re_chunk_000.pak.patch_055\natives/stm/character/_kit/head/head_612_m/head_612_m_low_nrm.tex.760230703 (deflate)
Wrote re_chunk_000.pak.patch_055\natives/stm/streaming/character/_kit/_equipment/tops/047/bd_047_0_2_nrmr.tex.760230703 (deflate)
Wrote re_chunk_000.pak.patch_055\natives/stm/streaming/character/wp/wp07/008/wp07_008_0_1_nrmr.tex.760230703 (deflate)
Wrote re_chunk_000.pak.patch_055\natives/stm/streaming/character/_kit/_equipment/tops/809/wb_809_0_1_nrmr.tex.760230703 (deflate)
Wrote re_chunk_000.pak.patch_055\natives/stm/character/_kit/_equipment/tops/541/bd_541_0_0_nrmr.tex.760230703 (deflate)
Wrote re_chunk_000.pak.patch_055\natives/stm/character/_kit/_equipment/mantle/602/mt_602_0_0_nrmr.tex.760230703 (deflate)
Wrote re_chunk_000.pak.patch_055\natives/stm/streaming/character/_kit/body/body_209_f/hand_209_f_low_nrm.tex.760230703 (deflate)
Wrote re_chunk_000.pak.patch_055\natives/stm/character/wp/wp00/018/wp00_018_0_0_nrmr.tex.760230703 (deflate)
Wrote re_chunk_000.pak.patch_055\natives/stm/streaming/character/_kit/_equipment/helm/517/hl_517_0_0_nrmr.tex.760230703 (deflate)
Wrote re_chunk_000.pak.patch_055\natives/stm/character/ch/ch28_000/hair/hair_910/hair_910_nrmr.tex.760230703 (deflate)
Wrote re_chunk_000.pak.patch_055\natives/stm/streaming/character/_kit/body/body_204_f/body_204_f_high_nrmr.tex.760230703 (deflate)
Wrote re_chunk_000.pak.patch_055\natives/stm/character/ch/ch57_001/ch57_001_body4_nrmr.tex.760230703 (deflate)
Wrote re_chunk_000.pak.patch_055\natives/stm/streaming/character/wp/wp02/012/wp02_012_0_0_nrmr.tex.760230703 (deflate)
Wrote re_chunk_000.pak.patch_055\natives/stm/streaming/character/ch/ch22_001/ch22_001_body_nrmr.tex.760230703 (deflate)
Wrote re_chunk_000.pak.patch_055\natives/stm/streaming/character/_kit/_equipment/tops/246/wb_246_0_1_nrmr.tex.760230703 (deflate)
Wrote re_chunk_000.pak.patch_055\natives/stm/streaming/character/_kit/head/head_600_f/head_600_f_low_nrm.tex.760230703 (deflate)
Wrote re_chunk_000.pak.patch_055\natives/stm/character/_kit/_equipment/tops/516/wb_516_0_1_nrmr.tex.760230703 (deflate)
Wrote re_chunk_000.pak.patch_055\natives/stm/streaming/character/_kit/_equipment/helm/257/hl_257_0_0_nrmr.tex.760230703 (deflate)
Wrote re_chunk_000.pak.patch_055\natives/stm/streaming/character/_kit/body/body_213_f/body_213_f_high_nrmr.tex.760230703 (deflate)
Wrote re_chunk_000.pak.patch_055\natives/stm/streaming/character/_kit/_equipment/tops/003/wb_003_0_0_nrmr.tex.760230703 (deflate)
Wrote re_chunk_000.pak.patch_055\natives/stm/character/_kit/_equipment/tops/506/am_506_0_0_nrmr.tex.760230703 (deflate)
Wrote re_chunk_000.pak.patch_055\natives/stm/streaming/character/it/it09/002/it09_002_0_0_nrmr.tex.760230703 (deflate)
Wrote re_chunk_000.pak.patch_055\natives/stm/streaming/environment/textures/sm82_057_a_mat_nrmr.tex.760230703 (deflate)
Wrote re_chunk_000.pak.patch_055\natives/stm/character/_kit/body/body_607_m/body_607_m_low_nrm.tex.760230703 (deflate)
Wrote re_chunk_000.pak.patch_055\natives/stm/streaming/character/_kit/_equipment/tops/015/am_015_0_0_nrmr.tex.760230703 (deflate)
Wrote re_chunk_000.pak.patch_055\natives/stm/character/ch/ch50_000/ch50_000_eyeflatten_nrmr.tex.760230703 (deflate)
Wrote re_chunk_000.pak.patch_055\natives/stm/character/_kit/_equipment/helm/015/hl_015_0_0_nrmr.tex.760230703 (deflate)
Wrote re_chunk_000.pak.patch_055\natives/stm/character/_kit/_equipment/tops/037/bd_037_0_0_nrmr.tex.760230703 (deflate)
Wrote re_chunk_000.pak.patch_055\natives/stm/streaming/character/ch/ch28_000/hair/hair_902/hair_902_nrmr.tex.760230703 (deflate)
Wrote re_chunk_000.pak.patch_055\natives/stm/character/_kit/_equipment/tops/037/bd_037_0_3_nrmr.tex.760230703 (deflate)
Wrote re_chunk_000.pak.patch_055\natives/stm/character/_kit/hair/hair_015/hair_015_fake_nrmr.tex.760230703 (deflate)
Wrote re_chunk_000.pak.patch_055\natives/stm/character/wp/wp05/006/wp05_006_0_0_nrmr.tex.760230703 (deflate)
Wrote re_chunk_000.pak.patch_055\natives/stm/environment/textures/tx_024_nrmr.tex.760230703 (deflate)
Wrote re_chunk_000.pak.patch_055\natives/stm/streaming/character/_kit/_equipment/tops/017/bd_017_0_4_nrmr.tex.760230703 (deflate)
Wrote re_chunk_000.pak.patch_055\__MANIFEST/MANIFEST.TXT (deflate)
Wrote re_chunk_000.pak.patch_055\natives/stm/streaming/character/_kit/_equipment/helm/609/hl_609_0_0_nrmr.tex.760230703 (deflate)
Wrote re_chunk_000.pak.patch_055\natives/stm/character/_kit/_equipment/tops/035/wb_035_0_3_m_nrmr.tex.760230703 (deflate)
Wrote re_chunk_000.pak.patch_055\natives/stm/character/ch/ch21_000/ch21_000_body_nrmr.tex.760230703 (deflate)
Wrote re_chunk_000.pak.patch_055\natives/stm/character/_kit/body/body_205_m/hand_205_m_high_nrmr.tex.760230703 (deflate)
Wrote re_chunk_000.pak.patch_055\natives/stm/character/ch/ch20_000/wp20_000_43/wp20_000_43_0_nrmr.tex.760230703 (deflate)
Wrote re_chunk_000.pak.patch_055\natives/stm/character/_kit/_equipment/helm/601/hl_601_0_0_nrmr.tex.760230703 (deflate)
Wrote re_chunk_000.pak.patch_055\natives/stm/character/_kit/_equipment/tops/242/am_242_0_0_nrmr.tex.760230703 (deflate)
Wrote re_chunk_000.pak.patch_055\natives/stm/streaming/character/_kit/_equipment/pants/600/wl_600_0_0_nrmr.tex.760230703 (deflate)
Wrote re_chunk_000.pak.patch_055\natives/stm/streaming/character/ch/ch60_000/ch60_000_body1_nrmr.tex.760230703 (deflate)
Wrote re_chunk_000.pak.patch_055\natives/stm/character/_kit/_equipment/tops/285/bd_285_0_3_nrmr.tex.760230703 (deflate)
Wrote re_chunk_000.pak.patch_055\natives/stm/character/ch/ch20_001/pants/05/eq20_001_05_lg_1_nrmr.tex.760230703 (deflate)
Wrote re_chunk_000.pak.patch_055\natives/stm/streaming/character/_kit/_equipment/helm/028/hl_028_0_0_nrmr.tex.760230703 (deflate)
Wrote re_chunk_000.pak.patch_055\natives/stm/character/_kit/_equipment/pants/051/lg_051_0_1_nrmr.tex.760230703 (deflate)
Wrote re_chunk_000.pak.patch_055\natives/stm/streaming/character/_kit/_equipment/tops/041/wb_041_0_0_nrmr.tex.760230703 (deflate)
Wrote re_chunk_000.pak.patch_055\natives/stm/streaming/character/_kit/beard/beard_105/beard_105_fake_nrmr.tex.760230703 (deflate)
Wrote re_chunk_000.pak.patch_055\natives/stm/character/_kit/_equipment/mantle/001/mt_001_0_0_nrmr.tex.760230703 (deflate)
Wrote re_chunk_000.pak.patch_055\natives/stm/character/_kit/body/body_215_m/body_215_m_low_nrm.tex.760230703 (deflate)
Wrote re_chunk_000.pak.patch_055\natives/stm/character/wp/wp07/014/wp07_014_0_0_nrmr.tex.760230703 (deflate)
Wrote re_chunk_000.pak.patch_055\natives/stm/streaming/character/_kit/_equipment/tops/834/wb_834_0_0_nrmr.tex.760230703 (deflate)
Wrote re_chunk_000.pak.patch_055\natives/stm/character/_kit/_equipment/pants/007/wl_007_0_0_nrmr.tex.760230703 (deflate)
Wrote re_chunk_000.pak.patch_055\natives/stm/streaming/character/_kit/_equipment/tops/800/bd_800_0_3_nrmr.tex.760230703 (deflate)
Wrote re_chunk_000.pak.patch_055\natives/stm/streaming/character/_kit/head/head_200_m/head_200_m_high_nrmr.tex.760230703 (deflate)
Wrote re_chunk_000.pak.patch_055\natives/stm/character/_kit/_equipment/helm/046/hl_046_0_0_nrmr.tex.760230703 (deflate)
Wrote re_chunk_000.pak.patch_055\natives/stm/streaming/character/ch/ch26_000/wp26_000_09/wp26_000_09_0_nrmr.tex.760230703 (deflate)
Wrote re_chunk_000.pak.patch_055\natives/stm/character/ch/ch59_000/ch59_000_body1_nrmr.tex.760230703 (deflate)
Wrote re_chunk_000.pak.patch_055\natives/stm/streaming/character/wp/wp01/007/wp01_007_0_1_nrmr.tex.760230703 (deflate)
Wrote re_chunk_000.pak.patch_055\natives/stm/streaming/character/ch/ch20_000/wp20_000_21/wp20_000_21_0_nrmr.tex.760230703 (deflate)
Wrote re_chunk_000.pak.patch_055\natives/stm/character/wp/wp01/005/wp01_005_0_1_nrmr.tex.760230703 (deflate)
Wrote re_chunk_000.pak.patch_055\natives/stm/character/_kit/_equipment/tops/253/am_253_0_1_nrmr.tex.760230703 (deflate)
Wrote re_chunk_000.pak.patch_055\natives/stm/streaming/character/wp/wp07/010/wp07_010_0_0_nrmr.tex.760230703 (deflate)
Wrote re_chunk_000.pak.patch_055\natives/stm/streaming/character/_kit/body/body_209_m/hand_209_m_high_nrmr.tex.760230703 (deflate)
Wrote re_chunk_000.pak.patch_055\natives/stm/character/ch/ch99_220/ch99_220_body_a_nrmr.tex.760230703 (deflate)
Wrote re_chunk_000.pak.patch_055\natives/stm/character/_kit/_equipment/tops/237/bd_237_0_1_nrmr.tex.760230703 (deflate)
Wrote re_chunk_000.pak.patch_055\natives/stm/streaming/character/_kit/body/body_214_m/body_214_m_high_nrmr.tex.760230703 (deflate)
Wrote re_chunk_000.pak.patch_055\natives/stm/character/_kit/_equipment/mantle/504/mantle_504_m_nrmr.tex.760230703 (deflate)
Wrote re_chunk_000.pak.patch_055\natives/stm/streaming/character/wp/wp04/006/wp04_006_0_0_nrmr.tex.760230703 (deflate)
Wrote re_chunk_000.pak.patch_055\natives/stm/character/ch/ch58_001/ch58_001_leg_nrmr.tex.760230703 (deflate)
Wrote re_chunk_000.pak.patch_055\natives/stm/streaming/character/_kit/_equipment/mantle/833/mt_833_0_0_nrmr.tex.760230703 (deflate)
Wrote re_chunk_000.pak.patch_055\natives/stm/streaming/character/_kit/body/body_208_m/body_208_m_high_nrmr.tex.760230703 (deflate)
Wrote re_chunk_000.pak.patch_055\natives/stm/character/_kit/body/body_210_m/body_210_m_high_nrmr.tex.760230703 (deflate)
Wrote re_chunk_000.pak.patch_055\natives/stm/character/_kit/_equipment/tops/210/bd_210_0_1_nrmr.tex.760230703 (deflate)
Wrote re_chunk_000.pak.patch_055\natives/stm/streaming/character/ch/ch99_200/ch99_200_body_a_eyeflatten_nrmr.tex.760230703 (deflate)
Wrote re_chunk_000.pak.patch_055\natives/stm/character/_kit/_equipment/tops/001/bd_001_0_2_nrmr.tex.760230703 (deflate)
Wrote re_chunk_000.pak.patch_055\natives/stm/streaming/character/_kit/_equipment/tops/809/bd_809_0_1_nrmr.tex.760230703 (deflate)
Wrote re_chunk_000.pak.patch_055\natives/stm/streaming/character/_kit/body/body_820_f/body_820_f_high_nrmr.tex.760230703 (deflate)
Wrote re_chunk_000.pak.patch_055\natives/stm/character/_kit/_equipment/pants/005/lg_005_0_1_nrmr.tex.760230703 (deflate)
Wrote re_chunk_000.pak.patch_055\natives/stm/streaming/character/wp/wp10/001/wp10_001_0_0_nrmr.tex.760230703 (deflate)
Wrote re_chunk_000.pak.patch_055\natives/stm/streaming/character/_kit/_equipment/pants/004/lg_004_0_0_nrmr.tex.760230703 (deflate)
Wrote re_chunk_000.pak.patch_055\natives/stm/streaming/character/_kit/head/head_003_m/head_003_m_low_nrm.tex.760230703 (deflate)
Wrote re_chunk_000.pak.patch_055\natives/stm/character/ch/ch21_000/ch21_000_eyeflatten_nrmr.tex.760230703 (deflate)
Wrote re_chunk_000.pak.patch_055\natives/stm/streaming/character/_kit/_equipment/mantle/038/mt_038_0_1_nrmr.tex.760230703 (deflate)
Wrote re_chunk_000.pak.patch_055\natives/stm/streaming/character/_kit/body/body_214_m/body_214_m_low_nrm.tex.760230703 (deflate)
Wrote re_chunk_000.pak.patch_055\natives/stm/streaming/character/ch/ch53_001/ch53_001_wingfeather_nrmr.tex.760230703 (deflate)
Wrote re_chunk_000.pak.patch_055\natives/stm/character/_kit/_equipment/tops/037/bd_037_0_5_nrmr.tex.760230703 (deflate)
Wrote re_chunk_000.pak.patch_055\natives/stm/character/_kit/_equipment/pants/625/wl_625_0_0_nrmr.tex.760230703 (deflate)
Wrote re_chunk_000.pak.patch_055\natives/stm/character/_kit/body/body_222_f/hand_222_f_high_nrmr.tex.760230703 (deflate)
Wrote re_chunk_000.pak.patch_055\natives/stm/streaming/character/ch/ch21_001/ch21_001_body_nrmr.tex.760230703 (deflate)
Wrote re_chunk_000.pak.patch_055\natives/stm/character/_kit/_equipment/tops/828/bd_828_0_0_nrmr.tex.760230703 (deflate)
Wrote re_chunk_000.pak.patch_055\natives/stm/character/wp/wp09/006/wp09_006_0_0_nrmr.tex.760230703 (deflate)
Wrote re_chunk_000.pak.patch_055\natives/stm/streaming/character/_kit/_equipment/helm/027/hl_027_0_0_nrmr.tex.760230703 (deflate)
Wrote re_chunk_000.pak.patch_055\natives/stm/character/_kit/_equipment/tops/011/wb_011_0_0_nrmr.tex.760230703 (deflate)
Wrote re_chunk_000.pak.patch_055\natives/stm/character/ch/ch26_000/eq26_000_03/eq26_000_03_7_nrmr.tex.760230703 (deflate)
Wrote re_chunk_000.pak.patch_055\natives/stm/streaming/character/_kit/_equipment/tops/526/bd_526_0_0_nrmr.tex.760230703 (deflate)
Wrote re_chunk_000.pak.patch_055\natives/stm/streaming/character/_kit/_equipment/helm/527/hl_527_0_0_nrmr.tex.760230703 (deflate)
Wrote re_chunk_000.pak.patch_055\natives/stm/character/_kit/_equipment/tops/020/bd_020_0_0_nrmr.tex.760230703 (deflate)
Wrote re_chunk_000.pak.patch_055\natives/stm/streaming/character/_kit/_equipment/mantle/008/mt_008_0_0_nrmr.tex.760230703 (deflate)
Wrote re_chunk_000.pak.patch_055\natives/stm/streaming/character/_kit/_equipment/tops/285/bd_285_0_1_nrmr.tex.760230703 (deflate)
Wrote re_chunk_000.pak.patch_055\natives/stm/character/_kit/_equipment/tops/800/bd_800_0_2_nrmr.tex.760230703 (deflate)
Wrote re_chunk_000.pak.patch_055\natives/stm/streaming/character/_kit/_equipment/tops/248/bd_248_0_3_nrmr.tex.760230703 (deflate)
Wrote re_chunk_000.pak.patch_055\natives/stm/streaming/character/_kit/_equipment/_common/bt_006_0_0_nrmr.tex.760230703 (deflate)
Wrote re_chunk_000.pak.patch_055\natives/stm/character/_kit/_equipment/tops/051/bd_051_embroidery_nrmr.tex.760230703 (deflate)
Wrote re_chunk_000.pak.patch_055\natives/stm/streaming/character/_kit/_equipment/tops/239/bd_239_0_2_nrmr.tex.760230703 (deflate)
Wrote re_chunk_000.pak.patch_055\natives/stm/streaming/character/_kit/_equipment/tops/242/bd_242_0_0_nrmr.tex.760230703 (deflate)
Wrote re_chunk_000.pak.patch_055\natives/stm/character/_kit/_equipment/tops/045/045_embroidery_2_nrmr.tex.760230703 (deflate)
Wrote re_chunk_000.pak.patch_055\natives/stm/character/ch/ch26_000/wp26_000_09/wp26_000_09_0_nrmr.tex.760230703 (deflate)
Wrote re_chunk_000.pak.patch_055\natives/stm/character/it/it10/024/it10_024_0_0_nrmr.tex.760230703 (deflate)
Wrote re_chunk_000.pak.patch_055\natives/stm/character/_kit/_equipment/tops/537/am_537_0_0_nrmr.tex.760230703 (deflate)
Wrote re_chunk_000.pak.patch_055\natives/stm/character/_kit/_equipment/tops/008/bd_008_0_3_nrmr.tex.760230703 (deflate)
Wrote re_chunk_000.pak.patch_055\natives/stm/streaming/character/wp/wp01/003/wp01_003_0_1_nrmr.tex.760230703 (deflate)
Wrote re_chunk_000.pak.patch_055\natives/stm/character/ch/ch20_001/wp20_001_20/wp20_001_20_0_0_nrmr.tex.760230703 (deflate)
Wrote re_chunk_000.pak.patch_055\natives/stm/character/_kit/_equipment/helm/801/hl_801_0_0_nrmr.tex.760230703 (deflate)
Wrote re_chunk_000.pak.patch_055\natives/stm/character/ch/ch20_001/wp20_001_02/wp20_001_02_1_nrmr.tex.760230703 (deflate)
Wrote re_chunk_000.pak.patch_055\natives/stm/character/ch/ch51_000/ch51_000_body_nrmr.tex.760230703 (deflate)
Wrote re_chunk_000.pak.patch_055\natives/stm/streaming/character/_kit/_equipment/tops/532/am_532_0_1_nrmr.tex.760230703 (deflate)
Wrote re_chunk_000.pak.patch_055\natives/stm/character/wp/wp07/004/wp07_004_0_0_nrmr.tex.760230703 (deflate)
Wrote re_chunk_000.pak.patch_055\natives/stm/streaming/character/_kit/_equipment/tops/277/wb_277_0_0_nrmr.tex.760230703 (deflate)
Wrote re_chunk_000.pak.patch_055\natives/stm/streaming/character/wp/wp01/008/wp01_008_0_1_nrmr.tex.760230703 (deflate)
Wrote re_chunk_000.pak.patch_055\natives/stm/character/_kit/_equipment/tops/505/bd_505_0_0_nrmr.tex.760230703 (deflate)
Wrote re_chunk_000.pak.patch_055\natives/stm/character/_kit/_equipment/tops/049/bd_049_0_4_nrmr.tex.760230703 (deflate)
Wrote re_chunk_000.pak.patch_055\natives/stm/streaming/character/_kit/_equipment/tops/253/wb_253_0_0_nrmr.tex.760230703 (deflate)
Wrote re_chunk_000.pak.patch_055\natives/stm/streaming/character/_kit/body/body_207_f/hand_207_f_low_nrm.tex.760230703 (deflate)
Wrote re_chunk_000.pak.patch_055\natives/stm/streaming/character/_kit/body/body_601_m/hand_601_m_high_nrmr.tex.760230703 (deflate)
Wrote re_chunk_000.pak.patch_055\natives/stm/character/ch/ch26_000/eq26_000_02/eq26_000_02_0_nrmr.tex.760230703 (deflate)
Wrote re_chunk_000.pak.patch_055\natives/stm/character/_kit/head/head_003_m/head_003_m_high_nrmr.tex.760230703 (deflate)
Wrote re_chunk_000.pak.patch_055\natives/stm/character/_kit/_equipment/tops/607/wb_607_0_0_nrmr.tex.760230703 (deflate)
Wrote re_chunk_000.pak.patch_055\natives/stm/streaming/character/it/it02/007/it02_007_body_nrmr.tex.760230703 (deflate)
Wrote re_chunk_000.pak.patch_055\natives/stm/streaming/character/_kit/body/body_612_m/body_612_m_high_nrmr.tex.760230703 (deflate)
Wrote re_chunk_000.pak.patch_055\natives/stm/streaming/character/_kit/body/body_201_m/hand_201_m_high_nrmr.tex.760230703 (deflate)
Wrote re_chunk_000.pak.patch_055\natives/stm/streaming/character/_kit/_equipment/tops/278/am_278_0_2_nrmr.tex.760230703 (deflate)
Wrote re_chunk_000.pak.patch_055\natives/stm/streaming/character/_kit/_equipment/tops/012/am_012_0_1_nrmr.tex.760230703 (deflate)
Wrote re_chunk_000.pak.patch_055\natives/stm/character/_kit/body/body_219_m/hand_219_m_low_nrm.tex.760230703 (deflate)
Wrote re_chunk_000.pak.patch_055\natives/stm/vfx/texture/decal/13_stonedecal_001_01_nrmr.tex.760230703 (deflate)
Wrote re_chunk_000.pak.patch_055\natives/stm/character/_kit/body/body_217_m/body_217_m_high_nrmr.tex.760230703 (deflate)
Wrote re_chunk_000.pak.patch_055\natives/stm/streaming/character/_kit/_equipment/_common/bt_004_0_0_nrmr.tex.760230703 (deflate)
Wrote re_chunk_000.pak.patch_055\natives/stm/streaming/character/ch/ch20_002/wp20_002_21/wp20_002_21_0_nrmr.tex.760230703 (deflate)
Wrote re_chunk_000.pak.patch_055\natives/stm/streaming/character/_kit/head/head_207_m/head_207_m_low_nrm.tex.760230703 (deflate)
Wrote re_chunk_000.pak.patch_055\natives/stm/streaming/character/wp/wp01/010/wp01_010_0_0_nrmr.tex.760230703 (deflate)
Wrote re_chunk_000.pak.patch_055\natives/stm/character/_kit/body/body_821_m/body_821_m_high_nrmr.tex.760230703 (deflate)
Wrote re_chunk_000.pak.patch_055\natives/stm/character/ch/ch51_000/ch51_000_eye_nrmr.tex.760230703 (deflate)
Wrote re_chunk_000.pak.patch_055\natives/stm/character/_kit/_equipment/tops/008/008_ embroidery_02_nrmr.tex.760230703 (deflate)
Wrote re_chunk_000.pak.patch_055\natives/stm/streaming/character/_kit/head/head_801_m/head_801_m_low_nrm.tex.760230703 (deflate)
Wrote re_chunk_000.pak.patch_055\natives/stm/streaming/character/_kit/_equipment/tops/207/bd_207_1_0_nrmr.tex.760230703 (deflate)
Wrote re_chunk_000.pak.patch_055\natives/stm/streaming/character/_kit/_equipment/tops/039/wb_039_0_0_nrmr.tex.760230703 (deflate)
Wrote re_chunk_000.pak.patch_055\natives/stm/streaming/character/_kit/hair/hair_070/hair_070_nrmr.tex.760230703 (deflate)
Wrote re_chunk_000.pak.patch_055\natives/stm/character/_kit/beard/beard_113/beard_113_fake_nrmr.tex.760230703 (deflate)
Wrote re_chunk_000.pak.patch_055\natives/stm/character/_kit/_equipment/tops/035/wb_035_0_0_m_nrmr.tex.760230703 (deflate)
Wrote re_chunk_000.pak.patch_055\natives/stm/streaming/character/_kit/head/head_217_m/head_217_m_high_nrmr.tex.760230703 (deflate)
Wrote re_chunk_000.pak.patch_055\natives/stm/streaming/character/_kit/body/body_601_m/body_601_m_low_nrm.tex.760230703 (deflate)
Wrote re_chunk_000.pak.patch_055\natives/stm/streaming/character/_kit/beard/beard_007/beard_007_nrmr.tex.760230703 (deflate)
Wrote re_chunk_000.pak.patch_055\natives/stm/character/ch/ch99_010/ch99_010_body_a_nrmr.tex.760230703 (deflate)
Wrote re_chunk_000.pak.patch_055\natives/stm/character/ch/ch22_000/ch22_000_body_nrmr.tex.760230703 (deflate)
Wrote re_chunk_000.pak.patch_055\natives/stm/character/_kit/_equipment/facewear/022/hl_022_0_0_nrmr.tex.760230703 (deflate)
Wrote re_chunk_000.pak.patch_055\natives/stm/streaming/character/_kit/_equipment/tops/019/am_019_0_1_nrmr.tex.760230703 (deflate)
Wrote re_chunk_000.pak.patch_055\natives/stm/character/_kit/head/head_602_f/head_602_f_high_nrmr.tex.760230703 (deflate)
Wrote re_chunk_000.pak.patch_055\natives/stm/streaming/character/ch/ch26_000/eq26_000_03/eq26_000_03_3_nrmr.tex.760230703 (deflate)
Wrote re_chunk_000.pak.patch_055\natives/stm/character/_kit/_equipment/tops/249/bd_249_0_2_nrmr.tex.760230703 (deflate)
Wrote re_chunk_000.pak.patch_055\natives/stm/streaming/character/_kit/hair/hair_102/hair_102_fake_nrmr.tex.760230703 (deflate)
Wrote re_chunk_000.pak.patch_055\natives/stm/character/_kit/_equipment/tops/521/wb_521_0_0_nrmr.tex.760230703 (deflate)
Wrote re_chunk_000.pak.patch_055\natives/stm/streaming/character/_kit/head/head_209_f/head_209_f_high_nrmr.tex.760230703 (deflate)
Wrote re_chunk_000.pak.patch_055\natives/stm/streaming/character/ch/ch53_000/ch53_000_wing_nrmr.tex.760230703 (deflate)
Wrote re_chunk_000.pak.patch_055\natives/stm/character/_kit/_equipment/pants/833/lg_833_0_0_nrmr.tex.760230703 (deflate)
Wrote re_chunk_000.pak.patch_055\natives/stm/character/_kit/_equipment/helm/021/hl_021_0_0_nrmr.tex.760230703 (deflate)
Wrote re_chunk_000.pak.patch_055\natives/stm/character/_kit/beard/beard_123/beard_123_fake_nrmr.tex.760230703 (deflate)
Wrote re_chunk_000.pak.patch_055\natives/stm/streaming/character/_kit/_equipment/tops/009/bd_009_0_0_nrmr.tex.760230703 (deflate)
Wrote re_chunk_000.pak.patch_055\natives/stm/streaming/character/_kit/_equipment/mantle/003/mt_003_0_0_nrmr.tex.760230703 (deflate)
Wrote re_chunk_000.pak.patch_055\natives/stm/character/_kit/body/body_003_m/body_003_m_high_nrmr.tex.760230703 (deflate)
Wrote re_chunk_000.pak.patch_055\natives/stm/character/_kit/head/head_213_m/head_213_m_high_nrmr.tex.760230703 (deflate)
Wrote re_chunk_000.pak.patch_055\natives/stm/streaming/character/_kit/_equipment/pants/814/lg_814_0_0_nrmr.tex.760230703 (deflate)
Wrote re_chunk_000.pak.patch_055\natives/stm/character/_kit/_equipment/tops/023/am_023_0_0_nrmr.tex.760230703 (deflate)
Wrote re_chunk_000.pak.patch_055\natives/stm/character/_kit/head/head_203_m/head_203_m_high_nrmr.tex.760230703 (deflate)
Wrote re_chunk_000.pak.patch_055\natives/stm/streaming/character/_kit/body/body_606_f/hand_606_f_high_nrmr.tex.760230703 (deflate)
Wrote re_chunk_000.pak.patch_055\natives/stm/streaming/character/_kit/_equipment/tops/008/bd_008_0_3_nrmr.tex.760230703 (deflate)
Wrote re_chunk_000.pak.patch_055\natives/stm/streaming/character/_kit/_equipment/helm/048/hl_048_0_0_nrmr.tex.760230703 (deflate)
Wrote re_chunk_000.pak.patch_055\natives/stm/streaming/character/_kit/_equipment/tops/622/wb_622_0_1_nrmr.tex.760230703 (deflate)
Wrote re_chunk_000.pak.patch_055\natives/stm/streaming/character/_kit/hair/hair_026/hair_026_fake_nrmr.tex.760230703 (deflate)
Wrote re_chunk_000.pak.patch_055\natives/stm/character/_kit/_equipment/tops/811/embroidery_811_1_nrmr.tex.760230703 (deflate)
Wrote re_chunk_000.pak.patch_055\natives/stm/character/wp/wp00/004/wp00_004_0_0_nrmr.tex.760230703 (deflate)
Wrote re_chunk_000.pak.patch_055\natives/stm/streaming/character/ch/ch26_000/eq26_000_01/eq26_000_01_0_nrmr.tex.760230703 (deflate)
Wrote re_chunk_000.pak.patch_055\natives/stm/character/wp/wp01/011/wp01_011_0_1_nrmr.tex.760230703 (deflate)
Wrote re_chunk_000.pak.patch_055\natives/stm/streaming/environment/textures/tx_045_nrmr.tex.760230703 (deflate)
Wrote re_chunk_000.pak.patch_055\natives/stm/character/_kit/_equipment/tops/529/am_529_0_0_nrmr.tex.760230703 (deflate)
Wrote re_chunk_000.pak.patch_055\natives/stm/streaming/character/_kit/_equipment/tops/037/bd_037_0_5_nrmr.tex.760230703 (deflate)
Wrote re_chunk_000.pak.patch_055\natives/stm/streaming/character/_kit/_equipment/helm/023/hl_023_0_0_nrmr.tex.760230703 (deflate)
Wrote re_chunk_000.pak.patch_055\natives/stm/streaming/character/_kit/_equipment/tops/545/am_545_0_0_nrmr.tex.760230703 (deflate)
Wrote re_chunk_000.pak.patch_055\natives/stm/streaming/character/_kit/head/head_606_f/head_606_f_high_nrmr.tex.760230703 (deflate)
Wrote re_chunk_000.pak.patch_055\natives/stm/character/_kit/head/head_605_m/head_605_m_low_nrm.tex.760230703 (deflate)
Wrote re_chunk_000.pak.patch_055\natives/stm/streaming/character/ch/ch26_000/eq26_000_05/eq26_000_05_4_nrmr.tex.760230703 (deflate)
Wrote re_chunk_000.pak.patch_055\natives/stm/streaming/character/ch/ch21_000/ch21_000_eye_nrmr.tex.760230703 (deflate)
Wrote re_chunk_000.pak.patch_055\natives/stm/character/_kit/body/body_602_f/hand_602_f_low_nrm.tex.760230703 (deflate)
Wrote re_chunk_000.pak.patch_055\natives/stm/character/_kit/hair/hair_804/hair_804_nrmr.tex.760230703 (deflate)
Wrote re_chunk_000.pak.patch_055\natives/stm/character/_kit/_equipment/helm/257/hl_257_0_1_nrmr.tex.760230703 (deflate)
Wrote re_chunk_000.pak.patch_055\natives/stm/streaming/character/_kit/body/body_605_m/body_605_m_low_nrm.tex.760230703 (deflate)
Wrote re_chunk_000.pak.patch_055\natives/stm/streaming/character/ch/ch99_410/ch99_410_body_a_eyeflatten_nrmr.tex.760230703 (deflate)
Wrote re_chunk_000.pak.patch_055\natives/stm/character/_kit/hair/hair_102/hair_102_fake_nrmr.tex.760230703 (deflate)
Wrote re_chunk_000.pak.patch_055\natives/stm/character/_kit/body/body_214_m/hand_214_m_low_nrm.tex.760230703 (deflate)
Wrote re_chunk_000.pak.patch_055\natives/stm/streaming/character/_kit/body/body_220_m/body_220_m_high_nrmr.tex.760230703 (deflate)
Wrote re_chunk_000.pak.patch_055\natives/stm/streaming/character/_kit/_equipment/tops/049/bd_049_0_3_nrmr.tex.760230703 (deflate)
Wrote re_chunk_000.pak.patch_055\natives/stm/character/wp/wp07/007/wp07_007_0_0_nrmr.tex.760230703 (deflate)
Wrote re_chunk_000.pak.patch_055\natives/stm/character/_kit/beard/beard_103/beard_103_fake_nrmr.tex.760230703 (deflate)
Wrote re_chunk_000.pak.patch_055\natives/stm/streaming/character/wp/wp04/008/wp04_008_0_0_nrmr.tex.760230703 (deflate)
Wrote re_chunk_000.pak.patch_055\natives/stm/streaming/character/ch/ch20_001/wp20_001_21/wp20_001_21_1_nrmr.tex.760230703 (deflate)
Wrote re_chunk_000.pak.patch_055\natives/stm/character/ch/ch28_000/head/head_910_m/eye_910_nrmr.tex.760230703 (deflate)
Wrote re_chunk_000.pak.patch_055\natives/stm/streaming/character/_kit/body/body_201_f/hand_201_f_high_nrmr.tex.760230703 (deflate)
Wrote re_chunk_000.pak.patch_055\natives/stm/character/_kit/hair/hair_806/hair_806_fake_nrmr.tex.760230703 (deflate)
Wrote re_chunk_000.pak.patch_055\natives/stm/streaming/character/_kit/_equipment/tops/007/bd_007_0_3_nrmr.tex.760230703 (deflate)
Wrote re_chunk_000.pak.patch_055\natives/stm/character/_kit/_equipment/helm/210/hl_210_0_0_nrmr.tex.760230703 (deflate)
Wrote re_chunk_000.pak.patch_055\natives/stm/streaming/character/_kit/_equipment/tops/041/bd_041_0_0_nrmr.tex.760230703 (deflate)
Wrote re_chunk_000.pak.patch_055\natives/stm/character/_kit/body/body_200_m/hand_200_m_high_nrmr.tex.760230703 (deflate)
Wrote re_chunk_000.pak.patch_055\natives/stm/streaming/character/_kit/head/head_219_m/head_219_m_high_nrmr.tex.760230703 (deflate)
Wrote re_chunk_000.pak.patch_055\natives/stm/character/_kit/body/body_603_m/hand_603_m_low_nrm.tex.760230703 (deflate)
Wrote re_chunk_000.pak.patch_055\natives/stm/streaming/character/_kit/beard/beard_101/beard_101_fake_nrmr.tex.760230703 (deflate)
Wrote re_chunk_000.pak.patch_055\natives/stm/character/_kit/body/body_201_m/hand_201_m_low_nrm.tex.760230703 (deflate)
Wrote re_chunk_000.pak.patch_055\natives/stm/character/_kit/_equipment/tops/532/bd_532_0_2_nrmr.tex.760230703 (deflate)
Wrote re_chunk_000.pak.patch_055\natives/stm/streaming/character/ch/ch52_011/ch52_011_head_nrmr.tex.760230703 (deflate)
Wrote re_chunk_000.pak.patch_055\natives/stm/streaming/character/_kit/body/body_218_m/body_218_m_low_nrm.tex.760230703 (deflate)
Wrote re_chunk_000.pak.patch_055\natives/stm/character/_kit/_equipment/tops/267/bd_267_0_0_nrmr.tex.760230703 (deflate)
Wrote re_chunk_000.pak.patch_055\natives/stm/character/_kit/_equipment/tops/036/bd_036_0_2_nrmr.tex.760230703 (deflate)
Wrote re_chunk_000.pak.patch_055\natives/stm/character/_kit/_equipment/tops/047/bd_047_0_1_nrmr.tex.760230703 (deflate)
Wrote re_chunk_000.pak.patch_055\natives/stm/character/_kit/_equipment/facewear/026/hl_026_0_0_nrmr.tex.760230703 (deflate)
Wrote re_chunk_000.pak.patch_055\natives/stm/character/_kit/body/body_204_m/body_204_m_high_nrmr.tex.760230703 (deflate)
Wrote re_chunk_000.pak.patch_055\natives/stm/streaming/character/_kit/_equipment/tops/601/wb_601_0_0_nrmr.tex.760230703 (deflate)
Wrote re_chunk_000.pak.patch_055\natives/stm/streaming/character/_kit/_equipment/mantle/835/mt_835_0_1_nrmr.tex.760230703 (deflate)
Wrote re_chunk_000.pak.patch_055\natives/stm/streaming/character/wp/wp01/000/wp01_000_0_0_nrmr.tex.760230703 (deflate)
Wrote re_chunk_000.pak.patch_055\natives/stm/streaming/character/_kit/head/head_212_f/head_212_f_high_nrmr.tex.760230703 (deflate)
Wrote re_chunk_000.pak.patch_055\natives/stm/character/wp/wp00/012/wp00_012_0_0_nrmr.tex.760230703 (deflate)
Wrote re_chunk_000.pak.patch_055\natives/stm/character/_kit/_equipment/mantle/004/mt_004_0_1_nrmr.tex.760230703 (deflate)
Wrote re_chunk_000.pak.patch_055\natives/stm/character/_kit/_equipment/tops/015/bd_015_0_1_nrmr.tex.760230703 (deflate)
Wrote re_chunk_000.pak.patch_055\natives/stm/character/_kit/head/_common/textures/teeth/teeth_bm_common_nrmr.tex.760230703 (deflate)
Wrote re_chunk_000.pak.patch_055\natives/stm/character/ch/ch20_000/wp20_000_81/wp20_000_81_0_nrmr.tex.760230703 (deflate)
Wrote re_chunk_000.pak.patch_055\natives/stm/streaming/character/ch/ch28_000/hair/hair_912/hair_912_nrmr.tex.760230703 (deflate)
Wrote re_chunk_000.pak.patch_055\natives/stm/streaming/character/ch/ch54_001/ch54_001_body2_nrmr.tex.760230703 (deflate)
Wrote re_chunk_000.pak.patch_055\natives/stm/character/ch/ch28_000/head/head_900_m/head_900_m_nrmr.tex.760230703 (deflate)
Wrote re_chunk_000.pak.patch_055\natives/stm/streaming/character/_kit/_equipment/tops/003/bd_003_0_3_nrmr.tex.760230703 (deflate)
Wrote re_chunk_000.pak.patch_055\natives/stm/character/wp/wp00/000/wp00_000_0_0_nrmr.tex.760230703 (deflate)
Wrote re_chunk_000.pak.patch_055\natives/stm/streaming/character/_kit/head/head_201_f/head_201_f_high_nrmr.tex.760230703 (deflate)
Wrote re_chunk_000.pak.patch_055\natives/stm/character/_kit/_equipment/tops/830/am_830_0_0_nrmr.tex.760230703 (deflate)
Wrote re_chunk_000.pak.patch_055\natives/stm/character/_kit/body/body_613_m/body_613_m_high_nrmr.tex.760230703 (deflate)
Wrote re_chunk_000.pak.patch_055\natives/stm/streaming/character/_kit/_equipment/tops/600/wb_600_0_0_nrmr.tex.760230703 (deflate)
Wrote re_chunk_000.pak.patch_055\natives/stm/character/_kit/hair/hair_022/hair_022_nrmr.tex.760230703 (deflate)
Wrote re_chunk_000.pak.patch_055\natives/stm/streaming/character/_kit/head/head_210_m/head_210_m_low_nrm.tex.760230703 (deflate)
Wrote re_chunk_000.pak.patch_055\natives/stm/streaming/character/_kit/_equipment/tops/038/am_038_0_0_nrmr.tex.760230703 (deflate)
Wrote re_chunk_000.pak.patch_055\natives/stm/character/ch/ch99_400/ch99_400_body_a_nrmr.tex.760230703 (deflate)
Wrote re_chunk_000.pak.patch_055\natives/stm/materiallibrary/original/detail/detail_blanket_00_001/detail_blanket_00_001_c_nrmr.tex.760230703 (deflate)
Wrote re_chunk_000.pak.patch_055\natives/stm/streaming/character/_kit/_equipment/pants/009/wl_009_0_0_nrmr.tex.760230703 (deflate)
Wrote re_chunk_000.pak.patch_055\natives/stm/character/_kit/hair/hair_008/hair_008_nrmr.tex.760230703 (deflate)
Wrote re_chunk_000.pak.patch_055\natives/stm/streaming/character/_kit/_equipment/helm/029/hl_029_0_0_nrmr.tex.760230703 (deflate)
Wrote re_chunk_000.pak.patch_055\natives/stm/streaming/character/_kit/_equipment/helm/607/hl_607_0_0_nrmr.tex.760230703 (deflate)
Wrote re_chunk_000.pak.patch_055\natives/stm/character/_kit/hair/hair_004/hair_004_fake_nrmr.tex.760230703 (deflate)
Wrote re_chunk_000.pak.patch_055\natives/stm/character/_kit/_equipment/helm/246/hl_246_0_0_nrmr.tex.760230703 (deflate)
Wrote re_chunk_000.pak.patch_055\natives/stm/streaming/character/ch/ch28_000/hair/hair_901/hair_901_nrmr.tex.760230703 (deflate)
Wrote re_chunk_000.pak.patch_055\natives/stm/character/_kit/_equipment/helm/517/hl_517_0_1_nrmr.tex.760230703 (deflate)
Wrote re_chunk_000.pak.patch_055\natives/stm/streaming/character/ch/ch55_000/ch55_000_body1_nrmr.tex.760230703 (deflate)
Wrote re_chunk_000.pak.patch_055\natives/stm/character/_kit/body/body_004_m/hand_004_m_high_nrmr.tex.760230703 (deflate)
Wrote re_chunk_000.pak.patch_055\natives/stm/character/_kit/_equipment/tops/621/wb_621_0_0_nrmr.tex.760230703 (deflate)
Wrote re_chunk_000.pak.patch_055\natives/stm/character/_kit/_equipment/mantle/038/mt_038_0_0_nrmr.tex.760230703 (deflate)
Wrote re_chunk_000.pak.patch_055\natives/stm/streaming/character/_kit/_equipment/mantle/807/mt_807_0_0_nrmr.tex.760230703 (deflate)
Wrote re_chunk_000.pak.patch_055\natives/stm/streaming/character/_kit/_equipment/tops/606/wb_606_0_0_nrmr.tex.760230703 (deflate)
Wrote re_chunk_000.pak.patch_055\natives/stm/streaming/character/_kit/body/body_218_f/hand_218_f_high_nrmr.tex.760230703 (deflate)
Wrote re_chunk_000.pak.patch_055\natives/stm/character/wp/wp05/005/wp05_005_0_0_nrmr.tex.760230703 (deflate)
Wrote re_chunk_000.pak.patch_055\natives/stm/streaming/character/_kit/_equipment/tops/801/bd_801_0_2_nrmr.tex.760230703 (deflate)
Wrote re_chunk_000.pak.patch_055\natives/stm/character/_kit/_equipment/pants/600/wl_600_0_0_nrmr.tex.760230703 (deflate)
Wrote re_chunk_000.pak.patch_055\natives/stm/character/_kit/_equipment/tops/621/am_621_0_1_nrmr.tex.760230703 (deflate)
Wrote re_chunk_000.pak.patch_055\natives/stm/streaming/character/_kit/_equipment/pants/803/lg_803_0_1_nrmr.tex.760230703 (deflate)
Wrote re_chunk_000.pak.patch_055\natives/stm/character/_kit/_equipment/tops/007/bd_007_0_1_nrmr.tex.760230703 (deflate)
Wrote re_chunk_000.pak.patch_055\natives/stm/streaming/character/ch/ch60_000/ch60_000_eyeflatten_nrmr.tex.760230703 (deflate)
Wrote re_chunk_000.pak.patch_055\natives/stm/character/ch/ch20_001/wp20_001_20/wp20_001_20_0_1_nrmr.tex.760230703 (deflate)
Wrote re_chunk_000.pak.patch_055\natives/stm/streaming/character/_kit/body/body_211_m/body_211_m_low_nrm.tex.760230703 (deflate)
Wrote re_chunk_000.pak.patch_055\natives/stm/streaming/character/_kit/_equipment/tops/508/wb_508_0_0_nrmr.tex.760230703 (deflate)
Wrote re_chunk_000.pak.patch_055\natives/stm/streaming/character/_kit/_equipment/tops/005/wb_005_0_1_nrmr.tex.760230703 (deflate)
Wrote re_chunk_000.pak.patch_055\natives/stm/character/_kit/body/body_204_m/hand_204_m_low_nrm.tex.760230703 (deflate)
Wrote re_chunk_000.pak.patch_055\natives/stm/character/ch/ch51_001/ch51_001_eyeflatten_nrmr.tex.760230703 (deflate)
Wrote re_chunk_000.pak.patch_055\natives/stm/streaming/character/_kit/_equipment/tops/012/am_012_0_0_nrmr.tex.760230703 (deflate)
Wrote re_chunk_000.pak.patch_055\natives/stm/character/ch/ch99_003/ch99_003_horn_a_nrmr.tex.760230703 (deflate)
Wrote re_chunk_000.pak.patch_055\natives/stm/streaming/character/ch/ch26_000/eq26_000_04/eq26_000_04_9_nrmr.tex.760230703 (deflate)
Wrote re_chunk_000.pak.patch_055\natives/stm/streaming/character/ch/ch54_000/ch54_000_eye2_nrmr.tex.760230703 (deflate)
Wrote re_chunk_000.pak.patch_055\natives/stm/streaming/character/_kit/body/body_820_m/body_820_m_high_nrmr.tex.760230703 (deflate)
Wrote re_chunk_000.pak.patch_055\natives/stm/character/_kit/_equipment/tops/615/bd_615_0_0_nrmr.tex.760230703 (deflate)
Wrote re_chunk_000.pak.patch_055\natives/stm/character/ch/ch54_001/ch54_001_eyeflatten_nrmr.tex.760230703 (deflate)
Wrote re_chunk_000.pak.patch_055\natives/stm/streaming/character/_kit/head/head_216_f/head_216_f_high_nrmr.tex.760230703 (deflate)
Wrote re_chunk_000.pak.patch_055\natives/stm/character/_kit/beard/beard_811/beard_811_fake_nrmr.tex.760230703 (deflate)
Wrote re_chunk_000.pak.patch_055\natives/stm/streaming/character/_kit/body/body_605_f/body_605_f_low_nrm.tex.760230703 (deflate)
Wrote re_chunk_000.pak.patch_055\natives/stm/character/ch/ch20_002/wp20_002_01/wp20_002_01_0_nrmr.tex.760230703 (deflate)
Wrote re_chunk_000.pak.patch_055\natives/stm/character/wp/wp01/004/wp01_004_0_1_nrmr.tex.760230703 (deflate)
Wrote re_chunk_000.pak.patch_055\natives/stm/streaming/character/_kit/_equipment/helm/207/hl_207_0_0_mat_nrmr.tex.760230703 (deflate)
Wrote re_chunk_000.pak.patch_055\natives/stm/streaming/character/ch/ch28_000/body/body_901_m/hand_901_m_nrmr.tex.760230703 (deflate)
Wrote re_chunk_000.pak.patch_055\natives/stm/streaming/character/_kit/hair/hair_057/hair_057_nrmr.tex.760230703 (deflate)
Wrote re_chunk_000.pak.patch_055\natives/stm/character/ch/ch23_000/ch23_000_head_nrmr.tex.760230703 (deflate)
Wrote re_chunk_000.pak.patch_055\natives/stm/vfx/texture/stone/13_stone_000_00_nrmr.tex.760230703 (deflate)
Wrote re_chunk_000.pak.patch_055\natives/stm/streaming/character/ch/ch58_000/ch58_000_wing_nrmr.tex.760230703 (deflate)
Wrote re_chunk_000.pak.patch_055\natives/stm/streaming/character/_kit/_equipment/tops/505/am_505_0_0_nrmr.tex.760230703 (deflate)
Wrote re_chunk_000.pak.patch_055\natives/stm/streaming/character/ch/ch58_000/ch58_000_tail_nrmr.tex.760230703 (deflate)
Wrote re_chunk_000.pak.patch_055\natives/stm/streaming/character/ch/ch20_001/helm/04/eq20_001_04_hl_1_nrmr.tex.760230703 (deflate)
Wrote re_chunk_000.pak.patch_055\natives/stm/streaming/character/_kit/body/body_208_f/hand_208_f_high_nrmr.tex.760230703 (deflate)
Wrote re_chunk_000.pak.patch_055\natives/stm/streaming/character/_kit/_equipment/pants/621/wl_621_0_2_nrmr.tex.760230703 (deflate)
Wrote re_chunk_000.pak.patch_055\natives/stm/character/_kit/_equipment/mantle/506/mt_506_0_0_nrmr.tex.760230703 (deflate)
Wrote re_chunk_000.pak.patch_055\natives/stm/streaming/character/_kit/_equipment/tops/532/am_532_0_0_nrmr.tex.760230703 (deflate)
Wrote re_chunk_000.pak.patch_055\natives/stm/streaming/character/_kit/head/head_209_f/head_209_f_low_nrm.tex.760230703 (deflate)
Wrote re_chunk_000.pak.patch_055\natives/stm/streaming/character/_kit/head/head_605_f/head_605_f_high_nrmr.tex.760230703 (deflate)
Wrote re_chunk_000.pak.patch_055\natives/stm/character/_kit/hair/hair_039/hair_039_fake_nrmr.tex.760230703 (deflate)
Wrote re_chunk_000.pak.patch_055\natives/stm/character/_kit/head/head_216_f/head_216_f_high_nrmr.tex.760230703 (deflate)
Wrote re_chunk_000.pak.patch_055\natives/stm/character/ch/ch99_400/ch99_400_body_a_eyeflatten_nrmr.tex.760230703 (deflate)
Wrote re_chunk_000.pak.patch_055\natives/stm/character/_kit/_equipment/helm/274/hl_274_0_0_nrmr.tex.760230703 (deflate)
Wrote re_chunk_000.pak.patch_055\natives/stm/character/_kit/_equipment/pants/606/lg_606_0_0_nrmr.tex.760230703 (deflate)
Wrote re_chunk_000.pak.patch_055\natives/stm/streaming/character/ch/ch21_001/ch21_001_eye_nrmr.tex.760230703 (deflate)
Wrote re_chunk_000.pak.patch_055\natives/stm/streaming/character/_kit/_equipment/tops/616/wb_616_0_0_nrmr.tex.760230703 (deflate)
Wrote re_chunk_000.pak.patch_055\natives/stm/character/ch/ch26_000/eq26_000_03/eq26_000_03_2_nrmr.tex.760230703 (deflate)
Wrote re_chunk_000.pak.patch_055\natives/stm/character/_kit/_equipment/pants/803/lg_803_0_1_nrmr.tex.760230703 (deflate)
Wrote re_chunk_000.pak.patch_055\natives/stm/character/_kit/body/body_205_f/body_205_f_high_nrmr.tex.760230703 (deflate)
Wrote re_chunk_000.pak.patch_055\natives/stm/character/_kit/_equipment/facewear/020/hl_020_0_0_nrmr.tex.760230703 (deflate)
Wrote re_chunk_000.pak.patch_055\natives/stm/character/ch/ch23_001/ch23_001_angryhead_nrmr.tex.760230703 (deflate)
Wrote re_chunk_000.pak.patch_055\natives/stm/streaming/character/it/it02/003/it02_003_0_0_nrmr.tex.760230703 (deflate)
Wrote re_chunk_000.pak.patch_055\natives/stm/streaming/character/_kit/head/head_221_m/head_221_m_high_nrmr.tex.760230703 (deflate)
Wrote re_chunk_000.pak.patch_055\natives/stm/streaming/character/ch/ch52_000/ch52_000_body1_nrmr.tex.760230703 (deflate)
Wrote re_chunk_000.pak.patch_055\natives/stm/environment/textures/tx_117_nrmr.tex.760230703 (deflate)
Wrote re_chunk_000.pak.patch_055\natives/stm/streaming/character/_kit/_equipment/tops/009/am_009_0_0_nrmr.tex.760230703 (deflate)
Wrote re_chunk_000.pak.patch_055\natives/stm/streaming/character/_kit/beard/beard_103/beard_103_fake_nrmr.tex.760230703 (deflate)
Wrote re_chunk_000.pak.patch_055\natives/stm/character/_kit/_equipment/helm/051/hl_051_0_0_nrmr.tex.760230703 (deflate)
Wrote re_chunk_000.pak.patch_055\natives/stm/character/ch/ch53_001/ch53_001_eye_nrmr.tex.760230703 (deflate)
Wrote re_chunk_000.pak.patch_055\natives/stm/character/wp/wp02/000/wp02_000_0_0_nrmr.tex.760230703 (deflate)
Wrote re_chunk_000.pak.patch_055\natives/stm/streaming/character/ch/ch28_000/body/body_901_m/body_901_m_nrmr.tex.760230703 (deflate)
Wrote re_chunk_000.pak.patch_055\natives/stm/streaming/character/_kit/hair/hair_013/hair_013_fake_nrmr.tex.760230703 (deflate)
Wrote re_chunk_000.pak.patch_055\natives/stm/streaming/character/_kit/_equipment/tops/001/wb_001_0_0_nrmr.tex.760230703 (deflate)
Wrote re_chunk_000.pak.patch_055\natives/stm/character/_kit/beard/beard_154/beard_154_fake_nrmr.tex.760230703 (deflate)
Wrote re_chunk_000.pak.patch_055\natives/stm/character/wp/wp04/009/wp04_009_0_0_nrmr.tex.760230703 (deflate)
Wrote re_chunk_000.pak.patch_055\natives/stm/streaming/character/_kit/body/body_820_f/hand_820_f_high_nrmr.tex.760230703 (deflate)
Wrote re_chunk_000.pak.patch_055\natives/stm/character/_kit/_equipment/pants/509/lg_509_0_0_nrmr.tex.760230703 (deflate)
Wrote re_chunk_000.pak.patch_055\natives/stm/character/_kit/hair/hair_009/hair_009_fake_nrmr.tex.760230703 (deflate)
Wrote re_chunk_000.pak.patch_055\natives/stm/streaming/character/_kit/beard/beard_130/beard_130_fake_nrmr.tex.760230703 (deflate)
Wrote re_chunk_000.pak.patch_055\natives/stm/streaming/character/_kit/_equipment/tops/210/bd_210_0_1_nrmr.tex.760230703 (deflate)
Wrote re_chunk_000.pak.patch_055\natives/stm/character/ch/ch28_000/body/body_910_m/hand_910_m_nrmr.tex.760230703 (deflate)
Wrote re_chunk_000.pak.patch_055\natives/stm/streaming/character/_kit/_equipment/tops/007/bd_007_0_1_nrmr.tex.760230703 (deflate)
Wrote re_chunk_000.pak.patch_055\natives/stm/character/_kit/_equipment/pants/524/wl_524_0_0_nrmr.tex.760230703 (deflate)
Wrote re_chunk_000.pak.patch_055\natives/stm/character/_kit/_equipment/mantle/601/mt_601_0_0_nrmr.tex.760230703 (deflate)
Wrote re_chunk_000.pak.patch_055\natives/stm/character/wp/wp01/001/wp01_001_0_0_nrmr.tex.760230703 (deflate)
Wrote re_chunk_000.pak.patch_055\natives/stm/character/_kit/_equipment/tops/521/embroidery_01_nrmr.tex.760230703 (deflate)
Wrote re_chunk_000.pak.patch_055\natives/stm/character/_kit/_equipment/tops/632/wb_632_0_0_nrmr.tex.760230703 (deflate)
Wrote re_chunk_000.pak.patch_055\natives/stm/streaming/character/wp/wp02/002/wp02_002_0_0_nrmr.tex.760230703 (deflate)
Wrote re_chunk_000.pak.patch_055\natives/stm/character/_kit/head/head_606_f/head_606_f_high_nrmr.tex.760230703 (deflate)
Wrote re_chunk_000.pak.patch_055\natives/stm/character/ch/ch26_000/eq26_000_03/eq26_000_03_3_nrmr.tex.760230703 (deflate)
Wrote re_chunk_000.pak.patch_055\natives/stm/streaming/character/ch/ch28_000/head/head_902_f/head_902_f_nrmr.tex.760230703 (deflate)
Wrote re_chunk_000.pak.patch_055\natives/stm/character/_kit/body/body_224_f/body_224_f_low_nrm.tex.760230703 (deflate)
Wrote re_chunk_000.pak.patch_055\natives/stm/character/ch/ch50_000/ch50_000_fur_nrmr.tex.760230703 (deflate)
Wrote re_chunk_000.pak.patch_055\natives/stm/streaming/character/_kit/_equipment/tops/808/am_808_0_0_nrmr.tex.760230703 (deflate)
Wrote re_chunk_000.pak.patch_055\natives/stm/streaming/character/_kit/_equipment/pants/045/lg_045_0_0_nrmr.tex.760230703 (deflate)
Wrote re_chunk_000.pak.patch_055\natives/stm/character/ch/ch27_001/wp27_001_00/wp27_001_00_0_nrmr.tex.760230703 (deflate)
Wrote re_chunk_000.pak.patch_055\natives/stm/character/ch/ch20_000/wp20_000_20/wp20_000_20_1_nrmr.tex.760230703 (deflate)
Wrote re_chunk_000.pak.patch_055\natives/stm/character/_kit/body/body_218_f/hand_218_f_high_nrmr.tex.760230703 (deflate)
Wrote re_chunk_000.pak.patch_055\natives/stm/character/_kit/head/head_202_f/head_202_f_high_nrmr.tex.760230703 (deflate)
Wrote re_chunk_000.pak.patch_055\natives/stm/character/_kit/_equipment/pants/211/wl_211_0_0_nrmr.tex.760230703 (deflate)
Wrote re_chunk_000.pak.patch_055\natives/stm/character/_kit/_equipment/tops/003/am_003_0_0_nrmr.tex.760230703 (deflate)
Wrote re_chunk_000.pak.patch_055\natives/stm/streaming/character/_kit/_equipment/tops/535/bd_535_0_0_nrmr.tex.760230703 (deflate)
Wrote re_chunk_000.pak.patch_055\natives/stm/streaming/character/_kit/hair/hair_026/himo_nrmr.tex.760230703 (deflate)
Wrote re_chunk_000.pak.patch_055\natives/stm/character/wp/wp06/014/wp06_014_0_0_nrmr.tex.760230703 (deflate)
Wrote re_chunk_000.pak.patch_055\natives/stm/streaming/character/_kit/_equipment/tops/814/wb_814_0_0_nrmr.tex.760230703 (deflate)
Wrote re_chunk_000.pak.patch_055\natives/stm/character/wp/wp04/016/wp04_016_0_0_nrmr.tex.760230703 (deflate)
Wrote re_chunk_000.pak.patch_055\natives/stm/character/_kit/head/head_004_f/head_004_f_low_nrm.tex.760230703 (deflate)
Wrote re_chunk_000.pak.patch_055\natives/stm/streaming/character/ch/ch28_000/head/head_910_m/eye_910_eyeflatten_nrmr.tex.760230703 (deflate)
Wrote re_chunk_000.pak.patch_055\natives/stm/character/wp/wp03/009/wp03_009_0_0_nrmr.tex.760230703 (deflate)
Wrote re_chunk_000.pak.patch_055\natives/stm/streaming/character/_kit/_equipment/tops/810/bd_810_0_0_nrmr.tex.760230703 (deflate)
Wrote re_chunk_000.pak.patch_055\natives/stm/streaming/character/_kit/head/_common/textures/teeth/teeth_bm_common_nrmr.tex.760230703 (deflate)
Wrote re_chunk_000.pak.patch_055\natives/stm/character/_kit/_equipment/tops/810/bd_810_0_3_nrmr.tex.760230703 (deflate)
Wrote re_chunk_000.pak.patch_055\natives/stm/character/_kit/beard/beard_134/beard_134_fake_nrmr.tex.760230703 (deflate)
Wrote re_chunk_000.pak.patch_055\natives/stm/character/_kit/_equipment/tops/264/bd_264_0_4_nrmr.tex.760230703 (deflate)
Wrote re_chunk_000.pak.patch_055\natives/stm/streaming/character/_kit/_equipment/tops/517/bd_517_0_0_nrmr.tex.760230703 (deflate)
Wrote re_chunk_000.pak.patch_055\natives/stm/character/_kit/_equipment/tops/825/bd_825_0_1_nrmr.tex.760230703 (deflate)
Wrote re_chunk_000.pak.patch_055\natives/stm/streaming/character/_kit/head/head_214_f/head_214_f_high_nrmr.tex.760230703 (deflate)
Wrote re_chunk_000.pak.patch_055\natives/stm/character/_kit/_equipment/tops/001/bd_001_0_4_nrmr.tex.760230703 (deflate)
Wrote re_chunk_000.pak.patch_055\natives/stm/streaming/character/_kit/body/body_001_f/hand_001_f_high_nrmr.tex.760230703 (deflate)
Wrote re_chunk_000.pak.patch_055\natives/stm/streaming/character/_kit/hair/hair_063/hair_063_fake_nrmr.tex.760230703 (deflate)
Wrote re_chunk_000.pak.patch_055\natives/stm/streaming/character/ch/ch26_000/ch26_000_body_nrmr.tex.760230703 (deflate)
Wrote re_chunk_000.pak.patch_055\natives/stm/streaming/character/_kit/_equipment/tops/005/am_005_0_0_nrmr.tex.760230703 (deflate)
Wrote re_chunk_000.pak.patch_055\natives/stm/streaming/character/_kit/_equipment/pants/274/wl_274_0_0_nrmr.tex.760230703 (deflate)
Wrote re_chunk_000.pak.patch_055\natives/stm/streaming/character/_kit/hair/hair_025/hair_025_fake_nrmr.tex.760230703 (deflate)
Wrote re_chunk_000.pak.patch_055\natives/stm/character/_kit/_equipment/tops/540/wb_540_0_1_nrmr.tex.760230703 (deflate)
Wrote re_chunk_000.pak.patch_055\natives/stm/character/_kit/_equipment/tops/041/bd_041_0_2_nrmr.tex.760230703 (deflate)
Wrote re_chunk_000.pak.patch_055\natives/stm/character/_kit/body/body_606_f/body_606_f_low_nrm.tex.760230703 (deflate)
Wrote re_chunk_000.pak.patch_055\natives/stm/character/_kit/_equipment/helm/609/hl_609_0_0_nrmr.tex.760230703 (deflate)
Wrote re_chunk_000.pak.patch_055\natives/stm/streaming/character/wp/wp03/050/wp03_050_0_0_nrmr.tex.760230703 (deflate)
Wrote re_chunk_000.pak.patch_055\natives/stm/character/_kit/_equipment/tops/532/wb_532_0_0_nrmr.tex.760230703 (deflate)
Wrote re_chunk_000.pak.patch_055\natives/stm/streaming/character/ch/ch26_000/eq26_000_02/eq26_000_02_4_nrmr.tex.760230703 (deflate)
Wrote re_chunk_000.pak.patch_055\natives/stm/streaming/character/_kit/_equipment/tops/274/wb_274_0_3_nrmr.tex.760230703 (deflate)
Wrote re_chunk_000.pak.patch_055\natives/stm/character/_kit/beard/beard_120/beard_120_fake_nrmr.tex.760230703 (deflate)
Wrote re_chunk_000.pak.patch_055\natives/stm/streaming/character/_kit/hair/hair_064/hair_064_nrmr.tex.760230703 (deflate)
Wrote re_chunk_000.pak.patch_055\natives/stm/character/ch/ch59_000/ch59_000_body4_nrmr.tex.760230703 (deflate)
Wrote re_chunk_000.pak.patch_055\natives/stm/streaming/character/_kit/body/body_605_m/hand_605_m_high_nrmr.tex.760230703 (deflate)
Wrote re_chunk_000.pak.patch_055\natives/stm/streaming/character/_kit/_equipment/tops/001/bd_001_0_0_nrmr.tex.760230703 (deflate)
Wrote re_chunk_000.pak.patch_055\natives/stm/streaming/character/_kit/hair/hair_040/hair_040_fake_nrmr.tex.760230703 (deflate)
Wrote re_chunk_000.pak.patch_055\natives/stm/character/_kit/_equipment/tops/528/wb_528_0_0_nrmr.tex.760230703 (deflate)
Wrote re_chunk_000.pak.patch_055\natives/stm/character/_kit/_equipment/tops/520/wb_520_0_0_nrmr.tex.760230703 (deflate)
Wrote re_chunk_000.pak.patch_055\natives/stm/character/_kit/_equipment/tops/267/am_267_0_0_nrmr.tex.760230703 (deflate)
Wrote re_chunk_000.pak.patch_055\natives/stm/streaming/character/_kit/_equipment/tops/524/bd_524_0_0_nrmr.tex.760230703 (deflate)
Wrote re_chunk_000.pak.patch_055\natives/stm/character/_kit/_equipment/tops/045/bd_045_0_1_nrmr.tex.760230703 (deflate)
Wrote re_chunk_000.pak.patch_055\natives/stm/character/_kit/body/body_217_m/hand_217_m_high_nrmr.tex.760230703 (deflate)
Wrote re_chunk_000.pak.patch_055\natives/stm/streaming/character/ch/ch28_000/head/head_901_m/head_901_m_nrmr.tex.760230703 (deflate)
Wrote re_chunk_000.pak.patch_055\natives/stm/streaming/character/_kit/body/body_217_m/body_217_m_high_nrmr.tex.760230703 (deflate)
Wrote re_chunk_000.pak.patch_055\natives/stm/character/ch/ch27_000/ch27_000_eye_nrmr.tex.760230703 (deflate)
Wrote re_chunk_000.pak.patch_055\natives/stm/character/_kit/_equipment/tops/237/bd_237_0_4_nrmr.tex.760230703 (deflate)
Wrote re_chunk_000.pak.patch_055\natives/stm/character/_kit/body/body_217_f/body_217_f_low_nrm.tex.760230703 (deflate)
Wrote re_chunk_000.pak.patch_055\natives/stm/character/ch/ch54_000/ch54_000_eyeflatten_nrmr.tex.760230703 (deflate)
Wrote re_chunk_000.pak.patch_055\natives/stm/streaming/character/_kit/hair/hair_059/hair_059_nrmr.tex.760230703 (deflate)
Wrote re_chunk_000.pak.patch_055\natives/stm/streaming/character/wp/wp03/005/wp03_005_0_0_nrmr.tex.760230703 (deflate)
Wrote re_chunk_000.pak.patch_055\natives/stm/character/_kit/_equipment/tops/622/am_622_0_0_nrmr.tex.760230703 (deflate)
Wrote re_chunk_000.pak.patch_055\natives/stm/streaming/character/wp/wp00/014/wp00_014_0_0_nrmr.tex.760230703 (deflate)
Wrote re_chunk_000.pak.patch_055\natives/stm/character/ch/ch55_010/ch55_010_horn_nrmr.tex.760230703 (deflate)
Wrote re_chunk_000.pak.patch_055\natives/stm/streaming/character/_kit/_equipment/tops/524/am_524_0_0_nrmr.tex.760230703 (deflate)
Wrote re_chunk_000.pak.patch_055\natives/stm/streaming/character/wp/wp06/017/wp06_017_0_0_nrmr.tex.760230703 (deflate)
Wrote re_chunk_000.pak.patch_055\natives/stm/streaming/character/_kit/_equipment/tops/510/am_510_0_0_nrmr.tex.760230703 (deflate)
Wrote re_chunk_000.pak.patch_055\natives/stm/character/_kit/_equipment/tops/526/am_526_0_0_nrmr.tex.760230703 (deflate)
Wrote re_chunk_000.pak.patch_055\natives/stm/streaming/character/_kit/_equipment/tops/013/bd_013_0_2_nrmr.tex.760230703 (deflate)
Wrote re_chunk_000.pak.patch_055\natives/stm/character/_kit/_equipment/tops/608/wb_608_0_1_nrmr.tex.760230703 (deflate)
Wrote re_chunk_000.pak.patch_055\natives/stm/streaming/character/_kit/_equipment/helm/530/hl_530_0_0_nrmr.tex.760230703 (deflate)
Wrote re_chunk_000.pak.patch_055\natives/stm/streaming/character/_kit/_equipment/tops/232/wb_232_0_0_nrmr.tex.760230703 (deflate)
Wrote re_chunk_000.pak.patch_055\natives/stm/streaming/character/wp/wp05/009/wp05_009_0_0_nrmr.tex.760230703 (deflate)
Wrote re_chunk_000.pak.patch_055\natives/stm/streaming/character/_kit/hair/hair_049/hair_049_fake_nrmr.tex.760230703 (deflate)
Wrote re_chunk_000.pak.patch_055\natives/stm/character/ch/ch22_000/ch22_000_human_nrmr.tex.760230703 (deflate)
Wrote re_chunk_000.pak.patch_055\natives/stm/character/_kit/head/head_610_m/head_610_m_low_nrm.tex.760230703 (deflate)
Wrote re_chunk_000.pak.patch_055\natives/stm/streaming/character/ch/ch27_000/ch27_000_face_array00_nrmr.tex.760230703 (deflate)
Wrote re_chunk_000.pak.patch_055\natives/stm/streaming/character/_kit/body/body_217_f/hand_217_f_low_nrm.tex.760230703 (deflate)
Wrote re_chunk_000.pak.patch_055\natives/stm/streaming/character/_kit/hair/hair_058/hair_058_fake_nrmr.tex.760230703 (deflate)
Wrote re_chunk_000.pak.patch_055\natives/stm/streaming/character/ch/ch28_000/head/head_900_m/head_900_m_nrmr.tex.760230703 (deflate)
Wrote re_chunk_000.pak.patch_055\natives/stm/character/ch/ch28_000/head/head_910_m/head_910_m_nrmr.tex.760230703 (deflate)
Wrote re_chunk_000.pak.patch_055\natives/stm/character/_kit/_equipment/tops/006/bd_006_0_1_nrmr.tex.760230703 (deflate)
Wrote re_chunk_000.pak.patch_055\natives/stm/streaming/character/_kit/_equipment/tops/808/bd_808_0_4_nrmr.tex.760230703 (deflate)
Wrote re_chunk_000.pak.patch_055\natives/stm/streaming/character/_kit/_equipment/backpack/backpack_500/backpack_500_0_7_nrmr.tex.760230703 (deflate)
Wrote re_chunk_000.pak.patch_055\natives/stm/streaming/character/_kit/body/body_222_f/hand_222_f_high_nrmr.tex.760230703 (deflate)
Wrote re_chunk_000.pak.patch_055\natives/stm/streaming/character/_kit/_equipment/tops/047/bd_047_0_1_nrmr.tex.760230703 (deflate)
Wrote re_chunk_000.pak.patch_055\natives/stm/vfx/texture/lives/gm80_134/13_crow_001_00_nrmr.tex.760230703 (deflate)
Wrote re_chunk_000.pak.patch_055\natives/stm/streaming/character/_kit/body/body_606_m/body_606_m_low_nrm.tex.760230703 (deflate)
Wrote re_chunk_000.pak.patch_055\natives/stm/streaming/character/ch/ch54_001/ch54_001_horn_nrmr.tex.760230703 (deflate)
Wrote re_chunk_000.pak.patch_055\natives/stm/character/_kit/_equipment/tops/039/bd_039_0_5_nrmr.tex.760230703 (deflate)
Wrote re_chunk_000.pak.patch_055\natives/stm/character/_kit/_equipment/tops/606/wb_606_0_0_nrmr.tex.760230703 (deflate)
Wrote re_chunk_000.pak.patch_055\natives/stm/character/_kit/_equipment/tops/017/bd_017_0_1_nrmr.tex.760230703 (deflate)
Wrote re_chunk_000.pak.patch_055\natives/stm/streaming/character/_kit/_equipment/tops/541/bd_541_0_0_nrmr.tex.760230703 (deflate)
Wrote re_chunk_000.pak.patch_055\natives/stm/streaming/character/_kit/_equipment/helm/622/hl_622_0_0_nrmr.tex.760230703 (deflate)
Wrote re_chunk_000.pak.patch_055\natives/stm/streaming/character/_kit/_equipment/tops/042/bd_042_0_1_nrmr.tex.760230703 (deflate)
Wrote re_chunk_000.pak.patch_055\natives/stm/character/ch/ch20_000/mantle/01/eq20_000_01_mt_1_nrmr.tex.760230703 (deflate)
Wrote re_chunk_000.pak.patch_055\natives/stm/character/_kit/_equipment/tops/502/am_502_0_0_nrmr.tex.760230703 (deflate)
Wrote re_chunk_000.pak.patch_055\natives/stm/character/_kit/_equipment/tops/002/am_002_0_1_nrmr.tex.760230703 (deflate)
Wrote re_chunk_000.pak.patch_055\natives/stm/character/_kit/head/head_225_f/head_225_f_low_nrm.tex.760230703 (deflate)
Wrote re_chunk_000.pak.patch_055\natives/stm/character/_kit/beard/beard_140/beard_140_nrmr.tex.760230703 (deflate)
Wrote re_chunk_000.pak.patch_055\natives/stm/streaming/character/_kit/_equipment/tops/817/bd_817_0_3_nrmr.tex.760230703 (deflate)
Wrote re_chunk_000.pak.patch_055\natives/stm/character/_kit/_equipment/tops/051/am_051_0_1_nrmr.tex.760230703 (deflate)
Wrote re_chunk_000.pak.patch_055\natives/stm/character/_kit/_equipment/pants/237/lg_237_0_0_nrmr.tex.760230703 (deflate)
Wrote re_chunk_000.pak.patch_055\natives/stm/streaming/character/_kit/_equipment/tops/049/am_049_0_0_nrmr.tex.760230703 (deflate)
Wrote re_chunk_000.pak.patch_055\natives/stm/streaming/character/_kit/body/body_204_f/body_204_f_low_nrm.tex.760230703 (deflate)
Wrote re_chunk_000.pak.patch_055\natives/stm/character/_kit/body/body_200_f/body_200_f_high_nrmr.tex.760230703 (deflate)
Wrote re_chunk_000.pak.patch_055\natives/stm/character/_kit/_equipment/tops/278/am_278_0_1_nrmr.tex.760230703 (deflate)
Wrote re_chunk_000.pak.patch_055\natives/stm/streaming/character/_kit/body/body_206_m/hand_206_m_low_nrm.tex.760230703 (deflate)
Wrote re_chunk_000.pak.patch_055\natives/stm/streaming/character/_kit/_equipment/tops/013/wb_013_0_0_nrmr.tex.760230703 (deflate)
Wrote re_chunk_000.pak.patch_055\natives/stm/character/ch/ch26_000/eq26_000_05/eq26_000_05_0_nrmr.tex.760230703 (deflate)
Wrote re_chunk_000.pak.patch_055\natives/stm/character/it/it10/032/it10_032_nrmr.tex.760230703 (deflate)
Wrote re_chunk_000.pak.patch_055\natives/stm/character/ch/ch28_000/hair/hair_908/hair_908_nrmr.tex.760230703 (deflate)
Wrote re_chunk_000.pak.patch_055\natives/stm/character/ch/ch60_000/ch60_000_hair_nrmr.tex.760230703 (deflate)
Wrote re_chunk_000.pak.patch_055\natives/stm/character/_kit/_equipment/tops/830/bd_830_0_0_nrmr.tex.760230703 (deflate)
Wrote re_chunk_000.pak.patch_055\natives/stm/streaming/character/_kit/body/body_001_f/body_001_f_low_nrm.tex.760230703 (deflate)
Wrote re_chunk_000.pak.patch_055\natives/stm/character/_kit/body/body_607_f/body_607_f_high_nrmr.tex.760230703 (deflate)
Wrote re_chunk_000.pak.patch_055\natives/stm/character/_kit/hair/hair_061/hair_061_nrmr.tex.760230703 (deflate)
Wrote re_chunk_000.pak.patch_055\natives/stm/streaming/character/_kit/beard/beard_002/beard_002_nrmr.tex.760230703 (deflate)
Wrote re_chunk_000.pak.patch_055\natives/stm/streaming/character/_kit/_equipment/tops/621/am_621_0_0_nrmr.tex.760230703 (deflate)
Wrote re_chunk_000.pak.patch_055\natives/stm/streaming/character/_kit/_equipment/pants/039/lg_039_0_0_nrmr.tex.760230703 (deflate)
Wrote re_chunk_000.pak.patch_055\natives/stm/streaming/character/wp/wp06/012/wp06_012_0_0_nrmr.tex.760230703 (deflate)
Wrote re_chunk_000.pak.patch_055\natives/stm/streaming/character/_kit/_equipment/pants/507/lg_507_0_0_nrmr.tex.760230703 (deflate)
Wrote re_chunk_000.pak.patch_055\natives/stm/character/_kit/_equipment/helm/530/hl_530_0_0_nrmr.tex.760230703 (deflate)
Wrote re_chunk_000.pak.patch_055\natives/stm/character/ch/ch20_000/wp20_000_42/wp20_000_42_0_nrmr.tex.760230703 (deflate)
Wrote re_chunk_000.pak.patch_055\natives/stm/character/_kit/body/body_216_m/body_216_m_low_nrm.tex.760230703 (deflate)
Wrote re_chunk_000.pak.patch_055\natives/stm/character/_kit/body/body_601_m/body_601_m_high_nrmr.tex.760230703 (deflate)
Wrote re_chunk_000.pak.patch_055\natives/stm/streaming/character/_kit/body/body_215_m/hand_215_m_low_nrm.tex.760230703 (deflate)
Wrote re_chunk_000.pak.patch_055\natives/stm/character/ch/ch58_001/ch58_001_eye_nrmr.tex.760230703 (deflate)
Wrote re_chunk_000.pak.patch_055\natives/stm/character/ch/ch55_000/ch55_000_body3_nrmr.tex.760230703 (deflate)
Wrote re_chunk_000.pak.patch_055\natives/stm/streaming/character/_kit/head/head_820_f/head_820_f_low_nrm.tex.760230703 (deflate)
Wrote re_chunk_000.pak.patch_055\natives/stm/streaming/character/_kit/_equipment/tops/630/bd_630_1_1_nrmr.tex.760230703 (deflate)
Wrote re_chunk_000.pak.patch_055\natives/stm/streaming/character/_kit/_equipment/tops/525/bd_525_0_0_nrmr.tex.760230703 (deflate)
Wrote re_chunk_000.pak.patch_055\natives/stm/character/_kit/body/body_606_m/body_606_m_high_nrmr.tex.760230703 (deflate)
Wrote re_chunk_000.pak.patch_055\natives/stm/streaming/character/ch/ch51_001/ch51_001_head_nrmr.tex.760230703 (deflate)
Wrote re_chunk_000.pak.patch_055\natives/stm/streaming/character/_kit/hair/hair_064/hair_064_fake_nrmr.tex.760230703 (deflate)
Wrote re_chunk_000.pak.patch_055\natives/stm/character/wp/wp04/007/wp04_007_0_0_nrmr.tex.760230703 (deflate)
Wrote re_chunk_000.pak.patch_055\natives/stm/character/_kit/_equipment/tops/046/bd_046_0_2_nrmr.tex.760230703 (deflate)
Wrote re_chunk_000.pak.patch_055\natives/stm/character/_kit/hair/hair_100/hair_100_fake_nrmr.tex.760230703 (deflate)
Wrote re_chunk_000.pak.patch_055\natives/stm/character/_kit/_equipment/tops/267/wb_267_0_0_nrmr.tex.760230703 (deflate)
Wrote re_chunk_000.pak.patch_055\natives/stm/streaming/character/wp/wp06/016/wp06_016_0_0_nrmr.tex.760230703 (deflate)
Wrote re_chunk_000.pak.patch_055\natives/stm/character/_kit/_equipment/pants/051/wl_051_0_0_nrmr.tex.760230703 (deflate)
Wrote re_chunk_000.pak.patch_055\natives/stm/character/_kit/_equipment/tops/049/wb_049_0_0_nrmr.tex.760230703 (deflate)
Wrote re_chunk_000.pak.patch_055\natives/stm/character/_kit/beard/beard_124/beard_124_fake_nrmr.tex.760230703 (deflate)
Wrote re_chunk_000.pak.patch_055\natives/stm/streaming/character/_kit/_equipment/tops/804/bd_804_0_1_nrmr.tex.760230703 (deflate)
Wrote re_chunk_000.pak.patch_055\natives/stm/vfx/texture/vector/13_vector_000_00_nrmr.tex.760230703 (deflate)
Wrote re_chunk_000.pak.patch_055\natives/stm/character/_kit/body/body_208_f/body_208_f_low_nrm.tex.760230703 (deflate)
Wrote re_chunk_000.pak.patch_055\natives/stm/character/ch/ch29_000/ch29_000_body3_nrmr.tex.760230703 (deflate)
Wrote re_chunk_000.pak.patch_055\natives/stm/streaming/character/_kit/head/head_215_m/head_215_m_low_nrm.tex.760230703 (deflate)
Wrote re_chunk_000.pak.patch_055\natives/stm/character/_kit/body/body_604_f/body_604_f_high_nrmr.tex.760230703 (deflate)
Wrote re_chunk_000.pak.patch_055\natives/stm/character/_kit/_equipment/tops/249/am_249_0_0_nrmr.tex.760230703 (deflate)
Wrote re_chunk_000.pak.patch_055\natives/stm/streaming/character/ch/ch20_000/wp20_000_21/wp20_000_21_1_nrmr.tex.760230703 (deflate)
Wrote re_chunk_000.pak.patch_055\natives/stm/character/ch/ch26_000/wp26_000_08/wp26_000_08_0_nrmr.tex.760230703 (deflate)
Wrote re_chunk_000.pak.patch_055\natives/stm/character/_kit/body/body_200_f/body_200_f_low_nrm.tex.760230703 (deflate)
Wrote re_chunk_000.pak.patch_055\natives/stm/streaming/character/_kit/head/head_201_m/head_201_m_high_nrmr.tex.760230703 (deflate)
Wrote re_chunk_000.pak.patch_055\natives/stm/streaming/character/ch/ch28_000/body/body_910_m/body_910_m_inflation_nrmr.tex.760230703 (deflate)
Wrote re_chunk_000.pak.patch_055\natives/stm/streaming/character/ch/ch54_001/ch54_001_eyeflatten_nrmr.tex.760230703 (deflate)
Wrote re_chunk_000.pak.patch_055\natives/stm/character/_kit/_equipment/tops/527/wb_527_0_0_nrmr.tex.760230703 (deflate)
Wrote re_chunk_000.pak.patch_055\natives/stm/character/_kit/_equipment/pants/046/lg_046_0_0_nrmr.tex.760230703 (deflate)
Wrote re_chunk_000.pak.patch_055\natives/stm/streaming/character/_kit/body/body_600_m/hand_600_m_high_nrmr.tex.760230703 (deflate)
Wrote re_chunk_000.pak.patch_055\natives/stm/streaming/character/_kit/_equipment/tops/540/wb_540_0_0_nrmr.tex.760230703 (deflate)
Wrote re_chunk_000.pak.patch_055\natives/stm/character/_kit/_equipment/tops/003/bd_003_0_2_nrmr.tex.760230703 (deflate)
Wrote re_chunk_000.pak.patch_055\natives/stm/character/ch/ch20_003/mantle/05/eq20_003_05_mt_1_nrmr.tex.760230703 (deflate)
Wrote re_chunk_000.pak.patch_055\natives/stm/streaming/character/_kit/head/head_209_m/head_209_m_high_nrmr.tex.760230703 (deflate)
Wrote re_chunk_000.pak.patch_055\natives/stm/streaming/character/_kit/head/head_002_f/head_002_f_high_nrmr.tex.760230703 (deflate)
Wrote re_chunk_000.pak.patch_055\natives/stm/streaming/character/_kit/_equipment/tops/628/embroidery_35_nrmr.tex.760230703 (deflate)
Wrote re_chunk_000.pak.patch_055\natives/stm/streaming/character/_kit/_equipment/tops/823/wb_823_0_1_nrmr.tex.760230703 (deflate)
Wrote re_chunk_000.pak.patch_055\natives/stm/character/_kit/_equipment/tops/524/wb_524_0_0_nrmr.tex.760230703 (deflate)
Wrote re_chunk_000.pak.patch_055\natives/stm/streaming/character/_kit/body/body_204_m/body_204_m_high_nrmr.tex.760230703 (deflate)
Wrote re_chunk_000.pak.patch_055\natives/stm/character/_kit/body/body_215_m/hand_215_m_high_nrmr.tex.760230703 (deflate)
Wrote re_chunk_000.pak.patch_055\natives/stm/character/_kit/_equipment/helm/045/hl_045_0_0_nrmr.tex.760230703 (deflate)
Wrote re_chunk_000.pak.patch_055\natives/stm/streaming/character/_kit/_equipment/helm/249/hl_249_0_0_nrmr.tex.760230703 (deflate)
Wrote re_chunk_000.pak.patch_055\natives/stm/character/_kit/head/head_613_m/head_613_m_high_nrmr.tex.760230703 (deflate)
Wrote re_chunk_000.pak.patch_055\natives/stm/streaming/character/_kit/_equipment/tops/035/wb_035_0_1_f_nrmr.tex.760230703 (deflate)
Wrote re_chunk_000.pak.patch_055\natives/stm/character/_kit/body/body_221_f/hand_221_f_low_nrm.tex.760230703 (deflate)
Wrote re_chunk_000.pak.patch_055\natives/stm/streaming/character/_kit/_equipment/pants/001/lg_001_0_0_nrmr.tex.760230703 (deflate)
Wrote re_chunk_000.pak.patch_055\natives/stm/streaming/character/wp/wp06/005/wp06_005_0_0_nrmr.tex.760230703 (deflate)
Wrote re_chunk_000.pak.patch_055\natives/stm/streaming/character/_kit/_equipment/tops/300/bd_300_0_0_nrmr.tex.760230703 (deflate)
Wrote re_chunk_000.pak.patch_055\natives/stm/character/_kit/body/body_607_m/hand_607_m_high_nrmr.tex.760230703 (deflate)
Wrote re_chunk_000.pak.patch_055\natives/stm/character/_kit/body/body_602_m/hand_602_m_low_nrm.tex.760230703 (deflate)
Wrote re_chunk_000.pak.patch_055\natives/stm/character/_kit/_equipment/mantle/020/mt_020_0_1_nrmr.tex.760230703 (deflate)
Wrote re_chunk_000.pak.patch_055\natives/stm/streaming/character/_kit/head/head_606_f/head_606_f_low_nrm.tex.760230703 (deflate)
Wrote re_chunk_000.pak.patch_055\natives/stm/streaming/character/_kit/_equipment/tops/825/bd_825_0_0_nrmr.tex.760230703 (deflate)
Wrote re_chunk_000.pak.patch_055\natives/stm/character/_kit/beard/beard_125/beard_125_fake_nrmr.tex.760230703 (deflate)
Wrote re_chunk_000.pak.patch_055\natives/stm/character/_kit/_equipment/tops/015/am_015_0_1_nrmr.tex.760230703 (deflate)
Wrote re_chunk_000.pak.patch_055\natives/stm/character/_kit/_equipment/tops/257/bd_257_0_3_nrmr.tex.760230703 (deflate)
Wrote re_chunk_000.pak.patch_055\natives/stm/streaming/character/it/it02/002/it02_002_0_0_nrmr.tex.760230703 (deflate)
Wrote re_chunk_000.pak.patch_055\natives/stm/character/_kit/head/head_200_f/head_200_f_low_nrm.tex.760230703 (deflate)
Wrote re_chunk_000.pak.patch_055\natives/stm/character/_kit/hair/hair_073/hair_073_nrmr.tex.760230703 (deflate)
Wrote re_chunk_000.pak.patch_055\natives/stm/character/_kit/hair/hair_065/hair_065_nrmr.tex.760230703 (deflate)
Wrote re_chunk_000.pak.patch_055\natives/stm/character/_kit/beard/beard_007/beard_007_nrmr.tex.760230703 (deflate)
Wrote re_chunk_000.pak.patch_055\natives/stm/streaming/character/_kit/_equipment/tops/506/bd_506_0_0_nrmr.tex.760230703 (deflate)
Wrote re_chunk_000.pak.patch_055\natives/stm/streaming/character/_kit/body/body_612_m/body_612_m_low_nrm.tex.760230703 (deflate)
Wrote re_chunk_000.pak.patch_055\natives/stm/character/_kit/head/head_001_f/head_001_f_high_nrmr.tex.760230703 (deflate)
Wrote re_chunk_000.pak.patch_055\natives/stm/character/_kit/_equipment/tops/002/bd_002_0_1_nrmr.tex.760230703 (deflate)
Wrote re_chunk_000.pak.patch_055\natives/stm/streaming/character/_kit/_equipment/tops/501/bd_501_0_0_nrmr.tex.760230703 (deflate)
Wrote re_chunk_000.pak.patch_055\natives/stm/streaming/character/ch/ch20_000/tops/00/eq20_000_00_bd_1_nrmr.tex.760230703 (deflate)
Wrote re_chunk_000.pak.patch_055\natives/stm/character/_kit/body/body_225_f/body_225_f_low_nrm.tex.760230703 (deflate)
Wrote re_chunk_000.pak.patch_055\natives/stm/character/_kit/beard/beard_153/beard_153_fake_nrmr.tex.760230703 (deflate)
Wrote re_chunk_000.pak.patch_055\natives/stm/streaming/character/_kit/_equipment/tops/825/bd_825_0_1_nrmr.tex.760230703 (deflate)
Wrote re_chunk_000.pak.patch_055\natives/stm/character/wp/wp01/005/wp01_005_0_0_nrmr.tex.760230703 (deflate)
Wrote re_chunk_000.pak.patch_055\natives/stm/streaming/character/wp/wp11/001/wp11_001_nrmr.tex.760230703 (deflate)
Wrote re_chunk_000.pak.patch_055\natives/stm/streaming/character/ch/ch26_000/eq26_000_02/eq26_000_02_0_nrmr.tex.760230703 (deflate)
Wrote re_chunk_000.pak.patch_055\natives/stm/character/_kit/_equipment/helm/510/hl_510_0_0_nrmr.tex.760230703 (deflate)
Wrote re_chunk_000.pak.patch_055\natives/stm/streaming/character/ch/ch53_010/ch53_010_body2_nrmr.tex.760230703 (deflate)
Wrote re_chunk_000.pak.patch_055\natives/stm/character/_kit/hair/hair_034/haircap_034_nrmr.tex.760230703 (deflate)
Wrote re_chunk_000.pak.patch_055\natives/stm/character/_kit/body/body_207_m/body_207_m_low_nrm.tex.760230703 (deflate)
Wrote re_chunk_000.pak.patch_055\natives/stm/streaming/character/_kit/_equipment/tops/273/bd_273_0_1_nrmr.tex.760230703 (deflate)
Wrote re_chunk_000.pak.patch_055\natives/stm/character/_kit/_equipment/helm/004/hl_004_0_0_nrmr.tex.760230703 (deflate)
Wrote re_chunk_000.pak.patch_055\natives/stm/streaming/character/ch/ch26_000/eq26_000_04/eq26_000_04_8_nrmr.tex.760230703 (deflate)
Wrote re_chunk_000.pak.patch_055\natives/stm/character/_kit/_equipment/helm/014/hl_014_0_0_nrmr.tex.760230703 (deflate)
Wrote re_chunk_000.pak.patch_055\natives/stm/streaming/character/_kit/_equipment/pants/002/wl_002_0_0_nrmr.tex.760230703 (deflate)
Wrote re_chunk_000.pak.patch_055\natives/stm/character/wp/wp09/001/wp09_001_0_0_nrmr.tex.760230703 (deflate)
Wrote re_chunk_000.pak.patch_055\natives/stm/vfx/texture/lives/gm80_129/13_butterfly_001_04_nrmr.tex.760230703 (deflate)
Wrote re_chunk_000.pak.patch_055\natives/stm/character/_kit/_equipment/tops/532/bd_532_0_0_nrmr.tex.760230703 (deflate)
Wrote re_chunk_000.pak.patch_055\natives/stm/streaming/character/ch/ch53_000/ch53_000_feather_nrmr.tex.760230703 (deflate)
Wrote re_chunk_000.pak.patch_055\natives/stm/streaming/character/_kit/body/body_222_f/hand_222_f_low_nrm.tex.760230703 (deflate)
Wrote re_chunk_000.pak.patch_055\natives/stm/streaming/character/_kit/hair/hair_002/hair_002_fake_nrmr.tex.760230703 (deflate)
Wrote re_chunk_000.pak.patch_055\natives/stm/streaming/character/_kit/_equipment/pants/021/lg_021_0_1_nrmr.tex.760230703 (deflate)
Wrote re_chunk_000.pak.patch_055\natives/stm/character/_kit/_equipment/tops/036/bd_036_0_3_nrmr.tex.760230703 (deflate)
Wrote re_chunk_000.pak.patch_055\natives/stm/streaming/character/ch/ch53_001/ch53_001_upperbody_nrmr.tex.760230703 (deflate)
Wrote re_chunk_000.pak.patch_055\natives/stm/streaming/character/_kit/_equipment/tops/207/bd_207__embroidery_nrmr.tex.760230703 (deflate)
Wrote re_chunk_000.pak.patch_055\natives/stm/character/wp/wp08/008/wp08_008_0_0_nrmr.tex.760230703 (deflate)
Wrote re_chunk_000.pak.patch_055\natives/stm/streaming/character/wp/wp09/007/wp09_007_0_0_nrmr.tex.760230703 (deflate)
Wrote re_chunk_000.pak.patch_055\natives/stm/character/_kit/_equipment/tops/279/wb_279_0_1_nrmr.tex.760230703 (deflate)
Wrote re_chunk_000.pak.patch_055\natives/stm/character/_kit/body/body_603_f/hand_603_f_low_nrm.tex.760230703 (deflate)
Wrote re_chunk_000.pak.patch_055\natives/stm/character/ch/ch23_001/ch23_001_eye_nrmr.tex.760230703 (deflate)
Wrote re_chunk_000.pak.patch_055\natives/stm/character/_kit/body/body_001_f/body_001_f_high_nrmr.tex.760230703 (deflate)
Wrote re_chunk_000.pak.patch_055\natives/stm/character/ch/ch20_001/wp20_001_01/wp20_001_01_0_nrmr.tex.760230703 (deflate)
Wrote re_chunk_000.pak.patch_055\natives/stm/streaming/character/it/it02/000/it02_000_0_0_nrmr.tex.760230703 (deflate)
Wrote re_chunk_000.pak.patch_055\natives/stm/character/_kit/_equipment/backpack/backpack_500/backpack_500_0_4_nrmr.tex.760230703 (deflate)
Wrote re_chunk_000.pak.patch_055\natives/stm/character/_kit/_equipment/pants/005/wl_005_0_1_nrmr.tex.760230703 (deflate)
Wrote re_chunk_000.pak.patch_055\natives/stm/streaming/character/_kit/_equipment/pants/046/lg_046_0_0_nrmr.tex.760230703 (deflate)
Wrote re_chunk_000.pak.patch_055\natives/stm/character/_kit/_equipment/tops/614/wb_614_0_0_nrmr.tex.760230703 (deflate)
Wrote re_chunk_000.pak.patch_055\natives/stm/streaming/character/_kit/_equipment/tops/277/bd_277_0_0_nrmr.tex.760230703 (deflate)
Wrote re_chunk_000.pak.patch_055\natives/stm/vfx/event/mesh/debris/13_wood_003_00_nrmr.tex.760230703 (deflate)
Wrote re_chunk_000.pak.patch_055\natives/stm/character/ch/ch20_000/pants/01/eq20_000_01_lg_1_nrmr.tex.760230703 (deflate)
Wrote re_chunk_000.pak.patch_055\natives/stm/character/ch/ch57_000/ch57_000_body3_nrmr.tex.760230703 (deflate)
Wrote re_chunk_000.pak.patch_055\natives/stm/character/_kit/_equipment/tops/618/wb_618_0_0_nrmr.tex.760230703 (deflate)
Wrote re_chunk_000.pak.patch_055\natives/stm/streaming/character/_kit/body/body_613_m/body_613_m_high_nrmr.tex.760230703 (deflate)
Wrote re_chunk_000.pak.patch_055\natives/stm/character/_kit/_equipment/tops/809/wb_809_0_1_nrmr.tex.760230703 (deflate)
Wrote re_chunk_000.pak.patch_055\natives/stm/character/_kit/body/body_610_m/hand_610_m_high_nrmr.tex.760230703 (deflate)
Wrote re_chunk_000.pak.patch_055\natives/stm/character/_kit/_equipment/tops/011/bd_011_0_1_nrmr.tex.760230703 (deflate)
Wrote re_chunk_000.pak.patch_055\natives/stm/streaming/character/_kit/body/body_212_m/body_212_m_low_nrm.tex.760230703 (deflate)
Wrote re_chunk_000.pak.patch_055\natives/stm/streaming/character/_kit/hair/hair_057/hair_057_fake_nrmr.tex.760230703 (deflate)
Wrote re_chunk_000.pak.patch_055\natives/stm/streaming/character/ch/ch50_000/ch50_000_body1_nrmr.tex.760230703 (deflate)
Wrote re_chunk_000.pak.patch_055\natives/stm/streaming/character/ch/ch20_001/wp20_001_05/wp20_001_05_1_nrmr.tex.760230703 (deflate)
Wrote re_chunk_000.pak.patch_055\natives/stm/character/_kit/_equipment/tops/513/wb_513_0_0_nrmr.tex.760230703 (deflate)
Wrote re_chunk_000.pak.patch_055\natives/stm/streaming/character/ch/ch99_230/ch99_230_body_nrmr.tex.760230703 (deflate)
Wrote re_chunk_000.pak.patch_055\natives/stm/character/_kit/body/body_820_f/body_820_f_high_nrmr.tex.760230703 (deflate)
Wrote re_chunk_000.pak.patch_055\natives/stm/character/wp/wp03/012/wp03_012_0_0_nrmr.tex.760230703 (deflate)
Wrote re_chunk_000.pak.patch_055\natives/stm/streaming/character/wp/wp09/008/wp09_008_0_1_nrmr.tex.760230703 (deflate)
Wrote re_chunk_000.pak.patch_055\natives/stm/character/_kit/_equipment/tops/540/wb_540_0_0_nrmr.tex.760230703 (deflate)
Wrote re_chunk_000.pak.patch_055\natives/stm/streaming/character/_kit/_equipment/tops/279/wb_279_0_1_nrmr.tex.760230703 (deflate)
Wrote re_chunk_000.pak.patch_055\natives/stm/character/ch/ch54_000/ch54_000_body1_nrmr.tex.760230703 (deflate)
Wrote re_chunk_000.pak.patch_055\natives/stm/streaming/environment/textures/tx_033_nrmr.tex.760230703 (deflate)
Wrote re_chunk_000.pak.patch_055\natives/stm/character/ch/ch53_000/ch53_000_feather_nrmr.tex.760230703 (deflate)
Wrote re_chunk_000.pak.patch_055\natives/stm/character/_kit/beard/beard_152/beard_152_fake_nrmr.tex.760230703 (deflate)
Wrote re_chunk_000.pak.patch_055\natives/stm/streaming/character/_kit/_equipment/tops/264/bd_264_0_1_nrmr.tex.760230703 (deflate)
Wrote re_chunk_000.pak.patch_055\natives/stm/character/_kit/body/body_213_f/body_213_f_low_nrm.tex.760230703 (deflate)
Wrote re_chunk_000.pak.patch_055\natives/stm/streaming/character/ch/ch99_003/ch99_003_fur_a_nrmr.tex.760230703 (deflate)
Wrote re_chunk_000.pak.patch_055\natives/stm/character/wp/wp07/013/wp07_013_0_0_nrmr.tex.760230703 (deflate)
Wrote re_chunk_000.pak.patch_055\natives/stm/character/_kit/_equipment/tops/529/bd_529_0_0_nrmr.tex.760230703 (deflate)
Wrote re_chunk_000.pak.patch_055\natives/stm/character/_kit/head/head_821_m/head_821_m_high_nrmr.tex.760230703 (deflate)
Wrote re_chunk_000.pak.patch_055\natives/stm/streaming/character/ch/ch20_001/pants/05/eq20_001_05_lg_1_nrmr.tex.760230703 (deflate)
Wrote re_chunk_000.pak.patch_055\natives/stm/streaming/character/_kit/_equipment/tops/315/am_315_0_1_nrmr.tex.760230703 (deflate)
Wrote re_chunk_000.pak.patch_055\natives/stm/streaming/character/_kit/head/head_002_m/head_002_m_high_nrmr.tex.760230703 (deflate)
Wrote re_chunk_000.pak.patch_055\natives/stm/streaming/character/ch/ch59_000/ch59_000_upperinner_nrmr.tex.760230703 (deflate)
Wrote re_chunk_000.pak.patch_055\natives/stm/character/wp/wp08/007/wp08_007_0_0_nrmr.tex.760230703 (deflate)
Wrote re_chunk_000.pak.patch_055\natives/stm/streaming/character/_kit/_equipment/mantle/621/mt_621_0_0_nrmr.tex.760230703 (deflate)
Wrote re_chunk_000.pak.patch_055\natives/stm/streaming/character/_kit/_equipment/pants/008/wl_008_0_1_nrmr.tex.760230703 (deflate)
Wrote re_chunk_000.pak.patch_055\natives/stm/character/_kit/hair/hair_013/hair_013_fake_nrmr.tex.760230703 (deflate)
Wrote re_chunk_000.pak.patch_055\natives/stm/character/_kit/body/body_003_m/body_003_m_low_nrm.tex.760230703 (deflate)
Wrote re_chunk_000.pak.patch_055\natives/stm/streaming/character/_kit/beard/beard_005/beard_005_nrmr.tex.760230703 (deflate)
Wrote re_chunk_000.pak.patch_055\natives/stm/character/_kit/_equipment/tops/003/bd_003_0_0_pattern_nrmr.tex.760230703 (deflate)
Wrote re_chunk_000.pak.patch_055\natives/stm/character/_kit/_equipment/mantle/527/mt_527_0_0_nrmr.tex.760230703 (deflate)
Wrote re_chunk_000.pak.patch_055\natives/stm/streaming/character/it/it10/031/it10_031_nrmr.tex.760230703 (deflate)
Wrote re_chunk_000.pak.patch_055\natives/stm/character/_kit/_equipment/helm/505/hl_505_0_0_nrmr.tex.760230703 (deflate)
Wrote re_chunk_000.pak.patch_055\natives/stm/streaming/character/_kit/_equipment/helm/026/hl_026_0_0_nrmr.tex.760230703 (deflate)
Wrote re_chunk_000.pak.patch_055\natives/stm/streaming/character/ch/ch50_000/eq50_000_02/eq50_000_02_0_nrmr.tex.760230703 (deflate)
Wrote re_chunk_000.pak.patch_055\natives/stm/streaming/character/_kit/_equipment/tops/608/wb_608_0_1_nrmr.tex.760230703 (deflate)
Wrote re_chunk_000.pak.patch_055\natives/stm/character/_kit/head/head_608_m/head_608_m_high_nrmr.tex.760230703 (deflate)
Wrote re_chunk_000.pak.patch_055\natives/stm/character/_kit/_equipment/tops/529/bd_529_0_2_nrmr.tex.760230703 (deflate)
Wrote re_chunk_000.pak.patch_055\natives/stm/character/_kit/_equipment/tops/628/embroidery_36_nrmr.tex.760230703 (deflate)
Wrote re_chunk_000.pak.patch_055\natives/stm/character/_kit/_equipment/tops/225/wb_225_0_0_nrmr.tex.760230703 (deflate)
Wrote re_chunk_000.pak.patch_055\natives/stm/character/_kit/head/head_612_m/head_612_m_high_nrmr.tex.760230703 (deflate)
Wrote re_chunk_000.pak.patch_055\natives/stm/character/_kit/_equipment/helm/012/hl_012_0_0_nrmr.tex.760230703 (deflate)
Wrote re_chunk_000.pak.patch_055\natives/stm/character/_kit/_equipment/tops/517/embroidery_03_nrmr.tex.760230703 (deflate)
Wrote re_chunk_000.pak.patch_055\natives/stm/streaming/character/wp/wp03/008/wp03_008_0_0_nrmr.tex.760230703 (deflate)
Wrote re_chunk_000.pak.patch_055\natives/stm/streaming/character/ch/ch55_010/ch55_010_body5_nrmr.tex.760230703 (deflate)
Wrote re_chunk_000.pak.patch_055\natives/stm/streaming/character/_kit/_equipment/pants/041/lg_041_0_1_nrmr.tex.760230703 (deflate)
Wrote re_chunk_000.pak.patch_055\natives/stm/character/_kit/body/body_205_m/body_205_m_high_nrmr.tex.760230703 (deflate)
Wrote re_chunk_000.pak.patch_055\natives/stm/streaming/character/_kit/hair/hair_048/hair_048_fake_nrmr.tex.760230703 (deflate)
Wrote re_chunk_000.pak.patch_055\natives/stm/gui/model/ui06/00/02/ui06_00_02_02_nrmr.tex.760230703 (deflate)
Wrote re_chunk_000.pak.patch_055\natives/stm/character/_kit/_equipment/tops/039/wb_039_0_1_nrmr.tex.760230703 (deflate)
Wrote re_chunk_000.pak.patch_055\natives/stm/character/_kit/head/head_202_m/head_202_m_high_nrmr.tex.760230703 (deflate)
Wrote re_chunk_000.pak.patch_055\natives/stm/character/_kit/_equipment/pants/041/lg_041_0_1_nrmr.tex.760230703 (deflate)
Wrote re_chunk_000.pak.patch_055\natives/stm/streaming/character/_kit/_equipment/tops/509/wb_509_0_0_nrmr.tex.760230703 (deflate)
Wrote re_chunk_000.pak.patch_055\natives/stm/character/ch/ch28_000/hair/hair_902/hair_902_nrmr.tex.760230703 (deflate)
Wrote re_chunk_000.pak.patch_055\natives/stm/character/wp/wp07/009/wp07_009_0_0_nrmr.tex.760230703 (deflate)
Wrote re_chunk_000.pak.patch_055\natives/stm/character/_kit/_equipment/tops/805/wb_805_0_1_nrmr.tex.760230703 (deflate)
Wrote re_chunk_000.pak.patch_055\natives/stm/streaming/character/_kit/_equipment/pants/222/wl_222_0_1_nrmr.tex.760230703 (deflate)
Wrote re_chunk_000.pak.patch_055\natives/stm/character/_kit/hair/hair_026/hair_026_nrmr.tex.760230703 (deflate)
Wrote re_chunk_000.pak.patch_055\natives/stm/character/wp/wp00/006/wp00_006_0_0_nrmr.tex.760230703 (deflate)
Wrote re_chunk_000.pak.patch_055\natives/stm/streaming/character/_kit/head/head_601_f/head_601_f_high_nrmr.tex.760230703 (deflate)
Wrote re_chunk_000.pak.patch_055\natives/stm/character/_kit/_equipment/tops/307/wb_307_0_0_nrmr.tex.760230703 (deflate)
Wrote re_chunk_000.pak.patch_055\natives/stm/character/_kit/hair/hair_018/haircap_018_nrmr.tex.760230703 (deflate)
Wrote re_chunk_000.pak.patch_055\natives/stm/character/_kit/body/body_602_m/body_602_m_high_nrmr.tex.760230703 (deflate)
Wrote re_chunk_000.pak.patch_055\natives/stm/streaming/character/_kit/_equipment/tops/803/bd_803_0_0_nrmr.tex.760230703 (deflate)
Wrote re_chunk_000.pak.patch_055\natives/stm/character/ch/ch26_000/eq26_000_04/eq26_000_04_5_nrmr.tex.760230703 (deflate)
Wrote re_chunk_000.pak.patch_055\natives/stm/streaming/character/_kit/_equipment/backpack/backpack_500/backpack_500_0_5_nrmr.tex.760230703 (deflate)
Wrote re_chunk_000.pak.patch_055\natives/stm/character/_kit/head/head_001_m/head_001_m_low_nrm.tex.760230703 (deflate)
Wrote re_chunk_000.pak.patch_055\natives/stm/streaming/character/_kit/_equipment/pants/001/lg_001_0_1_nrmr.tex.760230703 (deflate)
Wrote re_chunk_000.pak.patch_055\natives/stm/character/_kit/_equipment/tops/041/bd_041_0_0_nrmr.tex.760230703 (deflate)
Wrote re_chunk_000.pak.patch_055\natives/stm/streaming/character/_kit/_equipment/helm/041/hl_041_0_0_nrmr.tex.760230703 (deflate)
Wrote re_chunk_000.pak.patch_055\natives/stm/streaming/character/_kit/body/body_219_m/hand_219_m_high_nrmr.tex.760230703 (deflate)
Wrote re_chunk_000.pak.patch_055\natives/stm/streaming/character/_kit/_equipment/mantle/004/mt_004_0_1_nrmr.tex.760230703 (deflate)
Wrote re_chunk_000.pak.patch_055\natives/stm/character/ch/ch28_000/hair/hair_903/hair_903_nrmr.tex.760230703 (deflate)
Wrote re_chunk_000.pak.patch_055\natives/stm/streaming/character/_kit/_equipment/tops/834/bd_834_decal_nrmr.tex.760230703 (deflate)
Wrote re_chunk_000.pak.patch_055\natives/stm/character/_kit/_equipment/tops/615/am_615_0_0_nrmr.tex.760230703 (deflate)
Wrote re_chunk_000.pak.patch_055\natives/stm/streaming/character/ch/ch55_010/ch55_010_body1_nrmr.tex.760230703 (deflate)
Wrote re_chunk_000.pak.patch_055\natives/stm/streaming/character/_kit/beard/beard_153/beard_153_fake_nrmr.tex.760230703 (deflate)
Wrote re_chunk_000.pak.patch_055\natives/stm/streaming/character/ch/ch20_000/wp20_000_20/wp20_000_20_0_1_nrmr.tex.760230703 (deflate)
Wrote re_chunk_000.pak.patch_055\natives/stm/character/_kit/_equipment/helm/532/hl_532_0_0_nrmr.tex.760230703 (deflate)
Wrote re_chunk_000.pak.patch_055\natives/stm/streaming/character/_kit/body/body_610_m/hand_610_m_high_nrmr.tex.760230703 (deflate)
Wrote re_chunk_000.pak.patch_055\natives/stm/character/_kit/_equipment/tops/618/wb_618_0_1_nrmr.tex.760230703 (deflate)
Wrote re_chunk_000.pak.patch_055\natives/stm/character/wp/wp07/012/wp07_012_0_0_nrmr.tex.760230703 (deflate)
Wrote re_chunk_000.pak.patch_055\natives/stm/character/_kit/hair/hair_052/hair_052_fake_nrmr.tex.760230703 (deflate)
Wrote re_chunk_000.pak.patch_055\natives/stm/character/ch/ch52_500/ch52_500_debris_nrmr.tex.760230703 (deflate)
Wrote re_chunk_000.pak.patch_055\natives/stm/streaming/character/ch/ch26_000/eq26_000_03/eq26_000_03_5_nrmr.tex.760230703 (deflate)
Wrote re_chunk_000.pak.patch_055\natives/stm/streaming/character/_kit/_equipment/tops/005/bd_005_0_2_nrmr.tex.760230703 (deflate)
Wrote re_chunk_000.pak.patch_055\natives/stm/streaming/character/_kit/_equipment/pants/007/lg_007_0_0_nrmr.tex.760230703 (deflate)
Wrote re_chunk_000.pak.patch_055\natives/stm/character/_kit/hair/hair_037/hair_037_nrmr.tex.760230703 (deflate)
Wrote re_chunk_000.pak.patch_055\natives/stm/streaming/character/wp/wp00/006/wp00_006_0_0_nrmr.tex.760230703 (deflate)
Wrote re_chunk_000.pak.patch_055\natives/stm/streaming/character/_kit/_equipment/tops/047/bd_047_0_5_nrmr.tex.760230703 (deflate)
Wrote re_chunk_000.pak.patch_055\natives/stm/character/_kit/body/body_602_f/body_602_f_high_nrmr.tex.760230703 (deflate)
Wrote re_chunk_000.pak.patch_055\natives/stm/streaming/character/ch/ch26_000/eq26_000_05/eq26_000_05_1_nrmr.tex.760230703 (deflate)
Wrote re_chunk_000.pak.patch_055\natives/stm/character/_kit/head/head_002_f/head_002_f_low_nrm.tex.760230703 (deflate)
Wrote re_chunk_000.pak.patch_055\natives/stm/streaming/character/_kit/_equipment/tops/015/bd_015_0_0_nrmr.tex.760230703 (deflate)
Wrote re_chunk_000.pak.patch_055\natives/stm/streaming/character/_kit/_equipment/pants/021/lg_021_0_0_nrmr.tex.760230703 (deflate)
Wrote re_chunk_000.pak.patch_055\natives/stm/character/ch/ch50_000/eq50_000_03/eq50_000_parts3_nrmr.tex.760230703 (deflate)
Wrote re_chunk_000.pak.patch_055\natives/stm/streaming/character/_kit/_equipment/helm/005/hl_005_0_0_nrmr.tex.760230703 (deflate)
Wrote re_chunk_000.pak.patch_055\natives/stm/character/ch/ch52_000/ch52_000_body5_nrmr.tex.760230703 (deflate)
Wrote re_chunk_000.pak.patch_055\natives/stm/streaming/character/_kit/body/body_613_m/hand_613_m_high_nrmr.tex.760230703 (deflate)
Wrote re_chunk_000.pak.patch_055\natives/stm/streaming/character/_kit/_equipment/pants/249/lg_249_0_0_nrmr.tex.760230703 (deflate)
Wrote re_chunk_000.pak.patch_055\natives/stm/character/_kit/head/head_209_m/head_209_m_low_nrm.tex.760230703 (deflate)
Wrote re_chunk_000.pak.patch_055\natives/stm/streaming/character/_kit/body/body_607_m/hand_607_m_high_nrmr.tex.760230703 (deflate)
Wrote re_chunk_000.pak.patch_055\natives/stm/character/wp/wp00/003/wp00_003_0_0_nrmr.tex.760230703 (deflate)
Wrote re_chunk_000.pak.patch_055\natives/stm/streaming/character/_kit/head/head_223_f/head_223_f_high_nrmr.tex.760230703 (deflate)
Wrote re_chunk_000.pak.patch_055\natives/stm/character/_kit/body/body_218_f/body_218_f_high_nrmr.tex.760230703 (deflate)
Wrote re_chunk_000.pak.patch_055\natives/stm/streaming/character/_kit/head/head_208_m/head_208_m_high_nrmr.tex.760230703 (deflate)
Wrote re_chunk_000.pak.patch_055\natives/stm/character/_kit/head/head_222_f/head_222_f_high_nrmr.tex.760230703 (deflate)
Wrote re_chunk_000.pak.patch_055\natives/stm/streaming/character/ch/ch20_001/mantle/03/eq20_001_03_mt_1_nrmr.tex.760230703 (deflate)
Wrote re_chunk_000.pak.patch_055\natives/stm/streaming/character/_kit/_equipment/tops/051/bd_051_0_0_nrmr.tex.760230703 (deflate)
Wrote re_chunk_000.pak.patch_055\natives/stm/character/_kit/_equipment/tops/266/wb_266_0_0_nrmr.tex.760230703 (deflate)
Wrote re_chunk_000.pak.patch_055\natives/stm/character/_kit/hair/hair_805/hair_805_nrmr.tex.760230703 (deflate)
Wrote re_chunk_000.pak.patch_055\natives/stm/character/ch/ch28_000/body/body_910_m/pants2_910_m_nrmr.tex.760230703 (deflate)
Wrote re_chunk_000.pak.patch_055\natives/stm/streaming/character/_kit/body/body_209_f/hand_209_f_high_nrmr.tex.760230703 (deflate)
Wrote re_chunk_000.pak.patch_055\natives/stm/character/_kit/_equipment/pants/037/lg_037_0_1_nrmr.tex.760230703 (deflate)
Wrote re_chunk_000.pak.patch_055\natives/stm/streaming/character/_kit/body/body_203_f/body_203_f_low_nrm.tex.760230703 (deflate)
Wrote re_chunk_000.pak.patch_055\natives/stm/character/it/it10/025/it10_025_0_0_nrmr.tex.760230703 (deflate)
Wrote re_chunk_000.pak.patch_055\natives/stm/streaming/character/_kit/body/body_223_f/body_223_f_high_nrmr.tex.760230703 (deflate)
Wrote re_chunk_000.pak.patch_055\natives/stm/streaming/character/_kit/_equipment/helm/047/hl_047_0_0_nrmr.tex.760230703 (deflate)
Wrote re_chunk_000.pak.patch_055\natives/stm/character/wp/wp00/008/wp00_008_0_0_nrmr.tex.760230703 (deflate)
Wrote re_chunk_000.pak.patch_055\natives/stm/streaming/character/_kit/_equipment/tops/210/wb_210_0_0_nrmr.tex.760230703 (deflate)
Wrote re_chunk_000.pak.patch_055\natives/stm/streaming/character/_kit/_equipment/tops/532/bd_532_0_2_nrmr.tex.760230703 (deflate)
Wrote re_chunk_000.pak.patch_055\natives/stm/character/_kit/_equipment/tops/813/bd_813_0_1_nrmr.tex.760230703 (deflate)
Wrote re_chunk_000.pak.patch_055\natives/stm/character/_kit/head/head_220_m/head_220_m_high_nrmr.tex.760230703 (deflate)
Wrote re_chunk_000.pak.patch_055\natives/stm/character/_kit/hair/hair_060/hair_060_fake_nrmr.tex.760230703 (deflate)
Wrote re_chunk_000.pak.patch_055\natives/stm/streaming/character/_kit/body/body_203_m/body_203_m_high_nrmr.tex.760230703 (deflate)
Wrote re_chunk_000.pak.patch_055\natives/stm/streaming/character/_kit/body/body_201_m/hand_201_m_low_nrm.tex.760230703 (deflate)
Wrote re_chunk_000.pak.patch_055\natives/stm/character/_kit/body/body_218_f/body_218_f_low_nrm.tex.760230703 (deflate)
Wrote re_chunk_000.pak.patch_055\natives/stm/streaming/character/_kit/_equipment/tops/630/bd_630_0_2_nrmr.tex.760230703 (deflate)
Wrote re_chunk_000.pak.patch_055\natives/stm/character/_kit/_equipment/tops/276/bd_276_0_1_nrmr.tex.760230703 (deflate)
Wrote re_chunk_000.pak.patch_055\natives/stm/streaming/character/_kit/_equipment/tops/042/am_042_0_0_nrmr.tex.760230703 (deflate)
Wrote re_chunk_000.pak.patch_055\natives/stm/streaming/character/_kit/body/body_601_m/hand_601_m_low_nrm.tex.760230703 (deflate)
Wrote re_chunk_000.pak.patch_055\natives/stm/streaming/character/_kit/_equipment/tops/013/bd_013_0_4_nrmr.tex.760230703 (deflate)
Wrote re_chunk_000.pak.patch_055\natives/stm/streaming/character/ch/ch58_001/ch58_001_arm_nrmr.tex.760230703 (deflate)
Wrote re_chunk_000.pak.patch_055\natives/stm/streaming/character/_kit/head/head_214_m/head_214_m_low_nrm.tex.760230703 (deflate)
Wrote re_chunk_000.pak.patch_055\natives/stm/streaming/character/_kit/_equipment/tops/048/am_048_0_0_nrmr.tex.760230703 (deflate)
Wrote re_chunk_000.pak.patch_055\natives/stm/streaming/character/_kit/body/body_001_f/hand_001_f_low_nrm.tex.760230703 (deflate)
Wrote re_chunk_000.pak.patch_055\natives/stm/character/_kit/_equipment/tops/211/bd_211_0_4_nrmr.tex.760230703 (deflate)
Wrote re_chunk_000.pak.patch_055\natives/stm/character/_kit/body/body_221_m/hand_221_m_high_nrmr.tex.760230703 (deflate)
Wrote re_chunk_000.pak.patch_055\natives/stm/character/_kit/_equipment/tops/506/bd_506_0_4_nrmr.tex.760230703 (deflate)
Wrote re_chunk_000.pak.patch_055\natives/stm/character/wp/wp00/005/wp00_005_0_0_nrmr.tex.760230703 (deflate)
Wrote re_chunk_000.pak.patch_055\natives/stm/streaming/character/ch/ch60_000/ch60_000_hair_nrmr.tex.760230703 (deflate)
Wrote re_chunk_000.pak.patch_055\natives/stm/streaming/character/_kit/_equipment/tops/632/wb_632_0_0_nrmr.tex.760230703 (deflate)
Wrote re_chunk_000.pak.patch_055\natives/stm/streaming/character/wp/wp07/004/wp07_004_0_0_nrmr.tex.760230703 (deflate)
Wrote re_chunk_000.pak.patch_055\natives/stm/streaming/character/_kit/hair/hair_040/hair_040_nrmr.tex.760230703 (deflate)
Wrote re_chunk_000.pak.patch_055\natives/stm/streaming/character/_kit/beard/beard_124/beard_124_fake_nrmr.tex.760230703 (deflate)
Wrote re_chunk_000.pak.patch_055\natives/stm/streaming/character/_kit/head/head_208_f/head_208_f_low_nrm.tex.760230703 (deflate)
Wrote re_chunk_000.pak.patch_055\natives/stm/streaming/character/ch/ch59_000/ch59_000_body4_nrmr.tex.760230703 (deflate)
Wrote re_chunk_000.pak.patch_055\natives/stm/streaming/character/ch/ch99_031/ch99_031_eyeflatten_nrmr.tex.760230703 (deflate)
Wrote re_chunk_000.pak.patch_055\natives/stm/streaming/character/_kit/head/head_219_f/head_219_f_low_nrm.tex.760230703 (deflate)
Wrote re_chunk_000.pak.patch_055\natives/stm/streaming/character/_kit/_equipment/mantle/541/mt_541_0_0_nrmr.tex.760230703 (deflate)
Wrote re_chunk_000.pak.patch_055\natives/stm/character/_kit/_equipment/tops/803/bd_803_0_3_nrmr.tex.760230703 (deflate)
Wrote re_chunk_000.pak.patch_055\natives/stm/streaming/character/ch/ch22_002/ch22_002_head_nrmr.tex.760230703 (deflate)
Wrote re_chunk_000.pak.patch_055\natives/stm/character/_kit/beard/beard_150/beard_150_nrmr.tex.760230703 (deflate)
Wrote re_chunk_000.pak.patch_055\natives/stm/streaming/character/_kit/_equipment/tops/545/wb_545_0_0_nrmr.tex.760230703 (deflate)
Wrote re_chunk_000.pak.patch_055\natives/stm/character/ch/ch20_000/eq20_000_00/eq20_000_00_0_0_nrmr.tex.760230703 (deflate)
Wrote re_chunk_000.pak.patch_055\natives/stm/character/_kit/head/head_605_f/head_605_f_low_nrm.tex.760230703 (deflate)
Wrote re_chunk_000.pak.patch_055\natives/stm/character/_kit/_equipment/tops/266/am_266_0_1_nrmr.tex.760230703 (deflate)
Wrote re_chunk_000.pak.patch_055\natives/stm/character/_kit/hair/hair_008/hair_008_fake_nrmr.tex.760230703 (deflate)
Wrote re_chunk_000.pak.patch_055\natives/stm/streaming/character/ch/ch20_000/wp20_000_81/wp20_000_81_1_nrmr.tex.760230703 (deflate)
Wrote re_chunk_000.pak.patch_055\natives/stm/character/_kit/_equipment/tops/257/bd_257_0_0_nrmr.tex.760230703 (deflate)
Wrote re_chunk_000.pak.patch_055\natives/stm/streaming/character/_kit/body/body_004_f/body_004_f_high_nrmr.tex.760230703 (deflate)
Wrote re_chunk_000.pak.patch_055\natives/stm/character/_kit/_equipment/tops/614/embroidery_31_nrmr.tex.760230703 (deflate)
Wrote re_chunk_000.pak.patch_055\natives/stm/character/_kit/_equipment/helm/517/hl_517_0_0_nrmr.tex.760230703 (deflate)
Wrote re_chunk_000.pak.patch_055\natives/stm/character/_kit/_equipment/helm/009/hl_009_0_0_nrmr.tex.760230703 (deflate)
Wrote re_chunk_000.pak.patch_055\natives/stm/character/_kit/body/body_223_f/hand_223_f_high_nrmr.tex.760230703 (deflate)
Wrote re_chunk_000.pak.patch_055\natives/stm/streaming/character/_kit/_equipment/mantle/003/mt_003_0_1_nrmr.tex.760230703 (deflate)
Wrote re_chunk_000.pak.patch_055\natives/stm/character/_kit/eyebrows/eyebrows_008/eyebrows_008_skin_nrmr.tex.760230703 (deflate)
Wrote re_chunk_000.pak.patch_055\natives/stm/streaming/character/_kit/_equipment/tops/011/bd_011_0_0_nrmr.tex.760230703 (deflate)
Wrote re_chunk_000.pak.patch_055\natives/stm/character/wp/wp04/013/wp04_013_0_0_nrmr.tex.760230703 (deflate)
Wrote re_chunk_000.pak.patch_055\natives/stm/streaming/character/_kit/_equipment/pants/023/wl_023_0_1_nrmr.tex.760230703 (deflate)
Wrote re_chunk_000.pak.patch_055\natives/stm/character/ch/ch52_000/ch52_000_medal_nrmr.tex.760230703 (deflate)
Wrote re_chunk_000.pak.patch_055\natives/stm/character/_kit/_equipment/tops/006/am_006_0_0_nrmr.tex.760230703 (deflate)
Wrote re_chunk_000.pak.patch_055\natives/stm/character/_kit/body/body_202_f/body_202_f_low_nrm.tex.760230703 (deflate)
Wrote re_chunk_000.pak.patch_055\natives/stm/character/_kit/body/body_603_m/body_603_m_high_nrmr.tex.760230703 (deflate)
Wrote re_chunk_000.pak.patch_055\natives/stm/character/_kit/_equipment/tops/277/wb_277_0_0_nrmr.tex.760230703 (deflate)
Wrote re_chunk_000.pak.patch_055\natives/stm/character/_kit/_equipment/tops/007/am_007_0_0_nrmr.tex.760230703 (deflate)
Wrote re_chunk_000.pak.patch_055\natives/stm/character/ch/ch51_001/ch51_001_angryface_nrmr.tex.760230703 (deflate)
Wrote re_chunk_000.pak.patch_055\natives/stm/streaming/character/_kit/_equipment/tops/614/wb_614_0_0_nrmr.tex.760230703 (deflate)
Wrote re_chunk_000.pak.patch_055\natives/stm/character/_kit/body/body_602_m/hand_602_m_high_nrmr.tex.760230703 (deflate)
Wrote re_chunk_000.pak.patch_055\natives/stm/character/_kit/head/head_821_m/head_821_m_low_nrm.tex.760230703 (deflate)
Wrote re_chunk_000.pak.patch_055\natives/stm/streaming/character/_kit/beard/beard_113/beard_113_fake_nrmr.tex.760230703 (deflate)
Wrote re_chunk_000.pak.patch_055\natives/stm/streaming/character/_kit/_equipment/tops/210/am_210_0_2_nrmr.tex.760230703 (deflate)
Wrote re_chunk_000.pak.patch_055\natives/stm/character/ch/ch26_000/eq26_000_04/eq26_000_04_0_nrmr.tex.760230703 (deflate)
Wrote re_chunk_000.pak.patch_055\natives/stm/streaming/character/_kit/hair/hair_047/hair_047_nrmr.tex.760230703 (deflate)
Wrote re_chunk_000.pak.patch_055\natives/stm/character/_kit/body/body_606_m/body_606_m_low_nrm.tex.760230703 (deflate)
Wrote re_chunk_000.pak.patch_055\natives/stm/character/ch/ch21_001/ch21_001_body_nrmr.tex.760230703 (deflate)
Wrote re_chunk_000.pak.patch_055\natives/stm/streaming/character/_kit/_equipment/tops/839/bd_839_0_1_nrmr.tex.760230703 (deflate)
Wrote re_chunk_000.pak.patch_055\natives/stm/character/_kit/eyebrows/eyebrows_006/eyebrows_006_skin_nrmr.tex.760230703 (deflate)
Wrote re_chunk_000.pak.patch_055\natives/stm/character/_kit/_equipment/pants/021/lg_021_0_1_nrmr.tex.760230703 (deflate)
Wrote re_chunk_000.pak.patch_055\natives/stm/streaming/character/_kit/body/body_608_m/body_608_m_low_nrm.tex.760230703 (deflate)
Wrote re_chunk_000.pak.patch_055\natives/stm/streaming/character/_kit/_equipment/tops/019/wb_019_0_0_nrmr.tex.760230703 (deflate)
Wrote re_chunk_000.pak.patch_055\natives/stm/streaming/character/ch/ch26_000/wp26_000_08/wp26_000_08_0_nrmr.tex.760230703 (deflate)
Wrote re_chunk_000.pak.patch_055\natives/stm/character/_kit/_equipment/tops/510/wb_510_0_0_nrmr.tex.760230703 (deflate)
Wrote re_chunk_000.pak.patch_055\natives/stm/character/_kit/_equipment/tops/228/wb_228_0_1_nrmr.tex.760230703 (deflate)
Wrote re_chunk_000.pak.patch_055\natives/stm/character/wp/wp04/000/wp04_000_0_0_nrmr.tex.760230703 (deflate)
Wrote re_chunk_000.pak.patch_055\natives/stm/character/_kit/body/body_212_f/body_212_f_low_nrm.tex.760230703 (deflate)
Wrote re_chunk_000.pak.patch_055\natives/stm/streaming/character/_kit/_equipment/tops/046/bd_046_0_4_nrmr.tex.760230703 (deflate)
Wrote re_chunk_000.pak.patch_055\natives/stm/streaming/character/ch/ch28_000/body/body_900_m/hand_900_m_nrmr.tex.760230703 (deflate)
Wrote re_chunk_000.pak.patch_055\natives/stm/streaming/character/ch/ch20_000/wp20_000_40/wp20_000_40_0_nrmr.tex.760230703 (deflate)
Wrote re_chunk_000.pak.patch_055\natives/stm/streaming/character/_kit/_equipment/facewear/057/facewear_057_m_nrmr.tex.760230703 (deflate)
Wrote re_chunk_000.pak.patch_055\natives/stm/character/_kit/_equipment/tops/839/bd_839_0_2_nrmr.tex.760230703 (deflate)
Wrote re_chunk_000.pak.patch_055\natives/stm/character/_kit/_equipment/tops/801/bd_801_0_0_nrmr.tex.760230703 (deflate)
Wrote re_chunk_000.pak.patch_055\natives/stm/streaming/character/_kit/body/body_213_f/hand_213_f_low_nrm.tex.760230703 (deflate)
Wrote re_chunk_000.pak.patch_055\natives/stm/streaming/character/_kit/body/body_213_m/body_213_m_low_nrm.tex.760230703 (deflate)
Wrote re_chunk_000.pak.patch_055\natives/stm/character/_kit/head/head_208_f/head_208_f_low_nrm.tex.760230703 (deflate)
Wrote re_chunk_000.pak.patch_055\natives/stm/character/_kit/head/head_605_f/head_605_f_high_nrmr.tex.760230703 (deflate)
Wrote re_chunk_000.pak.patch_055\natives/stm/character/_kit/_equipment/helm/501/hl_501_nrmr.tex.760230703 (deflate)
Wrote re_chunk_000.pak.patch_055\natives/stm/streaming/character/_kit/_equipment/tops/050/am_050_0_0_nrmr.tex.760230703 (deflate)
Wrote re_chunk_000.pak.patch_055\natives/stm/character/_kit/_equipment/tops/041/bd_041_0_4_nrmr.tex.760230703 (deflate)
Wrote re_chunk_000.pak.patch_055\natives/stm/character/_kit/_equipment/helm/507/hl_507_0_0_nrmr.tex.760230703 (deflate)
Wrote re_chunk_000.pak.patch_055\natives/stm/character/_kit/_equipment/pants/049/lg_049_0_0_nrmr.tex.760230703 (deflate)
Wrote re_chunk_000.pak.patch_055\natives/stm/character/ch/ch21_001/ch21_001_eyeflatten_nrmr.tex.760230703 (deflate)
Wrote re_chunk_000.pak.patch_055\natives/stm/character/_kit/_equipment/tops/049/am_049_0_0_nrmr.tex.760230703 (deflate)
Wrote re_chunk_000.pak.patch_055\natives/stm/streaming/character/wp/wp01/004/wp01_004_0_0_nrmr.tex.760230703 (deflate)
Wrote re_chunk_000.pak.patch_055\natives/stm/streaming/character/_kit/beard/beard_005/beard_005_fake_nrmr.tex.760230703 (deflate)
Wrote re_chunk_000.pak.patch_055\natives/stm/streaming/character/_kit/_equipment/pants/632/wl_632_0_1_nrmr.tex.760230703 (deflate)
Wrote re_chunk_000.pak.patch_055\natives/stm/streaming/character/ch/ch99_020/ch99_020_fur_a_nrmr.tex.760230703 (deflate)
Wrote re_chunk_000.pak.patch_055\natives/stm/streaming/character/ch/ch20_000/helm/00/eq20_000_00_hl_1_nrmr.tex.760230703 (deflate)
Wrote re_chunk_000.pak.patch_055\natives/stm/streaming/character/ch/ch56_001/wp56_001_00/wp56_001_00_0_nrmr.tex.760230703 (deflate)
Wrote re_chunk_000.pak.patch_055\natives/stm/character/wp/wp06/017/wp06_017_0_0_nrmr.tex.760230703 (deflate)
Wrote re_chunk_000.pak.patch_055\natives/stm/character/_kit/body/body_204_f/hand_204_f_low_nrm.tex.760230703 (deflate)
Wrote re_chunk_000.pak.patch_055\natives/stm/streaming/character/_kit/_equipment/tops/508/am_508_0_0_nrmr.tex.760230703 (deflate)
Wrote re_chunk_000.pak.patch_055\natives/stm/character/_kit/_equipment/helm/265/hl_265_0_0_nrmr.tex.760230703 (deflate)
Wrote re_chunk_000.pak.patch_055\natives/stm/character/_kit/_equipment/pants/006/lg_006_0_1_nrmr.tex.760230703 (deflate)
Wrote re_chunk_000.pak.patch_055\natives/stm/streaming/character/_kit/head/head_214_m/head_214_m_high_nrmr.tex.760230703 (deflate)
Wrote re_chunk_000.pak.patch_055\natives/stm/character/_kit/body/body_610_m/body_610_m_high_nrmr.tex.760230703 (deflate)
Wrote re_chunk_000.pak.patch_055\natives/stm/character/_kit/_equipment/tops/232/bd_232_0_2_nrmr.tex.760230703 (deflate)
Wrote re_chunk_000.pak.patch_055\natives/stm/character/_kit/_equipment/pants/614/wl_614_0_0_nrmr.tex.760230703 (deflate)
Wrote re_chunk_000.pak.patch_055\natives/stm/character/_kit/beard/beard_151/beard_151_fake_nrmr.tex.760230703 (deflate)
Wrote re_chunk_000.pak.patch_055\natives/stm/character/it/it09/004/it09_004_0_0_nrmr.tex.760230703 (deflate)
Wrote re_chunk_000.pak.patch_055\natives/stm/character/_kit/body/body_218_m/hand_218_m_high_nrmr.tex.760230703 (deflate)
Wrote re_chunk_000.pak.patch_055\natives/stm/streaming/character/_kit/head/head_004_f/head_004_f_low_nrm.tex.760230703 (deflate)
Wrote re_chunk_000.pak.patch_055\natives/stm/vfx/texture/gimmick/gm81_114/13_gm81_114_meteor_00_nrmr.tex.760230703 (deflate)
Wrote re_chunk_000.pak.patch_055\natives/stm/streaming/character/wp/wp00/009/wp00_009_0_0_nrmr.tex.760230703 (deflate)
Wrote re_chunk_000.pak.patch_055\natives/stm/streaming/character/ch/ch20_000/wp20_000_41/wp20_000_41_0_nrmr.tex.760230703 (deflate)
Wrote re_chunk_000.pak.patch_055\natives/stm/character/wp/wp08/009/wp08_009_0_0_nrmr.tex.760230703 (deflate)
Wrote re_chunk_000.pak.patch_055\natives/stm/character/_kit/_equipment/tops/285/bd_285_0_0_nrmr.tex.760230703 (deflate)
Wrote re_chunk_000.pak.patch_055\natives/stm/character/_kit/_equipment/tops/229/am_229_0_0_nrmr.tex.760230703 (deflate)
Wrote re_chunk_000.pak.patch_055\natives/stm/streaming/character/_kit/head/head_216_m/head_216_m_low_nrm.tex.760230703 (deflate)
Wrote re_chunk_000.pak.patch_055\natives/stm/character/_kit/body/body_217_f/hand_217_f_high_nrmr.tex.760230703 (deflate)
Wrote re_chunk_000.pak.patch_055\natives/stm/character/_kit/_equipment/tops/614/embroidery_33_nrmr.tex.760230703 (deflate)
Wrote re_chunk_000.pak.patch_055\natives/stm/streaming/character/_kit/_equipment/helm/249/hl_249_0_1_nrmr.tex.760230703 (deflate)
Wrote re_chunk_000.pak.patch_055\natives/stm/character/_kit/eyebrows/eyebrows_001/eyebrows_001_skin_nrmr.tex.760230703 (deflate)
Wrote re_chunk_000.pak.patch_055\natives/stm/character/_kit/_equipment/tops/603/wb_603_0_0_nrmr.tex.760230703 (deflate)
Wrote re_chunk_000.pak.patch_055\natives/stm/character/_kit/_equipment/helm/049/hl_049_0_0_nrmr.tex.760230703 (deflate)
Wrote re_chunk_000.pak.patch_055\natives/stm/streaming/character/_kit/hair/hair_066/hair_066_fake_nrmr.tex.760230703 (deflate)
Wrote re_chunk_000.pak.patch_055\natives/stm/streaming/character/ch/ch26_000/eq26_000_04/eq26_000_04_6_nrmr.tex.760230703 (deflate)
Wrote re_chunk_000.pak.patch_055\natives/stm/character/_kit/_equipment/pants/242/lg_242_0_0_nrmr.tex.760230703 (deflate)
Wrote re_chunk_000.pak.patch_055\natives/stm/character/_kit/hair/hair_014/hair_014_nrmr.tex.760230703 (deflate)
Wrote re_chunk_000.pak.patch_055\natives/stm/character/_kit/_equipment/pants/015/lg_015_0_1_nrmr.tex.760230703 (deflate)
Wrote re_chunk_000.pak.patch_055\natives/stm/character/_kit/body/body_203_f/hand_203_f_high_nrmr.tex.760230703 (deflate)
Wrote re_chunk_000.pak.patch_055\natives/stm/streaming/character/_kit/eyebrows/eyebrows_001/eyebrows_001_skin_nrmr.tex.760230703 (deflate)
Wrote re_chunk_000.pak.patch_055\natives/stm/character/wp/wp06/004/wp06_004_0_0_nrmr.tex.760230703 (deflate)
Wrote re_chunk_000.pak.patch_055\natives/stm/streaming/character/_kit/_equipment/tops/277/am_277_0_1_nrmr.tex.760230703 (deflate)
Wrote re_chunk_000.pak.patch_055\natives/stm/character/ch/ch27_001/ch27_001_body1_nrmr.tex.760230703 (deflate)
Wrote re_chunk_000.pak.patch_055\natives/stm/streaming/character/_kit/body/body_003_f/body_003_f_low_nrm.tex.760230703 (deflate)
Wrote re_chunk_000.pak.patch_055\natives/stm/streaming/character/ch/ch20_002/helm/00/eq20_002_00_hl_2_nrmr.tex.760230703 (deflate)
Wrote re_chunk_000.pak.patch_055\natives/stm/streaming/character/_kit/_equipment/tops/045/045_embroidery_1_nrmr.tex.760230703 (deflate)
Wrote re_chunk_000.pak.patch_055\natives/stm/character/ch/ch26_000/wp26_000_22/wp26_000_22_00_1_nrmr.tex.760230703 (deflate)
Wrote re_chunk_000.pak.patch_055\natives/stm/character/_kit/_equipment/tops/516/wb_516_0_0_nrmr.tex.760230703 (deflate)
Wrote re_chunk_000.pak.patch_055\natives/stm/gui/model/ui06/00/02/ui06_00_02_04_nrmr.tex.760230703 (deflate)
Wrote re_chunk_000.pak.patch_055\natives/stm/streaming/character/wp/wp05/007/wp05_007_0_0_nrmr.tex.760230703 (deflate)
Wrote re_chunk_000.pak.patch_055\natives/stm/streaming/character/_kit/_equipment/tops/001/bd_001_0_2_nrmr.tex.760230703 (deflate)
Wrote re_chunk_000.pak.patch_055\natives/stm/streaming/character/_kit/head/head_221_m/head_221_m_low_nrm.tex.760230703 (deflate)
Wrote re_chunk_000.pak.patch_055\natives/stm/character/ch/ch26_000/eq26_000_05/eq26_000_05_3_nrmr.tex.760230703 (deflate)
Wrote re_chunk_000.pak.patch_055\natives/stm/character/_kit/_equipment/tops/045/wb_045_0_0_nrmr.tex.760230703 (deflate)
Wrote re_chunk_000.pak.patch_055\natives/stm/streaming/character/_kit/beard/beard_144/beard_144_fake_nrmr.tex.760230703 (deflate)
Wrote re_chunk_000.pak.patch_055\natives/stm/streaming/character/_kit/_equipment/tops/309/am_309_0_0_nrmr.tex.760230703 (deflate)
Wrote re_chunk_000.pak.patch_055\natives/stm/streaming/character/ch/ch21_002/ch21_002_rock_nrmr.tex.760230703 (deflate)
Wrote re_chunk_000.pak.patch_055\natives/stm/streaming/character/_kit/head/head_220_f/head_220_f_low_nrm.tex.760230703 (deflate)
Wrote re_chunk_000.pak.patch_055\natives/stm/character/_kit/_equipment/tops/257/am_257_0_0_nrmr.tex.760230703 (deflate)
Wrote re_chunk_000.pak.patch_055\natives/stm/character/_kit/_equipment/tops/274/am_274_0_0_nrmr.tex.760230703 (deflate)
Wrote re_chunk_000.pak.patch_055\natives/stm/streaming/character/_kit/_equipment/pants/606/wl_606_0_0_nrmr.tex.760230703 (deflate)
Wrote re_chunk_000.pak.patch_055\natives/stm/character/_kit/hair/hair_013/hair_013_nrmr.tex.760230703 (deflate)
Wrote re_chunk_000.pak.patch_055\natives/stm/streaming/character/_kit/hair/hair_039/band_039_nrmr.tex.760230703 (deflate)
Wrote re_chunk_000.pak.patch_055\natives/stm/streaming/character/_kit/body/body_604_f/hand_604_f_low_nrm.tex.760230703 (deflate)
Wrote re_chunk_000.pak.patch_055\natives/stm/character/_kit/_equipment/tops/501/am_501_0_0_nrmr.tex.760230703 (deflate)
Wrote re_chunk_000.pak.patch_055\natives/stm/streaming/character/wp/wp08/002/wp08_002_0_0_nrmr.tex.760230703 (deflate)
Wrote re_chunk_000.pak.patch_055\natives/stm/streaming/character/_kit/body/body_204_m/hand_204_m_low_nrm.tex.760230703 (deflate)
Wrote re_chunk_000.pak.patch_055\natives/stm/streaming/character/wp/wp08/003/wp08_003_0_0_nrmr.tex.760230703 (deflate)
Wrote re_chunk_000.pak.patch_055\natives/stm/streaming/character/_kit/head/head_610_m/head_610_m_low_nrm.tex.760230703 (deflate)
Wrote re_chunk_000.pak.patch_055\natives/stm/streaming/character/_kit/_equipment/tops/003/am_003_0_0_nrmr.tex.760230703 (deflate)
Wrote re_chunk_000.pak.patch_055\natives/stm/character/wp/wp07/002/wp07_002_0_0_nrmr.tex.760230703 (deflate)
Wrote re_chunk_000.pak.patch_055\natives/stm/vfx/texture/meat/13_bone_000_00_nrmr.tex.760230703 (deflate)
Wrote re_chunk_000.pak.patch_055\natives/stm/character/_kit/_equipment/tops/035/wb_035_0_1_m_nrmr.tex.760230703 (deflate)
Wrote re_chunk_000.pak.patch_055\natives/stm/character/_kit/_equipment/tops/804/bd_804_0_1_nrmr.tex.760230703 (deflate)
Wrote re_chunk_000.pak.patch_055\natives/stm/character/_kit/_equipment/tops/303/bd_303_0_3_nrmr.tex.760230703 (deflate)
Wrote re_chunk_000.pak.patch_055\natives/stm/character/_kit/_equipment/tops/051/wb_051_0_0_nrmr.tex.760230703 (deflate)
Wrote re_chunk_000.pak.patch_055\natives/stm/character/_kit/_equipment/tops/601/am_601_0_0_nrmr.tex.760230703 (deflate)
Wrote re_chunk_000.pak.patch_055\natives/stm/streaming/character/ch/ch40_000/ch40_000_body_nrmr.tex.760230703 (deflate)
Wrote re_chunk_000.pak.patch_055\natives/stm/streaming/character/ch/ch28_000/body/body_902_f/hand_902_f_nrmr.tex.760230703 (deflate)
Wrote re_chunk_000.pak.patch_055\natives/stm/character/ch/ch20_001/wp20_001_03/wp20_001_03_0_nrmr.tex.760230703 (deflate)
Wrote re_chunk_000.pak.patch_055\natives/stm/streaming/character/_kit/_equipment/helm/019/hl_019_0_0_nrmr.tex.760230703 (deflate)
Wrote re_chunk_000.pak.patch_055\natives/stm/character/_kit/_equipment/mantle/003/mt_003_0_1_nrmr.tex.760230703 (deflate)
Wrote re_chunk_000.pak.patch_055\natives/stm/character/wp/wp11/001/wp11_001_nrmr.tex.760230703 (deflate)
Wrote re_chunk_000.pak.patch_055\natives/stm/character/_kit/_equipment/tops/286/am_286_0_1_nrmr.tex.760230703 (deflate)
Wrote re_chunk_000.pak.patch_055\natives/stm/character/wp/wp09/008/wp09_008_0_1_nrmr.tex.760230703 (deflate)
Wrote re_chunk_000.pak.patch_055\natives/stm/streaming/character/_kit/_equipment/tops/805/wb_805_0_0_nrmr.tex.760230703 (deflate)
Wrote re_chunk_000.pak.patch_055\natives/stm/character/_kit/_equipment/tops/003/bd_003_0_0_nrmr.tex.760230703 (deflate)
Wrote re_chunk_000.pak.patch_055\natives/stm/streaming/environment/textures/tx_024_nrmr.tex.760230703 (deflate)
Wrote re_chunk_000.pak.patch_055\natives/stm/streaming/character/_kit/beard/beard_154/beard_154_fake_nrmr.tex.760230703 (deflate)
Wrote re_chunk_000.pak.patch_055\natives/stm/character/_kit/_equipment/pants/823/lg_823_0_0_nrmr.tex.760230703 (deflate)
Wrote re_chunk_000.pak.patch_055\natives/stm/character/it/it09/002/it09_002_0_0_nrmr.tex.760230703 (deflate)
Wrote re_chunk_000.pak.patch_055\natives/stm/streaming/character/_kit/_equipment/helm/625/hl_625_0_0_nrmr.tex.760230703 (deflate)
Wrote re_chunk_000.pak.patch_055\natives/stm/character/ch/ch20_002/wp20_002_00/wp20_002_00_0_nrmr.tex.760230703 (deflate)
Wrote re_chunk_000.pak.patch_055\natives/stm/streaming/character/_kit/_equipment/tops/015/bd_015_0_4_nrmr.tex.760230703 (deflate)
Wrote re_chunk_000.pak.patch_055\natives/stm/character/wp/wp01/011/wp01_011_0_0_nrmr.tex.760230703 (deflate)
Wrote re_chunk_000.pak.patch_055\natives/stm/streaming/character/it/it10/005/it10_005_0_0_nrmr.tex.760230703 (deflate)
Wrote re_chunk_000.pak.patch_055\natives/stm/character/_kit/_equipment/tops/248/bd_248_0_2_nrmr.tex.760230703 (deflate)
Wrote re_chunk_000.pak.patch_055\natives/stm/character/ch/ch20_002/helm/00/eq20_002_00_hl_1_nrmr.tex.760230703 (deflate)
Wrote re_chunk_000.pak.patch_055\natives/stm/streaming/character/_kit/_equipment/tops/274/wb_274_0_0_nrmr.tex.760230703 (deflate)
Wrote re_chunk_000.pak.patch_055\natives/stm/streaming/character/_kit/_equipment/tops/276/am_276_0_0_nrmr.tex.760230703 (deflate)
Wrote re_chunk_000.pak.patch_055\natives/stm/streaming/character/_kit/_equipment/tops/630/am_630_0_0_nrmr.tex.760230703 (deflate)
Wrote re_chunk_000.pak.patch_055\natives/stm/streaming/character/_kit/_equipment/tops/202/bd_202_0_0_nrmr.tex.760230703 (deflate)
Wrote re_chunk_000.pak.patch_055\natives/stm/character/_kit/_equipment/tops/239/bd_239_0_2_nrmr.tex.760230703 (deflate)
Wrote re_chunk_000.pak.patch_055\natives/stm/streaming/character/ch/ch20_000/pants/01/eq20_000_01_lg_1_nrmr.tex.760230703 (deflate)
Wrote re_chunk_000.pak.patch_055\natives/stm/streaming/materiallibrary/original/surface/meat_decay_01_001/meat_decay_01_001_nrmr.tex.760230703 (deflate)
Wrote re_chunk_000.pak.patch_055\natives/stm/vfx/texture/lives/gm80_130/13_fly_000_00_nrmr.tex.760230703 (deflate)
Wrote re_chunk_000.pak.patch_055\natives/stm/streaming/character/wp/wp01/004/wp01_004_0_1_nrmr.tex.760230703 (deflate)
Wrote re_chunk_000.pak.patch_055\natives/stm/character/_kit/body/body_216_f/hand_216_f_low_nrm.tex.760230703 (deflate)
Wrote re_chunk_000.pak.patch_055\natives/stm/character/_kit/body/body_208_m/body_208_m_high_nrmr.tex.760230703 (deflate)
Wrote re_chunk_000.pak.patch_055\natives/stm/character/_kit/_equipment/helm/048/hl_048_0_0_nrmr.tex.760230703 (deflate)
Wrote re_chunk_000.pak.patch_055\natives/stm/streaming/character/_kit/_equipment/tops/036/bd_036_0_0_nrmr.tex.760230703 (deflate)
Wrote re_chunk_000.pak.patch_055\natives/stm/streaming/character/_kit/_equipment/tops/814/am_814_0_0_nrmr.tex.760230703 (deflate)
Wrote re_chunk_000.pak.patch_055\natives/stm/streaming/character/_kit/_equipment/helm/501/hl_501_0_0_nrmr.tex.760230703 (deflate)
Wrote re_chunk_000.pak.patch_055\natives/stm/streaming/character/_kit/_equipment/mantle/017/mt_017_0_1_nrmr.tex.760230703 (deflate)
Wrote re_chunk_000.pak.patch_055\natives/stm/streaming/character/_kit/beard/beard_002/beard_002_fake_nrmr.tex.760230703 (deflate)
Wrote re_chunk_000.pak.patch_055\natives/stm/streaming/character/ch/ch53_010/ch53_010_body3_nrmr.tex.760230703 (deflate)
Wrote re_chunk_000.pak.patch_055\natives/stm/streaming/character/_kit/_equipment/tops/008/008_ embroidery_02_nrmr.tex.760230703 (deflate)
Wrote re_chunk_000.pak.patch_055\natives/stm/streaming/character/_kit/_equipment/tops/502/am_502_0_0_nrmr.tex.760230703 (deflate)
Wrote re_chunk_000.pak.patch_055\natives/stm/character/_kit/hair/hair_070/hair_070_nrmr.tex.760230703 (deflate)
Wrote re_chunk_000.pak.patch_055\natives/stm/character/_kit/_equipment/helm/027/hl_027_0_1_nrmr.tex.760230703 (deflate)
Wrote re_chunk_000.pak.patch_055\natives/stm/streaming/character/ch/ch99_220/ch99_220_body_a_nrmr.tex.760230703 (deflate)
Wrote re_chunk_000.pak.patch_055\natives/stm/streaming/character/ch/ch21_000/ch21_000_eyeflatten_nrmr.tex.760230703 (deflate)
Wrote re_chunk_000.pak.patch_055\natives/stm/streaming/character/_kit/_equipment/tops/517/embroidery_03_nrmr.tex.760230703 (deflate)
Wrote re_chunk_000.pak.patch_055\natives/stm/streaming/character/_kit/head/head_226_f/head_226_f_high_nrmr.tex.760230703 (deflate)
Wrote re_chunk_000.pak.patch_055\natives/stm/streaming/character/ch/ch51_001/ch51_001_eyeflatten_nrmr.tex.760230703 (deflate)
Wrote re_chunk_000.pak.patch_055\natives/stm/character/wp/wp00/001/wp00_001_0_0_nrmr.tex.760230703 (deflate)
Wrote re_chunk_000.pak.patch_055\natives/stm/streaming/character/ch/ch20_000/helm/00/eq20_000_00_hl_2_nrmr.tex.760230703 (deflate)
Wrote re_chunk_000.pak.patch_055\natives/stm/character/_kit/_equipment/mantle/035/mt_035_0_0_m_nrmr.tex.760230703 (deflate)
Wrote re_chunk_000.pak.patch_055\natives/stm/character/ch/ch28_000/body/body_910_m/pants2_910_m_inflation_nrmr.tex.760230703 (deflate)
Wrote re_chunk_000.pak.patch_055\natives/stm/streaming/character/_kit/_equipment/tops/500/wb_500_0_0_nrmr.tex.760230703 (deflate)
Wrote re_chunk_000.pak.patch_055\natives/stm/character/wp/wp00/010/wp00_010_0_0_nrmr.tex.760230703 (deflate)
Wrote re_chunk_000.pak.patch_055\natives/stm/character/ch/ch59_000/ch59_000_backplate_nrmr.tex.760230703 (deflate)
Wrote re_chunk_000.pak.patch_055\natives/stm/character/_kit/_equipment/mantle/048/mt_048_0_0_nrmr.tex.760230703 (deflate)
Wrote re_chunk_000.pak.patch_055\natives/stm/streaming/character/_kit/_equipment/tops/013/bd_013_0_0_nrmr.tex.760230703 (deflate)
Wrote re_chunk_000.pak.patch_055\natives/stm/character/ch/ch28_000/body/body_910_m/body_910_m_nrmr.tex.760230703 (deflate)
Wrote re_chunk_000.pak.patch_055\natives/stm/streaming/character/_kit/_equipment/tops/803/bd_803_0_1_nrmr.tex.760230703 (deflate)
Wrote re_chunk_000.pak.patch_055\natives/stm/streaming/character/_kit/_equipment/tops/303/bd_303_0_0_nrmr.tex.760230703 (deflate)
Wrote re_chunk_000.pak.patch_055\natives/stm/streaming/character/ch/ch53_010/ch53_010_body1_nrmr.tex.760230703 (deflate)
Wrote re_chunk_000.pak.patch_055\natives/stm/character/_kit/head/head_600_f/head_600_f_low_nrm.tex.760230703 (deflate)
Wrote re_chunk_000.pak.patch_055\natives/stm/streaming/character/_kit/body/body_001_f/body_001_f_high_nrmr.tex.760230703 (deflate)
Wrote re_chunk_000.pak.patch_055\natives/stm/character/_kit/body/body_210_f/body_210_f_low_nrm.tex.760230703 (deflate)
Wrote re_chunk_000.pak.patch_055\natives/stm/streaming/character/_kit/_equipment/tops/506/bd_506_0_4_nrmr.tex.760230703 (deflate)
Wrote re_chunk_000.pak.patch_055\natives/stm/character/_kit/beard/beard_007/beard_007_fake_nrmr.tex.760230703 (deflate)
Wrote re_chunk_000.pak.patch_055\natives/stm/character/_kit/_equipment/pants/006/lg_006_0_0_nrmr.tex.760230703 (deflate)
Wrote re_chunk_000.pak.patch_055\natives/stm/character/wp/wp03/006/wp03_006_0_0_nrmr.tex.760230703 (deflate)
Wrote re_chunk_000.pak.patch_055\natives/stm/streaming/character/it/it10/011/it10_011_0_0_nrmr.tex.760230703 (deflate)
Wrote re_chunk_000.pak.patch_055\natives/stm/character/_kit/_equipment/pants/246/wl_246_0_0_nrmr.tex.760230703 (deflate)
Wrote re_chunk_000.pak.patch_055\natives/stm/streaming/character/ch/ch26_000/eq26_000_03/eq26_000_03_2_nrmr.tex.760230703 (deflate)
Wrote re_chunk_000.pak.patch_055\natives/stm/character/_kit/_equipment/tops/012/bd_012_0_0_nrmr.tex.760230703 (deflate)
Wrote re_chunk_000.pak.patch_055\natives/stm/streaming/character/_kit/_equipment/tops/800/bd_800_0_2_nrmr.tex.760230703 (deflate)
Wrote re_chunk_000.pak.patch_055\natives/stm/character/_kit/_equipment/mantle/003/mt_003_0_0_nrmr.tex.760230703 (deflate)
Wrote re_chunk_000.pak.patch_055\natives/stm/character/_kit/beard/beard_002/beard_002_fake_nrmr.tex.760230703 (deflate)
Wrote re_chunk_000.pak.patch_055\natives/stm/streaming/character/_kit/_equipment/pants/002/lg_002_0_0_nrmr.tex.760230703 (deflate)
Wrote re_chunk_000.pak.patch_055\natives/stm/streaming/character/_kit/body/body_600_m/body_600_m_low_nrm.tex.760230703 (deflate)
Wrote re_chunk_000.pak.patch_055\natives/stm/character/wp/wp04/006/wp04_006_0_0_nrmr.tex.760230703 (deflate)
Wrote re_chunk_000.pak.patch_055\natives/stm/streaming/character/ch/ch21_004/ch21_004_body_nrmr.tex.760230703 (deflate)
Wrote re_chunk_000.pak.patch_055\natives/stm/streaming/character/ch/ch27_001/ch27_001_body2_nrmr.tex.760230703 (deflate)
Wrote re_chunk_000.pak.patch_055\natives/stm/streaming/character/_kit/_equipment/helm/007/hl_007_0_0_nrmr.tex.760230703 (deflate)
Wrote re_chunk_000.pak.patch_055\natives/stm/character/wp/wp06/008/wp06_008_0_0_nrmr.tex.760230703 (deflate)
Wrote re_chunk_000.pak.patch_055\natives/stm/streaming/character/wp/wp04/012/wp04_012_0_0_nrmr.tex.760230703 (deflate)
Wrote re_chunk_000.pak.patch_055\natives/stm/character/_kit/head/head_223_f/head_223_f_low_nrm.tex.760230703 (deflate)
Wrote re_chunk_000.pak.patch_055\natives/stm/streaming/character/_kit/head/head_222_f/head_222_f_high_nrmr.tex.760230703 (deflate)
Wrote re_chunk_000.pak.patch_055\natives/stm/streaming/character/_kit/_equipment/mantle/035/mt_035_0_0_m_nrmr.tex.760230703 (deflate)
Wrote re_chunk_000.pak.patch_055\natives/stm/streaming/character/_kit/_equipment/mantle/831/mt_831_0_0_nrmr.tex.760230703 (deflate)
Wrote re_chunk_000.pak.patch_055\natives/stm/streaming/character/ch/ch20_000/mantle/01/eq20_000_01_mt_1_nrmr.tex.760230703 (deflate)
Wrote re_chunk_000.pak.patch_055\natives/stm/streaming/character/ch/ch60_001/ch60_001_eyeflatten_nrmr.tex.760230703 (deflate)
Wrote re_chunk_000.pak.patch_055\natives/stm/streaming/character/wp/wp09/012/wp09_012_0_0_nrmr.tex.760230703 (deflate)
Wrote re_chunk_000.pak.patch_055\natives/stm/character/_kit/_equipment/tops/035/wb_035_0_3_f_nrmr.tex.760230703 (deflate)
Wrote re_chunk_000.pak.patch_055\natives/stm/character/ch/ch22_000/ch22_000_feather_nrmr.tex.760230703 (deflate)
Wrote re_chunk_000.pak.patch_055\natives/stm/character/_kit/body/body_608_f/body_608_f_low_nrm.tex.760230703 (deflate)
Wrote re_chunk_000.pak.patch_055\natives/stm/streaming/character/ch/ch20_000/wp20_000_20/wp20_000_20_1_nrmr.tex.760230703 (deflate)
Wrote re_chunk_000.pak.patch_055\natives/stm/streaming/character/_kit/body/body_224_f/body_224_f_low_nrm.tex.760230703 (deflate)
Wrote re_chunk_000.pak.patch_055\natives/stm/character/ch/ch20_000/wp20_000_20/wp20_000_20_0_2_nrmr.tex.760230703 (deflate)
Wrote re_chunk_000.pak.patch_055\natives/stm/streaming/character/_kit/_equipment/helm/004/hl_004_0_0_nrmr.tex.760230703 (deflate)
Wrote re_chunk_000.pak.patch_055\natives/stm/streaming/character/ch/ch20_001/helm/01/eq20_001_01_hl_1_nrmr.tex.760230703 (deflate)
Wrote re_chunk_000.pak.patch_055\natives/stm/streaming/character/_kit/_equipment/tops/004/bd_004_0_0_nrmr.tex.760230703 (deflate)
Wrote re_chunk_000.pak.patch_055\natives/stm/character/_kit/hair/hair_055/ring_055_nrmr.tex.760230703 (deflate)
Wrote re_chunk_000.pak.patch_055\natives/stm/character/ch/ch26_000/eq26_000_01/eq26_000_01_0_nrmr.tex.760230703 (deflate)
Wrote re_chunk_000.pak.patch_055\natives/stm/streaming/character/_kit/_equipment/tops/246/bd_246_0_1_nrmr.tex.760230703 (deflate)
Wrote re_chunk_000.pak.patch_055\natives/stm/streaming/character/_kit/_equipment/tops/616/embroidery_34_nrmr.tex.760230703 (deflate)
Wrote re_chunk_000.pak.patch_055\natives/stm/streaming/character/ch/ch99_003/ch99_003_horn_a_nrmr.tex.760230703 (deflate)
Wrote re_chunk_000.pak.patch_055\natives/stm/streaming/character/_kit/_equipment/helm/518/hl_518_0_0_nrmr.tex.760230703 (deflate)
Wrote re_chunk_000.pak.patch_055\natives/stm/character/wp/wp07/015/wp07_015_0_0_nrmr.tex.760230703 (deflate)
Wrote re_chunk_000.pak.patch_055\natives/stm/character/ch/ch20_003/wp20_003_00/wp20_003_00_1_nrmr.tex.760230703 (deflate)
Wrote re_chunk_000.pak.patch_055\natives/stm/character/ch/ch26_000/wp26_000_05/wp26_000_05_0_nrmr.tex.760230703 (deflate)
Wrote re_chunk_000.pak.patch_055\natives/stm/streaming/character/_kit/_equipment/tops/228/wb_228_0_1_nrmr.tex.760230703 (deflate)
Wrote re_chunk_000.pak.patch_055\natives/stm/streaming/character/_kit/_equipment/tops/528/bd_528_0_0_nrmr.tex.760230703 (deflate)
Wrote re_chunk_000.pak.patch_055\natives/stm/character/_kit/_equipment/tops/526/bd_526_0_0_nrmr.tex.760230703 (deflate)
Wrote re_chunk_000.pak.patch_055\natives/stm/character/_kit/head/head_203_f/head_203_f_low_nrm.tex.760230703 (deflate)
Wrote re_chunk_000.pak.patch_055\natives/stm/streaming/character/_kit/head/head_226_f/head_226_f_low_nrm.tex.760230703 (deflate)
Wrote re_chunk_000.pak.patch_055\natives/stm/character/_kit/_equipment/tops/309/bd_309_0_2_nrmr.tex.760230703 (deflate)
Wrote re_chunk_000.pak.patch_055\natives/stm/environment/textures/tx_022_nrmr.tex.760230703 (deflate)
Wrote re_chunk_000.pak.patch_055\natives/stm/streaming/character/ch/ch20_001/wp20_001_05/wp20_001_05_0_nrmr.tex.760230703 (deflate)
Wrote re_chunk_000.pak.patch_055\natives/stm/streaming/character/_kit/_equipment/tops/276/wb_276_0_1_nrmr.tex.760230703 (deflate)
Wrote re_chunk_000.pak.patch_055\natives/stm/character/_kit/_equipment/tops/632/am_632_0_0_nrmr.tex.760230703 (deflate)
Wrote re_chunk_000.pak.patch_055\natives/stm/streaming/character/_kit/hair/hair_040/haircap_040_nrmr.tex.760230703 (deflate)
Wrote re_chunk_000.pak.patch_055\natives/stm/character/_kit/_equipment/tops/001/bd_001_0_5_nrmr.tex.760230703 (deflate)
Wrote re_chunk_000.pak.patch_055\natives/stm/streaming/character/ch/ch99_420/ch99_420_body_a_eyeflatten_nrmr.tex.760230703 (deflate)
Wrote re_chunk_000.pak.patch_055\natives/stm/character/_kit/_equipment/helm/025/hl_025_0_0_nrmr.tex.760230703 (deflate)
Wrote re_chunk_000.pak.patch_055\natives/stm/streaming/character/_kit/_equipment/tops/525/am_525_0_0_nrmr.tex.760230703 (deflate)
Wrote re_chunk_000.pak.patch_055\natives/stm/streaming/character/_kit/_equipment/tops/630/am_630_0_1_nrmr.tex.760230703 (deflate)
Wrote re_chunk_000.pak.patch_055\natives/stm/streaming/character/wp/wp07/001/wp07_001_0_0_nrmr.tex.760230703 (deflate)
Wrote re_chunk_000.pak.patch_055\natives/stm/streaming/character/ch/ch53_010/ch53_010_horn_nrmr.tex.760230703 (deflate)
Wrote re_chunk_000.pak.patch_055\natives/stm/streaming/character/_kit/_equipment/tops/236/wb_236_0_0_nrmr.tex.760230703 (deflate)
Wrote re_chunk_000.pak.patch_055\natives/stm/character/_kit/hair/hair_061/hair_061_fake_nrmr.tex.760230703 (deflate)
Wrote re_chunk_000.pak.patch_055\natives/stm/streaming/character/_kit/_equipment/pants/220/lg_220_0_1_nrmr.tex.760230703 (deflate)
Wrote re_chunk_000.pak.patch_055\natives/stm/streaming/character/_kit/_equipment/tops/004/am_004_0_0_nrmr.tex.760230703 (deflate)
Wrote re_chunk_000.pak.patch_055\natives/stm/character/_kit/_equipment/pants/041/wl_041_0_0_nrmr.tex.760230703 (deflate)
Wrote re_chunk_000.pak.patch_055\natives/stm/character/_kit/_equipment/tops/805/wb_805_0_3_nrmr.tex.760230703 (deflate)
Wrote re_chunk_000.pak.patch_055\natives/stm/streaming/character/wp/wp08/001/wp08_001_0_0_nrmr.tex.760230703 (deflate)
Wrote re_chunk_000.pak.patch_055\natives/stm/streaming/character/_kit/_equipment/pants/806/lg_806_0_0_nrmr.tex.760230703 (deflate)
Wrote re_chunk_000.pak.patch_055\natives/stm/streaming/character/_kit/head/head_003_m/head_003_m_high_nrmr.tex.760230703 (deflate)
Wrote re_chunk_000.pak.patch_055\natives/stm/streaming/character/_kit/_equipment/pants/035/lg_035_0_0_m_nrmr.tex.760230703 (deflate)
Wrote re_chunk_000.pak.patch_055\natives/stm/character/_kit/body/body_608_f/hand_608_f_high_nrmr.tex.760230703 (deflate)
Wrote re_chunk_000.pak.patch_055\natives/stm/streaming/character/_kit/_equipment/facewear/020/hl_020_0_0_nrmr.tex.760230703 (deflate)
Wrote re_chunk_000.pak.patch_055\natives/stm/streaming/character/_kit/body/body_608_m/hand_608_m_high_nrmr.tex.760230703 (deflate)
Wrote re_chunk_000.pak.patch_055\natives/stm/character/wp/wp01/010/wp01_010_0_1_nrmr.tex.760230703 (deflate)
Wrote re_chunk_000.pak.patch_055\natives/stm/streaming/character/_kit/_equipment/pants/523/wl_523_0_0_nrmr.tex.760230703 (deflate)
Wrote re_chunk_000.pak.patch_055\natives/stm/character/_kit/hair/hair_010/hair_010_fake_nrmr.tex.760230703 (deflate)
Wrote re_chunk_000.pak.patch_055\natives/stm/streaming/character/ch/ch23_000/ch23_000_eyeflatten_nrmr.tex.760230703 (deflate)
Wrote re_chunk_000.pak.patch_055\natives/stm/streaming/character/_kit/_equipment/helm/246/hl_246_0_0_nrmr.tex.760230703 (deflate)
Wrote re_chunk_000.pak.patch_055\natives/stm/character/ch/ch99_020/ch99_020_body_a_nrmr.tex.760230703 (deflate)
Wrote re_chunk_000.pak.patch_055\natives/stm/character/_kit/_equipment/tops/248/bd_248_0_3_nrmr.tex.760230703 (deflate)
Wrote re_chunk_000.pak.patch_055\natives/stm/character/_kit/_equipment/tops/002/bd_002_0_5_nrmr.tex.760230703 (deflate)
Wrote re_chunk_000.pak.patch_055\natives/stm/character/wp/wp01/050/wp01_050_0_1_nrmr.tex.760230703 (deflate)
Wrote re_chunk_000.pak.patch_055\natives/stm/streaming/character/_kit/_equipment/tops/035/wb_035_0_0_f_nrmr.tex.760230703 (deflate)
Wrote re_chunk_000.pak.patch_055\natives/stm/streaming/character/_kit/_equipment/tops/039/wb_039_0_1_nrmr.tex.760230703 (deflate)
Wrote re_chunk_000.pak.patch_055\natives/stm/streaming/character/_kit/beard/beard_131/beard_131_fake_nrmr.tex.760230703 (deflate)
Wrote re_chunk_000.pak.patch_055\natives/stm/environment/textures/tx_038_nrmr.tex.760230703 (deflate)
Wrote re_chunk_000.pak.patch_055\natives/stm/streaming/character/_kit/_equipment/tops/285/bd_285_0_3_nrmr.tex.760230703 (deflate)
Wrote re_chunk_000.pak.patch_055\natives/stm/environment/textures/tx_045_nrmr.tex.760230703 (deflate)
Wrote re_chunk_000.pak.patch_055\natives/stm/character/_kit/beard/beard_000/beard_000_fake_nrmr.tex.760230703 (deflate)
Wrote re_chunk_000.pak.patch_055\natives/stm/streaming/character/_kit/_equipment/tops/525/wb_525_0_0_nrmr.tex.760230703 (deflate)
Wrote re_chunk_000.pak.patch_055\natives/stm/character/ch/ch28_000/body/body_901_m/body_901_m_nrmr.tex.760230703 (deflate)
Wrote re_chunk_000.pak.patch_055\natives/stm/streaming/character/_kit/eyes/common/eye_001_cover_nrmr.tex.760230703 (deflate)
Wrote re_chunk_000.pak.patch_055\natives/stm/character/_kit/head/head_214_m/head_214_m_low_nrm.tex.760230703 (deflate)
Wrote re_chunk_000.pak.patch_055\natives/stm/character/_kit/_equipment/pants/011/wl_011_0_1_nrmr.tex.760230703 (deflate)
Wrote re_chunk_000.pak.patch_055\natives/stm/streaming/character/_kit/_equipment/pants/246/lg_246_0_0_nrmr.tex.760230703 (deflate)
Wrote re_chunk_000.pak.patch_055\natives/stm/vfx/texture/decal/13_muddecal_000_00_nrmr.tex.760230703 (deflate)
Wrote re_chunk_000.pak.patch_055\natives/stm/character/_kit/_equipment/tops/276/wb_276_0_0_nrmr.tex.760230703 (deflate)
Wrote re_chunk_000.pak.patch_055\natives/stm/streaming/character/_kit/_equipment/tops/246/am_246_0_1_nrmr.tex.760230703 (deflate)
Wrote re_chunk_000.pak.patch_055\natives/stm/streaming/character/ch/ch20_001/helm/02/eq20_001_02_hl_1_nrmr.tex.760230703 (deflate)
Wrote re_chunk_000.pak.patch_055\natives/stm/character/wp/wp07/011/wp07_011_0_0_nrmr.tex.760230703 (deflate)
Wrote re_chunk_000.pak.patch_055\natives/stm/streaming/character/_kit/_equipment/pants/836/embroidery_836_0_0_nrmr.tex.760230703 (deflate)
Wrote re_chunk_000.pak.patch_055\natives/stm/streaming/character/_kit/_equipment/tops/008/bd_008_0_1_nrmr.tex.760230703 (deflate)
Wrote re_chunk_000.pak.patch_055\natives/stm/character/_kit/body/body_208_m/hand_208_m_high_nrmr.tex.760230703 (deflate)
Wrote re_chunk_000.pak.patch_055\natives/stm/character/ch/ch99_240/ch99_240_body_a_nrmr.tex.760230703 (deflate)
Wrote re_chunk_000.pak.patch_055\natives/stm/character/_kit/_equipment/helm/528/hl_528_0_0_nrmr.tex.760230703 (deflate)
Wrote re_chunk_000.pak.patch_055\natives/stm/streaming/character/_kit/_equipment/_common/bt_004_0_1_nrmr.tex.760230703 (deflate)
Wrote re_chunk_000.pak.patch_055\natives/stm/streaming/character/_kit/body/body_604_m/hand_604_m_low_nrm.tex.760230703 (deflate)
Wrote re_chunk_000.pak.patch_055\natives/stm/character/_kit/_equipment/tops/616/am_616_0_0_nrmr.tex.760230703 (deflate)
Wrote re_chunk_000.pak.patch_055\natives/stm/character/wp/wp05/004/wp05_004_0_0_nrmr.tex.760230703 (deflate)
Wrote re_chunk_000.pak.patch_055\natives/stm/character/_kit/_equipment/facewear/020/hl_020_0_1_nrmr.tex.760230703 (deflate)
Wrote re_chunk_000.pak.patch_055\natives/stm/character/ch/ch28_000/hair/hair_912/hair_912_nrmr.tex.760230703 (deflate)
Wrote re_chunk_000.pak.patch_055\natives/stm/character/_kit/_equipment/tops/541/wb_541_0_2_nrmr.tex.760230703 (deflate)
Wrote re_chunk_000.pak.patch_055\natives/stm/streaming/character/_kit/body/body_004_m/hand_004_m_high_nrmr.tex.760230703 (deflate)
Wrote re_chunk_000.pak.patch_055\natives/stm/character/_kit/head/head_216_m/head_216_m_low_nrm.tex.760230703 (deflate)
Wrote re_chunk_000.pak.patch_055\natives/stm/streaming/character/_kit/body/body_603_f/body_603_f_high_nrmr.tex.760230703 (deflate)
Wrote re_chunk_000.pak.patch_055\natives/stm/character/_kit/_equipment/tops/839/am_839_0_0_nrmr.tex.760230703 (deflate)
Wrote re_chunk_000.pak.patch_055\natives/stm/character/_kit/body/body_003_f/hand_003_f_high_nrmr.tex.760230703 (deflate)
Wrote re_chunk_000.pak.patch_055\natives/stm/streaming/character/wp/wp03/007/wp03_007_0_0_nrmr.tex.760230703 (deflate)
Wrote re_chunk_000.pak.patch_055\natives/stm/character/_kit/_equipment/tops/535/am_535_0_0_nrmr.tex.760230703 (deflate)
Wrote re_chunk_000.pak.patch_055\natives/stm/character/_kit/hair/hair_057/hair_057_nrmr.tex.760230703 (deflate)
Wrote re_chunk_000.pak.patch_055\natives/stm/character/_kit/body/body_201_f/body_201_f_high_nrmr.tex.760230703 (deflate)
Wrote re_chunk_000.pak.patch_055\natives/stm/character/wp/wp03/050/wp03_050_0_0_nrmr.tex.760230703 (deflate)
Wrote re_chunk_000.pak.patch_055\natives/stm/streaming/character/_kit/_equipment/pants/023/lg_023_0_0_nrmr.tex.760230703 (deflate)
Wrote re_chunk_000.pak.patch_055\natives/stm/streaming/character/_kit/_equipment/pants/005/lg_005_0_0_nrmr.tex.760230703 (deflate)
Wrote re_chunk_000.pak.patch_055\natives/stm/streaming/character/_kit/_equipment/helm/006/hl_006_0_0_nrmr.tex.760230703 (deflate)
Wrote re_chunk_000.pak.patch_055\natives/stm/character/_kit/eyebrows/eyebrows_012/eyebrows_012_skin_nrmr.tex.760230703 (deflate)
Wrote re_chunk_000.pak.patch_055\natives/stm/character/_kit/head/head_208_f/head_208_f_high_nrmr.tex.760230703 (deflate)
Wrote re_chunk_000.pak.patch_055\natives/stm/streaming/character/wp/wp02/013/wp02_013_0_0_nrmr.tex.760230703 (deflate)
Wrote re_chunk_000.pak.patch_055\natives/stm/streaming/character/_kit/hair/hair_029/hair_029_fake_nrmr.tex.760230703 (deflate)
Wrote re_chunk_000.pak.patch_055\natives/stm/character/_kit/_equipment/helm/253/hl_253_0_0_nrmr.tex.760230703 (deflate)
Wrote re_chunk_000.pak.patch_055\natives/stm/character/_kit/_equipment/tops/036/036_embroidery_00_nrmr.tex.760230703 (deflate)
Wrote re_chunk_000.pak.patch_055\natives/stm/streaming/character/ch/ch55_010/ch55_010_body3_nrmr.tex.760230703 (deflate)
Wrote re_chunk_000.pak.patch_055\natives/stm/streaming/character/ch/ch59_000/ch59_000_body2_nrmr.tex.760230703 (deflate)
Wrote re_chunk_000.pak.patch_055\natives/stm/character/_kit/_equipment/tops/257/am_257_0_2_nrmr.tex.760230703 (deflate)
Wrote re_chunk_000.pak.patch_055\natives/stm/character/ch/ch27_000/ch27_000_body2_nrmr.tex.760230703 (deflate)
Wrote re_chunk_000.pak.patch_055\natives/stm/character/_kit/_equipment/pants/274/wl_274_0_0_nrmr.tex.760230703 (deflate)
Wrote re_chunk_000.pak.patch_055\natives/stm/character/_kit/body/body_606_m/hand_606_m_low_nrm.tex.760230703 (deflate)
Wrote re_chunk_000.pak.patch_055\natives/stm/streaming/character/_kit/hair/hair_065/hair_065_fake_nrmr.tex.760230703 (deflate)
Wrote re_chunk_000.pak.patch_055\natives/stm/character/ch/ch58_000/ch58_000_body2_nrmr.tex.760230703 (deflate)
Wrote re_chunk_000.pak.patch_055\natives/stm/character/_kit/_equipment/tops/036/wb_036_0_0_nrmr.tex.760230703 (deflate)
Wrote re_chunk_000.pak.patch_055\natives/stm/streaming/character/_kit/_equipment/pants/004/wl_004_0_0_nrmr.tex.760230703 (deflate)
Wrote re_chunk_000.pak.patch_055\natives/stm/character/ch/ch27_000/wp27_000_00/wp27_000_00_0_nrmr.tex.760230703 (deflate)
Wrote re_chunk_000.pak.patch_055\natives/stm/streaming/character/_kit/hair/hair_045/hair_045_fake_nrmr.tex.760230703 (deflate)
Wrote re_chunk_000.pak.patch_055\natives/stm/character/ch/ch99_230/ch99_230_body_nrmr.tex.760230703 (deflate)
Wrote re_chunk_000.pak.patch_055\natives/stm/character/_kit/_equipment/tops/628/embroidery_35_nrmr.tex.760230703 (deflate)
Wrote re_chunk_000.pak.patch_055\natives/stm/streaming/character/_kit/hair/hair_062/haircap_062_nrmr.tex.760230703 (deflate)
Wrote re_chunk_000.pak.patch_055\natives/stm/character/_kit/_equipment/tops/265/wb_265_0_0_nrmr.tex.760230703 (deflate)
Wrote re_chunk_000.pak.patch_055\natives/stm/streaming/character/_kit/head/head_608_f/head_608_f_low_nrm.tex.760230703 (deflate)
Wrote re_chunk_000.pak.patch_055\natives/stm/streaming/character/wp/wp03/014/wp03_014_0_0_nrmr.tex.760230703 (deflate)
Wrote re_chunk_000.pak.patch_055\natives/stm/character/_kit/eyebrows/eyebrows_007/eyebrows_007_skin_nrmr.tex.760230703 (deflate)
Wrote re_chunk_000.pak.patch_055\natives/stm/character/_kit/_equipment/tops/210/wb_210_0_0_nrmr.tex.760230703 (deflate)
Wrote re_chunk_000.pak.patch_055\natives/stm/streaming/character/_kit/_equipment/tops/001/bd_001_0_5_nrmr.tex.760230703 (deflate)
Wrote re_chunk_000.pak.patch_055\natives/stm/streaming/character/wp/wp01/007/wp01_007_0_0_nrmr.tex.760230703 (deflate)
Wrote re_chunk_000.pak.patch_055\natives/stm/character/ch/ch26_000/ch26_000_body_nrmr.tex.760230703 (deflate)
Wrote re_chunk_000.pak.patch_055\natives/stm/character/it/it02/002/it02_002_0_0_nrmr.tex.760230703 (deflate)
Wrote re_chunk_000.pak.patch_055\natives/stm/streaming/character/ch/ch56_000/ch56_000_body_nrmr.tex.760230703 (deflate)
Wrote re_chunk_000.pak.patch_055\natives/stm/streaming/character/_kit/_equipment/tops/246/am_246_0_0_nrmr.tex.760230703 (deflate)
Wrote re_chunk_000.pak.patch_055\natives/stm/character/ch/ch51_001/ch51_001_body_nrmr.tex.760230703 (deflate)
Wrote re_chunk_000.pak.patch_055\natives/stm/streaming/character/_kit/_equipment/tops/246/bd_246_0_2_nrmr.tex.760230703 (deflate)
Wrote re_chunk_000.pak.patch_055\natives/stm/character/_kit/body/body_221_f/hand_221_f_high_nrmr.tex.760230703 (deflate)
Wrote re_chunk_000.pak.patch_055\natives/stm/character/_kit/_equipment/tops/806/wb_806_0_0_nrmr.tex.760230703 (deflate)
Wrote re_chunk_000.pak.patch_055\natives/stm/streaming/character/_kit/hair/hair_017/hair_017_fake_nrmr.tex.760230703 (deflate)
Wrote re_chunk_000.pak.patch_055\natives/stm/streaming/character/_kit/_equipment/mantle/502/mt_502_0_0_nrmr.tex.760230703 (deflate)
Wrote re_chunk_000.pak.patch_055\natives/stm/streaming/character/_kit/_equipment/pants/051/lg_051_0_0_nrmr.tex.760230703 (deflate)
Wrote re_chunk_000.pak.patch_055\natives/stm/character/_kit/hair/hair_054/hair_054_fake_nrmr.tex.760230703 (deflate)
Wrote re_chunk_000.pak.patch_055\natives/stm/streaming/character/ch/ch22_003/ch22_003_eye_nrmr.tex.760230703 (deflate)
Wrote re_chunk_000.pak.patch_055\natives/stm/streaming/character/wp/wp07/012/wp07_012_0_0_nrmr.tex.760230703 (deflate)
Wrote re_chunk_000.pak.patch_055\natives/stm/streaming/character/_kit/body/body_206_f/hand_206_f_high_nrmr.tex.760230703 (deflate)
Wrote re_chunk_000.pak.patch_055\natives/stm/character/_kit/_equipment/helm/047/hl_047_0_0_nrmr.tex.760230703 (deflate)
Wrote re_chunk_000.pak.patch_055\natives/stm/streaming/character/_kit/_equipment/tops/007/am_007_0_0_nrmr.tex.760230703 (deflate)
Wrote re_chunk_000.pak.patch_055\natives/stm/streaming/character/_kit/_equipment/helm/202/hl_202_0_1_nrmr.tex.760230703 (deflate)
Wrote re_chunk_000.pak.patch_055\natives/stm/streaming/character/_kit/hair/hair_018/hair_018_nrmr.tex.760230703 (deflate)
Wrote re_chunk_000.pak.patch_055\natives/stm/character/_kit/_equipment/tops/602/wb_602_0_0_nrmr.tex.760230703 (deflate)
Wrote re_chunk_000.pak.patch_055\natives/stm/character/ch/ch26_000/wp26_000_20/wp26_000_20_00_1_nrmr.tex.760230703 (deflate)
Wrote re_chunk_000.pak.patch_055\natives/stm/streaming/character/ch/ch21_002/ch21_002_eyeflatten_nrmr.tex.760230703 (deflate)
Wrote re_chunk_000.pak.patch_055\natives/stm/streaming/character/_kit/_equipment/tops/804/804_embroidery_01_nrmr.tex.760230703 (deflate)
Wrote re_chunk_000.pak.patch_055\natives/stm/character/ch/ch26_000/wp26_000_22/wp26_000_22_00_0_nrmr.tex.760230703 (deflate)
Wrote re_chunk_000.pak.patch_055\natives/stm/streaming/character/_kit/_equipment/pants/606/lg_606_0_0_nrmr.tex.760230703 (deflate)
Wrote re_chunk_000.pak.patch_055\natives/stm/character/ch/ch20_000/wp20_000_20/wp20_000_20_0_1_nrmr.tex.760230703 (deflate)
Wrote re_chunk_000.pak.patch_055\natives/stm/streaming/character/_kit/body/body_604_f/hand_604_f_high_nrmr.tex.760230703 (deflate)
Wrote re_chunk_000.pak.patch_055\natives/stm/streaming/character/_kit/hair/hair_063/hair_063_nrmr.tex.760230703 (deflate)
Wrote re_chunk_000.pak.patch_055\natives/stm/character/_kit/_equipment/tops/045/bd_045_0_0_nrmr.tex.760230703 (deflate)
Wrote re_chunk_000.pak.patch_055\natives/stm/character/wp/wp08/011/wp08_011_0_0_nrmr.tex.760230703 (deflate)
Wrote re_chunk_000.pak.patch_055\natives/stm/gui/model/ui06/01/04/ui06_04_01_timesplit_nrmr.tex.760230703 (deflate)
Wrote re_chunk_000.pak.patch_055\natives/stm/streaming/character/_kit/_equipment/tops/006/bd_006_0_2_nrmr.tex.760230703 (deflate)
Wrote re_chunk_000.pak.patch_055\natives/stm/streaming/character/_kit/hair/hair_043/hair_043_fake_nrmr.tex.760230703 (deflate)
Wrote re_chunk_000.pak.patch_055\natives/stm/character/wp/wp09/003/wp09_003_0_0_nrmr.tex.760230703 (deflate)
Wrote re_chunk_000.pak.patch_055\natives/stm/character/_kit/_equipment/tops/516/embroidery_03_nrmr.tex.760230703 (deflate)
Wrote re_chunk_000.pak.patch_055\natives/stm/character/_kit/body/body_002_m/body_002_m_high_nrmr.tex.760230703 (deflate)
Wrote re_chunk_000.pak.patch_055\natives/stm/streaming/character/_kit/_equipment/mantle/011/mt_011_0_0_nrmr.tex.760230703 (deflate)
Wrote re_chunk_000.pak.patch_055\natives/stm/streaming/character/_kit/head/head_202_f/head_202_f_high_nrmr.tex.760230703 (deflate)
Wrote re_chunk_000.pak.patch_055\natives/stm/streaming/character/_kit/_equipment/helm/211/hl_211_0_0_nrmr.tex.760230703 (deflate)
Wrote re_chunk_000.pak.patch_055\natives/stm/streaming/character/_kit/_equipment/helm/237/hl_237_0_0_nrmr.tex.760230703 (deflate)
Wrote re_chunk_000.pak.patch_055\natives/stm/streaming/character/_kit/body/body_222_f/body_222_f_high_nrmr.tex.760230703 (deflate)
Wrote re_chunk_000.pak.patch_055\natives/stm/streaming/character/ch/ch55_001/ch55_000_snake_nrmr.tex.760230703 (deflate)
Wrote re_chunk_000.pak.patch_055\natives/stm/character/wp/wp09/005/wp09_005_0_0_nrmr.tex.760230703 (deflate)
Wrote re_chunk_000.pak.patch_055\natives/stm/streaming/character/_kit/_equipment/tops/045/045_embroidery_2_nrmr.tex.760230703 (deflate)
Wrote re_chunk_000.pak.patch_055\natives/stm/streaming/character/ch/ch28_000/head/head_910_m/eye_910_nrmr.tex.760230703 (deflate)
Wrote re_chunk_000.pak.patch_055\natives/stm/character/_kit/_equipment/tops/034/wb_034_0_0_nrmr.tex.760230703 (deflate)
Wrote re_chunk_000.pak.patch_055\natives/stm/streaming/character/_kit/_equipment/tops/247/tops_247_bd_00_nrmr.tex.760230703 (deflate)
Wrote re_chunk_000.pak.patch_055\natives/stm/streaming/character/_kit/head/head_202_f/head_202_f_low_nrm.tex.760230703 (deflate)
Wrote re_chunk_000.pak.patch_055\natives/stm/streaming/character/_kit/_equipment/facewear/310/facewear_310_0_0_nrmr.tex.760230703 (deflate)
Wrote re_chunk_000.pak.patch_055\natives/stm/streaming/character/ch/ch26_000/eq26_000_05/eq26_000_05_0_nrmr.tex.760230703 (deflate)
Wrote re_chunk_000.pak.patch_055\natives/stm/streaming/character/_kit/_equipment/backpack/backpack_500/backpack_500_0_2_nrmr.tex.760230703 (deflate)
Wrote re_chunk_000.pak.patch_055\natives/stm/streaming/character/_kit/body/body_607_f/hand_607_f_high_nrmr.tex.760230703 (deflate)
Wrote re_chunk_000.pak.patch_055\natives/stm/character/_kit/head/head_002_m/head_002_m_low_nrm.tex.760230703 (deflate)
Wrote re_chunk_000.pak.patch_055\natives/stm/streaming/character/it/it02/001/it02_001_0_0_nrmr.tex.760230703 (deflate)
Wrote re_chunk_000.pak.patch_055\natives/stm/character/_kit/_equipment/tops/003/bd_003_0_3_nrmr.tex.760230703 (deflate)
Wrote re_chunk_000.pak.patch_055\natives/stm/streaming/character/ch/ch26_000/eq26_000_04/eq26_000_04_1_nrmr.tex.760230703 (deflate)
Wrote re_chunk_000.pak.patch_055\natives/stm/streaming/character/_kit/body/body_220_m/hand_220_m_low_nrm.tex.760230703 (deflate)
Wrote re_chunk_000.pak.patch_055\natives/stm/streaming/character/ch/ch58_000/ch58_000_head_nrmr.tex.760230703 (deflate)
Wrote re_chunk_000.pak.patch_055\natives/stm/streaming/character/_kit/_equipment/tops/022/wb_022_0_0_nrmr.tex.760230703 (deflate)
Wrote re_chunk_000.pak.patch_055\natives/stm/character/wp/wp03/013/wp03_013_0_0_nrmr.tex.760230703 (deflate)
Wrote re_chunk_000.pak.patch_055\natives/stm/character/_kit/body/body_820_f/hand_820_f_high_nrmr.tex.760230703 (deflate)
Wrote re_chunk_000.pak.patch_055\natives/stm/character/it/it02/007/it02_007_body_nrmr.tex.760230703 (deflate)
Wrote re_chunk_000.pak.patch_055\natives/stm/streaming/character/ch/ch56_001/ch56_001_props_nrmr.tex.760230703 (deflate)
Wrote re_chunk_000.pak.patch_055\natives/stm/character/ch/ch99_420/ch99_420_body_a_eyeflatten_nrmr.tex.760230703 (deflate)
Wrote re_chunk_000.pak.patch_055\natives/stm/streaming/character/_kit/_equipment/tops/246/bd_246_0_3_nrmr.tex.760230703 (deflate)
Wrote re_chunk_000.pak.patch_055\natives/stm/streaming/character/_kit/_equipment/pants/501/wl_501_0_1_nrmr.tex.760230703 (deflate)
Wrote re_chunk_000.pak.patch_055\natives/stm/streaming/character/_kit/beard/beard_112/beard_112_fake_nrmr.tex.760230703 (deflate)
Wrote re_chunk_000.pak.patch_055\natives/stm/character/_kit/_equipment/backpack/backpack_500/backpack_500_0_0_nrmr.tex.760230703 (deflate)
Wrote re_chunk_000.pak.patch_055\natives/stm/character/_kit/hair/hair_011/hair_011_nrmr.tex.760230703 (deflate)
Wrote re_chunk_000.pak.patch_055\natives/stm/character/ch/ch56_000/ch56_000_fur_nrmr.tex.760230703 (deflate)
Wrote re_chunk_000.pak.patch_055\natives/stm/character/_kit/_equipment/pants/523/lg_523_0_0_nrmr.tex.760230703 (deflate)
Wrote re_chunk_000.pak.patch_055\natives/stm/character/ch/ch56_001/ch56_001_eyeflatten_nrmr.tex.760230703 (deflate)
Wrote re_chunk_000.pak.patch_055\natives/stm/streaming/character/_kit/_equipment/mantle/037/mt_037_0_0_nrmr.tex.760230703 (deflate)
Wrote re_chunk_000.pak.patch_055\natives/stm/character/_kit/head/head_201_f/head_201_f_high_nrmr.tex.760230703 (deflate)
Wrote re_chunk_000.pak.patch_055\natives/stm/character/_kit/_equipment/tops/516/embroidery_01_nrmr.tex.760230703 (deflate)
Wrote re_chunk_000.pak.patch_055\natives/stm/character/_kit/_equipment/helm/248/hl_248_00_nrmr.tex.760230703 (deflate)
Wrote re_chunk_000.pak.patch_055\natives/stm/character/_kit/_equipment/tops/005/wb_005_0_1_nrmr.tex.760230703 (deflate)
Wrote re_chunk_000.pak.patch_055\natives/stm/character/_kit/_equipment/tops/237/bd_237_0_2_nrmr.tex.760230703 (deflate)
Wrote re_chunk_000.pak.patch_055\natives/stm/character/ch/ch60_001/ch60_001_eye_nrmr.tex.760230703 (deflate)
Wrote re_chunk_000.pak.patch_055\natives/stm/streaming/character/_kit/_equipment/tops/507/wb_507_0_0_nrmr.tex.760230703 (deflate)
Wrote re_chunk_000.pak.patch_055\natives/stm/streaming/character/_kit/_equipment/helm/014/hl_014_0_0_nrmr.tex.760230703 (deflate)
Wrote re_chunk_000.pak.patch_055\natives/stm/streaming/character/_kit/_equipment/pants/220/wl_220_0_1_nrmr.tex.760230703 (deflate)
Wrote re_chunk_000.pak.patch_055\natives/stm/character/_kit/head/head_200_m/head_200_m_low_nrm.tex.760230703 (deflate)
Wrote re_chunk_000.pak.patch_055\natives/stm/character/_kit/body/body_212_m/hand_212_m_high_nrmr.tex.760230703 (deflate)
Wrote re_chunk_000.pak.patch_055\natives/stm/streaming/character/_kit/body/body_225_f/hand_225_f_high_nrmr.tex.760230703 (deflate)
Wrote re_chunk_000.pak.patch_055\natives/stm/streaming/character/_kit/body/body_212_m/body_212_m_high_nrmr.tex.760230703 (deflate)
Wrote re_chunk_000.pak.patch_055\natives/stm/character/_kit/_equipment/tops/534/bd_534_0_0_nrmr.tex.760230703 (deflate)
Wrote re_chunk_000.pak.patch_055\natives/stm/streaming/character/ch/ch28_000/body/body_902_m/hand_902_m_nrmr.tex.760230703 (deflate)
Wrote re_chunk_000.pak.patch_055\natives/stm/streaming/character/_kit/_equipment/pants/523/lg_523_0_0_nrmr.tex.760230703 (deflate)
Wrote re_chunk_000.pak.patch_055\natives/stm/character/ch/ch57_001/ch57_001_body1_nrmr.tex.760230703 (deflate)
Wrote re_chunk_000.pak.patch_055\natives/stm/character/ch/ch22_002/ch22_002_facefur_nrmr.tex.760230703 (deflate)
Wrote re_chunk_000.pak.patch_055\natives/stm/streaming/character/_kit/head/head_219_f/head_219_f_high_nrmr.tex.760230703 (deflate)
Wrote re_chunk_000.pak.patch_055\natives/stm/character/_kit/_equipment/tops/003/bd_003_0_1_nrmr.tex.760230703 (deflate)
Wrote re_chunk_000.pak.patch_055\natives/stm/streaming/character/wp/wp06/007/wp06_007_0_0_nrmr.tex.760230703 (deflate)
Wrote re_chunk_000.pak.patch_055\natives/stm/character/_kit/head/head_221_f/head_221_f_high_nrmr.tex.760230703 (deflate)
Wrote re_chunk_000.pak.patch_055\natives/stm/character/wp/wp04/012/wp04_012_0_0_nrmr.tex.760230703 (deflate)
Wrote re_chunk_000.pak.patch_055\natives/stm/character/_kit/_equipment/tops/804/804_embroidery_02_nrmr.tex.760230703 (deflate)
Wrote re_chunk_000.pak.patch_055\natives/stm/streaming/character/_kit/_equipment/tops/501/am_501_0_0_nrmr.tex.760230703 (deflate)
Wrote re_chunk_000.pak.patch_055\natives/stm/streaming/character/ch/ch23_001/ch23_001_angryhead_nrmr.tex.760230703 (deflate)
Wrote re_chunk_000.pak.patch_055\natives/stm/character/_kit/_equipment/tops/609/wb_609_0_0_nrmr.tex.760230703 (deflate)
Wrote re_chunk_000.pak.patch_055\natives/stm/character/_kit/_equipment/tops/502/bd_502_0_0_nrmr.tex.760230703 (deflate)
Wrote re_chunk_000.pak.patch_055\natives/stm/character/_kit/_equipment/tops/019/am_019_0_1_nrmr.tex.760230703 (deflate)
Wrote re_chunk_000.pak.patch_055\natives/stm/character/_kit/hair/hair_034/hair_034_fake_nrmr.tex.760230703 (deflate)
Wrote re_chunk_000.pak.patch_055\natives/stm/character/ch/ch57_001/ch57_001_wing_nrmr.tex.760230703 (deflate)
Wrote re_chunk_000.pak.patch_055\natives/stm/streaming/character/_kit/_equipment/tops/529/am_529_0_0_nrmr.tex.760230703 (deflate)
Wrote re_chunk_000.pak.patch_055\natives/stm/character/_kit/hair/hair_034/hair_034_nrmr.tex.760230703 (deflate)
Wrote re_chunk_000.pak.patch_055\natives/stm/streaming/character/_kit/hair/hair_013/hair_013_nrmr.tex.760230703 (deflate)
Wrote re_chunk_000.pak.patch_055\natives/stm/streaming/character/_kit/_equipment/tops/516/bd_516_0_0_nrmr.tex.760230703 (deflate)
Wrote re_chunk_000.pak.patch_055\natives/stm/streaming/character/_kit/hair/hair_051/hair_051_nrmr.tex.760230703 (deflate)
Wrote re_chunk_000.pak.patch_055\natives/stm/streaming/character/ch/ch53_001/ch53_001_accessories_nrmr.tex.760230703 (deflate)
Wrote re_chunk_000.pak.patch_055\natives/stm/streaming/character/_kit/_equipment/tops/839/bd_839_0_2_nrmr.tex.760230703 (deflate)
Wrote re_chunk_000.pak.patch_055\natives/stm/streaming/character/_kit/_equipment/helm/525/hl_525_0_0_nrmr.tex.760230703 (deflate)
Wrote re_chunk_000.pak.patch_055\natives/stm/streaming/character/_kit/hair/hair_036/hair_036_nrmr.tex.760230703 (deflate)
Wrote re_chunk_000.pak.patch_055\natives/stm/character/_kit/body/body_002_f/body_002_f_low_nrm.tex.760230703 (deflate)
Wrote re_chunk_000.pak.patch_055\natives/stm/streaming/character/_kit/_equipment/tops/813/813_embroidery_00_nrmr.tex.760230703 (deflate)
Wrote re_chunk_000.pak.patch_055\natives/stm/streaming/character/ch/ch22_003/ch22_003_human_nrmr.tex.760230703 (deflate)
Wrote re_chunk_000.pak.patch_055\natives/stm/character/ch/ch55_000/ch55_000_face_nrmr.tex.760230703 (deflate)
Wrote re_chunk_000.pak.patch_055\natives/stm/streaming/character/ch/ch56_000/ch56_000_eyeflatten_nrmr.tex.760230703 (deflate)
Wrote re_chunk_000.pak.patch_055\natives/stm/character/_kit/hair/hair_047/hair_047_nrmr.tex.760230703 (deflate)
Wrote re_chunk_000.pak.patch_055\natives/stm/character/_kit/body/body_004_m/body_004_m_low_nrm.tex.760230703 (deflate)
Wrote re_chunk_000.pak.patch_055\natives/stm/character/_kit/beard/beard_130/beard_130_fake_nrmr.tex.760230703 (deflate)
Wrote re_chunk_000.pak.patch_055\natives/stm/streaming/character/_kit/hair/hair_003/hair_003_fake_nrmr.tex.760230703 (deflate)
Wrote re_chunk_000.pak.patch_055\natives/stm/streaming/character/_kit/_equipment/tops/257/bd_257_0_2_nrmr.tex.760230703 (deflate)
Wrote re_chunk_000.pak.patch_055\natives/stm/streaming/character/_kit/body/body_202_m/hand_202_m_high_nrmr.tex.760230703 (deflate)
Wrote re_chunk_000.pak.patch_055\natives/stm/character/_kit/hair/hair_073/hair_073_fake_nrmr.tex.760230703 (deflate)
Wrote re_chunk_000.pak.patch_055\natives/stm/streaming/character/ch/ch28_000/hair/hair_907/hair_907_nrmr.tex.760230703 (deflate)
Wrote re_chunk_000.pak.patch_055\natives/stm/streaming/character/_kit/_equipment/pants/051/lg_051_0_1_nrmr.tex.760230703 (deflate)
Wrote re_chunk_000.pak.patch_055\natives/stm/streaming/character/_kit/_equipment/tops/303/bd_303_0_3_nrmr.tex.760230703 (deflate)
Wrote re_chunk_000.pak.patch_055\natives/stm/streaming/character/_kit/_equipment/helm/534/hl_534_0_0_nrmr.tex.760230703 (deflate)
Wrote re_chunk_000.pak.patch_055\natives/stm/streaming/character/_kit/_equipment/mantle/807/mt_807_0_1_nrmr.tex.760230703 (deflate)
Wrote re_chunk_000.pak.patch_055\natives/stm/character/wp/wp01/001/wp01_001_0_1_nrmr.tex.760230703 (deflate)
Wrote re_chunk_000.pak.patch_055\natives/stm/character/_kit/body/body_204_f/body_204_f_high_nrmr.tex.760230703 (deflate)
Wrote re_chunk_000.pak.patch_055\natives/stm/character/_kit/hair/hair_016/hair_016_nrmr.tex.760230703 (deflate)
Wrote re_chunk_000.pak.patch_055\natives/stm/streaming/character/_kit/_equipment/tops/239/bd_239_embroidery_nrmr.tex.760230703 (deflate)
Wrote re_chunk_000.pak.patch_055\natives/stm/character/ch/ch28_000/head/head_902_f/head_902_f_nrmr.tex.760230703 (deflate)
Wrote re_chunk_000.pak.patch_055\natives/stm/character/ch/ch21_003/ch21_003_rock_nrmr.tex.760230703 (deflate)
Wrote re_chunk_000.pak.patch_055\natives/stm/character/_kit/_equipment/tops/278/wb_278_0_1_nrmr.tex.760230703 (deflate)
Wrote re_chunk_000.pak.patch_055\natives/stm/streaming/character/wp/wp01/000/wp01_000_0_1_nrmr.tex.760230703 (deflate)
Wrote re_chunk_000.pak.patch_055\natives/stm/character/wp/wp10/004/wp10_004_0_0_nrmr.tex.760230703 (deflate)
Wrote re_chunk_000.pak.patch_055\natives/stm/character/_kit/_equipment/tops/823/wb_823_0_1_nrmr.tex.760230703 (deflate)
Wrote re_chunk_000.pak.patch_055\natives/stm/streaming/character/_kit/body/body_226_f/hand_226_f_high_nrmr.tex.760230703 (deflate)
Wrote re_chunk_000.pak.patch_055\natives/stm/character/_kit/head/head_213_m/head_213_m_low_nrm.tex.760230703 (deflate)
Wrote re_chunk_000.pak.patch_055\natives/stm/streaming/character/_kit/_equipment/tops/248/am_248_0_0_nrmr.tex.760230703 (deflate)
Wrote re_chunk_000.pak.patch_055\natives/stm/character/_kit/hair/hair_043/hair_043_nrmr.tex.760230703 (deflate)
Wrote re_chunk_000.pak.patch_055\natives/stm/streaming/character/_kit/body/body_219_m/hand_219_m_low_nrm.tex.760230703 (deflate)
Wrote re_chunk_000.pak.patch_055\natives/stm/character/wp/wp01/000/wp01_000_0_1_nrmr.tex.760230703 (deflate)
Wrote re_chunk_000.pak.patch_055\natives/stm/streaming/character/wp/wp01/001/wp01_001_0_1_nrmr.tex.760230703 (deflate)
Wrote re_chunk_000.pak.patch_055\natives/stm/character/_kit/_equipment/pants/507/lg_507_0_0_nrmr.tex.760230703 (deflate)
Wrote re_chunk_000.pak.patch_055\natives/stm/character/_kit/body/body_600_m/hand_600_m_low_nrm.tex.760230703 (deflate)
Wrote re_chunk_000.pak.patch_055\natives/stm/character/_kit/body/body_209_m/body_209_m_low_nrm.tex.760230703 (deflate)
Wrote re_chunk_000.pak.patch_055\natives/stm/streaming/character/_kit/_equipment/mantle/001/mt_001_0_0_nrmr.tex.760230703 (deflate)
Wrote re_chunk_000.pak.patch_055\natives/stm/streaming/character/_kit/_equipment/tops/630/bd_630_0_4_nrmr.tex.760230703 (deflate)
Wrote re_chunk_000.pak.patch_055\natives/stm/streaming/character/ch/ch28_000/head/head_910_m/head_910_m_nrmr.tex.760230703 (deflate)
Wrote re_chunk_000.pak.patch_055\natives/stm/character/ch/ch54_001/ch54_001_horn_nrmr.tex.760230703 (deflate)
Wrote re_chunk_000.pak.patch_055\natives/stm/character/_kit/_equipment/tops/207/bd_207_1_1_nrmr.tex.760230703 (deflate)
Wrote re_chunk_000.pak.patch_055\natives/stm/streaming/character/_kit/body/body_003_f/hand_003_f_high_nrmr.tex.760230703 (deflate)
Wrote re_chunk_000.pak.patch_055\natives/stm/streaming/character/_kit/body/body_604_m/body_604_m_low_nrm.tex.760230703 (deflate)
Wrote re_chunk_000.pak.patch_055\natives/stm/character/_kit/head/head_200_m/head_200_m_high_nrmr.tex.760230703 (deflate)
Wrote re_chunk_000.pak.patch_055\natives/stm/character/ch/ch58_000/ch58_000_body1_nrmr.tex.760230703 (deflate)
Wrote re_chunk_000.pak.patch_055\natives/stm/character/ch/ch59_000/ch59_000_body3_nrmr.tex.760230703 (deflate)
Wrote re_chunk_000.pak.patch_055\natives/stm/character/ch/ch55_000/ch55_000_eyeflatten_nrmr.tex.760230703 (deflate)
Wrote re_chunk_000.pak.patch_055\natives/stm/character/_kit/_equipment/tops/038/bd_038_0_2_nrmr.tex.760230703 (deflate)
Wrote re_chunk_000.pak.patch_055\natives/stm/streaming/character/_kit/_equipment/helm/035/hl_035_0_0_m_nrmr.tex.760230703 (deflate)
Wrote re_chunk_000.pak.patch_055\natives/stm/character/_kit/_equipment/tops/545/wb_545_0_0_nrmr.tex.760230703 (deflate)
Wrote re_chunk_000.pak.patch_055\natives/stm/vfx/texture/vector/13_vector_000_03_nrmr.tex.760230703 (deflate)
Wrote re_chunk_000.pak.patch_055\natives/stm/streaming/character/_kit/_equipment/tops/519/wb_519_0_0_nrmr.tex.760230703 (deflate)
Wrote re_chunk_000.pak.patch_055\natives/stm/character/_kit/hair/hair_055/hair_055_nrmr.tex.760230703 (deflate)
Wrote re_chunk_000.pak.patch_055\natives/stm/character/_kit/body/body_205_m/hand_205_m_low_nrm.tex.760230703 (deflate)
Wrote re_chunk_000.pak.patch_055\natives/stm/character/_kit/_equipment/tops/541/wb_541_0_0_nrmr.tex.760230703 (deflate)
Wrote re_chunk_000.pak.patch_055\natives/stm/streaming/character/ch/ch51_000/ch51_000_fur_nrmr.tex.760230703 (deflate)
Wrote re_chunk_000.pak.patch_055\natives/stm/streaming/character/_kit/_equipment/helm/248/hl_248_00_nrmr.tex.760230703 (deflate)
Wrote re_chunk_000.pak.patch_055\natives/stm/streaming/character/_kit/_equipment/tops/266/wb_266_0_0_nrmr.tex.760230703 (deflate)
Wrote re_chunk_000.pak.patch_055\natives/stm/character/_kit/_equipment/tops/800/bd_800_0_3_nrmr.tex.760230703 (deflate)
Wrote re_chunk_000.pak.patch_055\natives/stm/streaming/character/_kit/_equipment/tops/229/am_229_0_0_nrmr.tex.760230703 (deflate)
Wrote re_chunk_000.pak.patch_055\natives/stm/character/_kit/_equipment/tops/824/bd_824_0_0_nrmr.tex.760230703 (deflate)
Wrote re_chunk_000.pak.patch_055\natives/stm/character/_kit/_equipment/tops/009/bd_009_0_0_nrmr.tex.760230703 (deflate)
Wrote re_chunk_000.pak.patch_055\natives/stm/streaming/character/ch/ch20_003/mantle/04/eq20_003_04_mt_1_nrmr.tex.760230703 (deflate)
Wrote re_chunk_000.pak.patch_055\natives/stm/character/_kit/hair/hair_028/hair_028_fake_nrmr.tex.760230703 (deflate)
Wrote re_chunk_000.pak.patch_055\natives/stm/streaming/character/_kit/hair/hair_061/hair_061_fake_nrmr.tex.760230703 (deflate)
Wrote re_chunk_000.pak.patch_055\natives/stm/character/wp/wp01/007/wp01_007_0_1_nrmr.tex.760230703 (deflate)
Wrote re_chunk_000.pak.patch_055\natives/stm/character/_kit/_equipment/tops/004/am_004_0_0_nrmr.tex.760230703 (deflate)
Wrote re_chunk_000.pak.patch_055\natives/stm/character/_kit/_equipment/tops/242/bd_242_0_0_nrmr.tex.760230703 (deflate)
Wrote re_chunk_000.pak.patch_055\natives/stm/streaming/character/_kit/head/head_206_f/head_206_f_low_nrm.tex.760230703 (deflate)
Wrote re_chunk_000.pak.patch_055\natives/stm/streaming/character/_kit/beard/beard_130/beard_130_nrmr.tex.760230703 (deflate)
Wrote re_chunk_000.pak.patch_055\natives/stm/character/ch/ch26_000/eq26_000_03/eq26_000_03_5_nrmr.tex.760230703 (deflate)
Wrote re_chunk_000.pak.patch_055\natives/stm/streaming/character/_kit/body/body_219_f/body_219_f_low_nrm.tex.760230703 (deflate)
Wrote re_chunk_000.pak.patch_055\natives/stm/streaming/character/_kit/_equipment/tops/221/wb_221_0_0_nrmr.tex.760230703 (deflate)
Wrote re_chunk_000.pak.patch_055\natives/stm/streaming/character/_kit/_equipment/mantle/806/mt_806_0_0_nrmr.tex.760230703 (deflate)
Wrote re_chunk_000.pak.patch_055\natives/stm/character/_kit/body/body_003_f/body_003_f_low_nrm.tex.760230703 (deflate)
Wrote re_chunk_000.pak.patch_055\natives/stm/streaming/character/wp/wp05/006/wp05_006_0_0_nrmr.tex.760230703 (deflate)
Wrote re_chunk_000.pak.patch_055\natives/stm/character/_kit/body/body_003_m/hand_003_m_low_nrm.tex.760230703 (deflate)
Wrote re_chunk_000.pak.patch_055\natives/stm/streaming/character/wp/wp04/009/wp04_009_0_0_nrmr.tex.760230703 (deflate)
Wrote re_chunk_000.pak.patch_055\natives/stm/character/_kit/head/head_002_f/head_002_f_high_nrmr.tex.760230703 (deflate)
Wrote re_chunk_000.pak.patch_055\natives/stm/streaming/character/_kit/head/head_210_m/head_210_m_high_nrmr.tex.760230703 (deflate)
Wrote re_chunk_000.pak.patch_055\natives/stm/character/_kit/_equipment/tops/506/bd_506_0_1_nrmr.tex.760230703 (deflate)
Wrote re_chunk_000.pak.patch_055\natives/stm/character/_kit/head/head_218_f/head_218_f_high_nrmr.tex.760230703 (deflate)
Wrote re_chunk_000.pak.patch_055\natives/stm/character/_kit/_equipment/pants/041/lg_041_0_0_nrmr.tex.760230703 (deflate)
Wrote re_chunk_000.pak.patch_055\natives/stm/streaming/character/_kit/_equipment/tops/527/am_527_0_0_nrmr.tex.760230703 (deflate)
Wrote re_chunk_000.pak.patch_055\natives/stm/streaming/character/_kit/_equipment/tops/538/am_538_0_0_nrmr.tex.760230703 (deflate)
Wrote re_chunk_000.pak.patch_055\natives/stm/streaming/character/wp/wp04/000/wp04_000_0_0_nrmr.tex.760230703 (deflate)
Wrote re_chunk_000.pak.patch_055\natives/stm/streaming/character/ch/ch28_000/hair/hair_905/hair_905_nrmr.tex.760230703 (deflate)
Wrote re_chunk_000.pak.patch_055\natives/stm/streaming/character/_kit/body/body_211_f/hand_211_f_low_nrm.tex.760230703 (deflate)
Wrote re_chunk_000.pak.patch_055\natives/stm/character/_kit/body/body_606_f/body_606_f_high_nrmr.tex.760230703 (deflate)
Wrote re_chunk_000.pak.patch_055\natives/stm/character/_kit/_equipment/pants/836/embroidery_836_0_0_nrmr.tex.760230703 (deflate)
Wrote re_chunk_000.pak.patch_055\natives/stm/streaming/character/wp/wp04/004/wp04_004_0_0_nrmr.tex.760230703 (deflate)
Wrote re_chunk_000.pak.patch_055\natives/stm/character/wp/wp09/000/wp09_000_0_0_nrmr.tex.760230703 (deflate)
Wrote re_chunk_000.pak.patch_055\natives/stm/character/ch/ch27_000/ch27_000_face1_array00_nrmr.tex.760230703 (deflate)
Wrote re_chunk_000.pak.patch_055\natives/stm/character/_kit/_equipment/tops/013/bd_013_0_4_nrmr.tex.760230703 (deflate)
Wrote re_chunk_000.pak.patch_055\natives/stm/character/_kit/_equipment/tops/036/036_embroidery_01_nrmr.tex.760230703 (deflate)
Wrote re_chunk_000.pak.patch_055\natives/stm/streaming/character/_kit/_equipment/tops/630/bd_630_0_0_nrmr.tex.760230703 (deflate)
Wrote re_chunk_000.pak.patch_055\natives/stm/streaming/character/_kit/body/body_002_f/hand_002_f_low_nrm.tex.760230703 (deflate)
Wrote re_chunk_000.pak.patch_055\natives/stm/streaming/character/_kit/_equipment/pants/630/lg_630_0_0_nrmr.tex.760230703 (deflate)
Wrote re_chunk_000.pak.patch_055\natives/stm/streaming/character/it/it10/008/it10_008_nrmr.tex.760230703 (deflate)
Wrote re_chunk_000.pak.patch_055\natives/stm/character/wp/wp04/004/wp04_004_0_0_nrmr.tex.760230703 (deflate)
Wrote re_chunk_000.pak.patch_055\natives/stm/character/_kit/_equipment/pants/532/wl_532_0_0_nrmr.tex.760230703 (deflate)
Wrote re_chunk_000.pak.patch_055\natives/stm/character/_kit/_equipment/tops/021/bd_021_0_2_nrmr.tex.760230703 (deflate)
Wrote re_chunk_000.pak.patch_055\natives/stm/streaming/character/_kit/_equipment/tops/632/am_632_0_0_nrmr.tex.760230703 (deflate)
Wrote re_chunk_000.pak.patch_055\natives/stm/streaming/character/_kit/_equipment/pants/237/lg_237_0_0_nrmr.tex.760230703 (deflate)
Wrote re_chunk_000.pak.patch_055\natives/stm/character/_kit/_equipment/pants/525/wl_525_0_0_nrmr.tex.760230703 (deflate)
Wrote re_chunk_000.pak.patch_055\natives/stm/character/_kit/_equipment/tops/517/bd_517_0_0_nrmr.tex.760230703 (deflate)
Wrote re_chunk_000.pak.patch_055\natives/stm/character/_kit/_equipment/pants/632/wl_632_0_0_nrmr.tex.760230703 (deflate)
Wrote re_chunk_000.pak.patch_055\natives/stm/streaming/character/_kit/hair/hair_061/hair_061_nrmr.tex.760230703 (deflate)
Wrote re_chunk_000.pak.patch_055\natives/stm/character/_kit/_equipment/tops/277/bd_277_0_0_nrmr.tex.760230703 (deflate)
Wrote re_chunk_000.pak.patch_055\natives/stm/streaming/character/_kit/_equipment/tops/806/bd_806_0_0_nrmr.tex.760230703 (deflate)
Wrote re_chunk_000.pak.patch_055\natives/stm/character/_kit/_equipment/tops/207/bd_207_1_0_nrmr.tex.760230703 (deflate)
Wrote re_chunk_000.pak.patch_055\natives/stm/character/_kit/beard/beard_106/beard_106_fake_nrmr.tex.760230703 (deflate)
Wrote re_chunk_000.pak.patch_055\natives/stm/character/_kit/_equipment/tops/528/am_528_0_0_nrmr.tex.760230703 (deflate)
Wrote re_chunk_000.pak.patch_055\natives/stm/streaming/character/_kit/_equipment/pants/211/wl_211_0_0_nrmr.tex.760230703 (deflate)
Wrote re_chunk_000.pak.patch_055\natives/stm/streaming/character/_kit/_equipment/tops/022/wb_022_0_1_nrmr.tex.760230703 (deflate)
Wrote re_chunk_000.pak.patch_055\natives/stm/character/_kit/_equipment/tops/621/lg_621_0_1_nrmr.tex.760230703 (deflate)
Wrote re_chunk_000.pak.patch_055\natives/stm/character/ch/ch28_000/body/body_900_m/body_900_m_nrmr.tex.760230703 (deflate)
Wrote re_chunk_000.pak.patch_055\natives/stm/streaming/character/_kit/body/body_606_m/body_606_m_high_nrmr.tex.760230703 (deflate)
Wrote re_chunk_000.pak.patch_055\natives/stm/streaming/character/_kit/_equipment/tops/050/am_050_0_1_nrmr.tex.760230703 (deflate)
Wrote re_chunk_000.pak.patch_055\natives/stm/streaming/character/ch/ch26_000/eq26_000_03/eq26_000_03_9_nrmr.tex.760230703 (deflate)
Wrote re_chunk_000.pak.patch_055\natives/stm/streaming/character/ch/ch20_000/wp20_000_02/wp20_000_02_1_nrmr.tex.760230703 (deflate)
Wrote re_chunk_000.pak.patch_055\natives/stm/streaming/character/_kit/_equipment/tops/274/bd_274_0_1_nrmr.tex.760230703 (deflate)
Wrote re_chunk_000.pak.patch_055\natives/stm/streaming/character/ch/ch21_004/ch21_004_eye_nrmr.tex.760230703 (deflate)
Wrote re_chunk_000.pak.patch_055\natives/stm/character/_kit/hair/hair_045/hair_045_fake_nrmr.tex.760230703 (deflate)
Wrote re_chunk_000.pak.patch_055\natives/stm/streaming/character/wp/wp06/009/wp06_009_0_0_nrmr.tex.760230703 (deflate)
Wrote re_chunk_000.pak.patch_055\natives/stm/streaming/character/_kit/_equipment/tops/236/bd_236_0_2_nrmr.tex.760230703 (deflate)
Wrote re_chunk_000.pak.patch_055\natives/stm/streaming/character/ch/ch51_001/ch51_001_angryface_nrmr.tex.760230703 (deflate)
Wrote re_chunk_000.pak.patch_055\natives/stm/streaming/character/_kit/body/body_212_f/body_212_f_low_nrm.tex.760230703 (deflate)
Wrote re_chunk_000.pak.patch_055\natives/stm/streaming/character/_kit/body/body_210_m/body_210_m_low_nrm.tex.760230703 (deflate)
Wrote re_chunk_000.pak.patch_055\natives/stm/character/_kit/_equipment/mantle/817/mt_817_0_0_nrmr.tex.760230703 (deflate)
Wrote re_chunk_000.pak.patch_055\natives/stm/character/_kit/beard/beard_112/beard_112_fake_nrmr.tex.760230703 (deflate)
Wrote re_chunk_000.pak.patch_055\natives/stm/streaming/character/_kit/_equipment/pants/249/lg_249_0_1_nrmr.tex.760230703 (deflate)
Wrote re_chunk_000.pak.patch_055\natives/stm/character/wp/wp03/001/wp03_001_0_0_nrmr.tex.760230703 (deflate)
Wrote re_chunk_000.pak.patch_055\natives/stm/streaming/character/_kit/_equipment/tops/814/wb_814_0_2_nrmr.tex.760230703 (deflate)
Wrote re_chunk_000.pak.patch_055\natives/stm/character/_kit/eyebrows/eyebrows_002/eyebrows_002_skin_nrmr.tex.760230703 (deflate)
Wrote re_chunk_000.pak.patch_055\natives/stm/streaming/character/_kit/beard/beard_000/beard_000_nrmr.tex.760230703 (deflate)
Wrote re_chunk_000.pak.patch_055\natives/stm/streaming/character/_kit/head/head_205_m/head_205_m_low_nrm.tex.760230703 (deflate)
Wrote re_chunk_000.pak.patch_055\natives/stm/streaming/character/ch/ch59_000/ch59_000_body3_nrmr.tex.760230703 (deflate)
Wrote re_chunk_000.pak.patch_055\natives/stm/character/ch/ch28_000/hair/hair_901/hair_901_nrmr.tex.760230703 (deflate)
Wrote re_chunk_000.pak.patch_055\natives/stm/streaming/character/ch/ch99_200/ch99_200_body_a_nrmr.tex.760230703 (deflate)
Wrote re_chunk_000.pak.patch_055\natives/stm/character/_kit/body/body_004_f/hand_004_f_low_nrm.tex.760230703 (deflate)
Wrote re_chunk_000.pak.patch_055\natives/stm/streaming/character/_kit/_equipment/tops/047/bd_047_0_3_nrmr.tex.760230703 (deflate)
Wrote re_chunk_000.pak.patch_055\natives/stm/character/_kit/_equipment/_common/bt_004_0_0_nrmr.tex.760230703 (deflate)
Wrote re_chunk_000.pak.patch_055\natives/stm/character/ch/ch29_000/ch29_000_eye_nrmr.tex.760230703 (deflate)
Wrote re_chunk_000.pak.patch_055\natives/stm/streaming/character/wp/wp05/001/wp05_001_0_0_nrmr.tex.760230703 (deflate)
Wrote re_chunk_000.pak.patch_055\natives/stm/streaming/character/wp/wp01/011/wp01_011_0_1_nrmr.tex.760230703 (deflate)
Wrote re_chunk_000.pak.patch_055\natives/stm/streaming/character/_kit/_equipment/tops/811/bd_811_0_0_nrmr.tex.760230703 (deflate)
Wrote re_chunk_000.pak.patch_055\natives/stm/character/_kit/_equipment/backpack/backpack_500/backpack_500_0_7_nrmr.tex.760230703 (deflate)
Wrote re_chunk_000.pak.patch_055\natives/stm/character/_kit/body/body_202_f/hand_202_f_high_nrmr.tex.760230703 (deflate)
Wrote re_chunk_000.pak.patch_055\natives/stm/streaming/character/_kit/_equipment/tops/037/bd_037_0_0_nrmr.tex.760230703 (deflate)
Wrote re_chunk_000.pak.patch_055\natives/stm/character/ch/ch28_000/hair/hair_911/hair_911_nrmr.tex.760230703 (deflate)
Wrote re_chunk_000.pak.patch_055\natives/stm/character/_kit/head/head_609_m/head_609_m_high_nrmr.tex.760230703 (deflate)
Wrote re_chunk_000.pak.patch_055\natives/stm/character/_kit/_equipment/pants/210/wl_210_0_0_nrmr.tex.760230703 (deflate)
Wrote re_chunk_000.pak.patch_055\natives/stm/streaming/character/_kit/body/body_213_m/hand_213_m_low_nrm.tex.760230703 (deflate)
Wrote re_chunk_000.pak.patch_055\natives/stm/character/ch/ch55_001/ch55_000_snake_nrmr.tex.760230703 (deflate)
Wrote re_chunk_000.pak.patch_055\natives/stm/character/ch/ch26_000/eq26_000_04/eq26_000_04_9_nrmr.tex.760230703 (deflate)
Wrote re_chunk_000.pak.patch_055\natives/stm/character/wp/wp05/001/wp05_001_0_0_nrmr.tex.760230703 (deflate)
Wrote re_chunk_000.pak.patch_055\natives/stm/character/_kit/head/head_210_m/head_210_m_low_nrm.tex.760230703 (deflate)
Wrote re_chunk_000.pak.patch_055\natives/stm/streaming/character/_kit/_equipment/helm/514/hl_507_0_1_nrmr.tex.760230703 (deflate)
Wrote re_chunk_000.pak.patch_055\natives/stm/character/ch/ch20_001/helm/04/eq20_001_04_hl_1_nrmr.tex.760230703 (deflate)
Wrote re_chunk_000.pak.patch_055\natives/stm/streaming/character/_kit/body/body_602_f/body_602_f_low_nrm.tex.760230703 (deflate)
Wrote re_chunk_000.pak.patch_055\natives/stm/streaming/character/_kit/_equipment/pants/601/lg_601_0_0_nrmr.tex.760230703 (deflate)
Wrote re_chunk_000.pak.patch_055\natives/stm/vfx/texture/iron/13_iron_000_00_nrmr.tex.760230703 (deflate)
Wrote re_chunk_000.pak.patch_055\natives/stm/character/_kit/beard/beard_002/beard_002_nrmr.tex.760230703 (deflate)
Wrote re_chunk_000.pak.patch_055\natives/stm/character/_kit/body/body_606_f/hand_606_f_low_nrm.tex.760230703 (deflate)
Wrote re_chunk_000.pak.patch_055\natives/stm/character/ch/ch52_011/ch52_011_head_nrmr.tex.760230703 (deflate)
Wrote re_chunk_000.pak.patch_055\natives/stm/character/_kit/_equipment/tops/012/bd_012_0_3_nrmr.tex.760230703 (deflate)
Wrote re_chunk_000.pak.patch_055\natives/stm/character/_kit/_equipment/pants/285/wl_285_0_0_nrmr.tex.760230703 (deflate)
Wrote re_chunk_000.pak.patch_055\natives/stm/streaming/character/_kit/_equipment/helm/602/hl_602_0_0_nrmr.tex.760230703 (deflate)
Wrote re_chunk_000.pak.patch_055\natives/stm/streaming/character/wp/wp07/002/wp07_002_0_0_nrmr.tex.760230703 (deflate)
Wrote re_chunk_000.pak.patch_055\natives/stm/character/_kit/_equipment/mantle/005/mt_005_0_0_nrmr.tex.760230703 (deflate)
Wrote re_chunk_000.pak.patch_055\natives/stm/character/ch/ch53_010/ch53_010_body2_nrmr.tex.760230703 (deflate)
Wrote re_chunk_000.pak.patch_055\natives/stm/environment/textures/tx_010_nrmr.tex.760230703 (deflate)
Wrote re_chunk_000.pak.patch_055\natives/stm/character/ch/ch21_003/ch21_003_body_nrmr.tex.760230703 (deflate)
Wrote re_chunk_000.pak.patch_055\natives/stm/streaming/character/_kit/hair/hair_023/haircap_023_nrmr.tex.760230703 (deflate)
Wrote re_chunk_000.pak.patch_055\natives/stm/vfx/texture/noise/13_cloud_004_00_nrmr.tex.760230703 (deflate)
Wrote re_chunk_000.pak.patch_055\natives/stm/streaming/character/_kit/_equipment/helm/610/hl_610_0_0_nrmr.tex.760230703 (deflate)
Wrote re_chunk_000.pak.patch_055\natives/stm/character/_kit/_equipment/helm/257/hl_257_0_0_nrmr.tex.760230703 (deflate)
Wrote re_chunk_000.pak.patch_055\natives/stm/character/ch/ch20_001/wp20_001_05/wp20_001_05_1_nrmr.tex.760230703 (deflate)
Wrote re_chunk_000.pak.patch_055\natives/stm/character/wp/wp00/011/wp00_011_0_0_nrmr.tex.760230703 (deflate)
Wrote re_chunk_000.pak.patch_055\natives/stm/streaming/character/_kit/_equipment/pants/276/lg_276_0_0_nrmr.tex.760230703 (deflate)
Wrote re_chunk_000.pak.patch_055\natives/stm/streaming/character/_kit/_equipment/pants/506/lg_506_0_1_nrmr.tex.760230703 (deflate)
Wrote re_chunk_000.pak.patch_055\natives/stm/character/_kit/body/body_603_m/hand_603_m_high_nrmr.tex.760230703 (deflate)
Wrote re_chunk_000.pak.patch_055\natives/stm/character/ch/ch26_000/eq26_000_02/eq26_000_02_3_nrmr.tex.760230703 (deflate)
Wrote re_chunk_000.pak.patch_055\natives/stm/character/_kit/_equipment/tops/047/bd_047_0_2_nrmr.tex.760230703 (deflate)
Wrote re_chunk_000.pak.patch_055\natives/stm/character/_kit/_equipment/tops/002/am_002_0_0_nrmr.tex.760230703 (deflate)
Wrote re_chunk_000.pak.patch_055\natives/stm/streaming/character/ch/ch52_000/ch52_000_body3_nrmr.tex.760230703 (deflate)
Wrote re_chunk_000.pak.patch_055\natives/stm/streaming/character/_kit/_equipment/pants/008/wl_008_0_0_nrmr.tex.760230703 (deflate)
Wrote re_chunk_000.pak.patch_055\natives/stm/streaming/character/wp/wp02/010/wp02_010_0_0_nrmr.tex.760230703 (deflate)
Wrote re_chunk_000.pak.patch_055\natives/stm/character/ch/ch26_000/eq26_000_04/eq26_000_04_4_nrmr.tex.760230703 (deflate)
Wrote re_chunk_000.pak.patch_055\natives/stm/character/ch/ch20_003/pants/00/eq20_003_00_wl_1_nrmr.tex.760230703 (deflate)
Wrote re_chunk_000.pak.patch_055\natives/stm/streaming/character/_kit/head/head_607_m/head_607_m_low_nrm.tex.760230703 (deflate)
Wrote re_chunk_000.pak.patch_055\natives/stm/streaming/character/ch/ch20_002/wp20_002_00/wp20_002_00_0_nrmr.tex.760230703 (deflate)
Wrote re_chunk_000.pak.patch_055\natives/stm/streaming/character/_kit/beard/beard_102/beard_102_fake_nrmr.tex.760230703 (deflate)
Wrote re_chunk_000.pak.patch_055\natives/stm/streaming/character/_kit/_equipment/tops/528/wb_528_0_0_nrmr.tex.760230703 (deflate)
Wrote re_chunk_000.pak.patch_055\natives/stm/streaming/character/_kit/_equipment/tops/502/wb_502_0_0_nrmr.tex.760230703 (deflate)
Wrote re_chunk_000.pak.patch_055\natives/stm/character/ch/ch52_010/ch52_010_head_nrmr.tex.760230703 (deflate)
Wrote re_chunk_000.pak.patch_055\natives/stm/streaming/character/_kit/_equipment/tops/004/wb_004_0_0_nrmr.tex.760230703 (deflate)
Wrote re_chunk_000.pak.patch_055\natives/stm/streaming/character/_kit/head/head_216_m/head_216_m_high_nrmr.tex.760230703 (deflate)
Wrote re_chunk_000.pak.patch_055\natives/stm/character/_kit/_equipment/tops/274/wb_274_0_0_nrmr.tex.760230703 (deflate)
Wrote re_chunk_000.pak.patch_055\natives/stm/character/_kit/_equipment/tops/009/bd_009_0_4_nrmr.tex.760230703 (deflate)
Wrote re_chunk_000.pak.patch_055\natives/stm/character/_kit/_equipment/tops/545/am_545_0_0_nrmr.tex.760230703 (deflate)
Wrote re_chunk_000.pak.patch_055\natives/stm/character/_kit/head/head_211_f/head_211_f_low_nrm.tex.760230703 (deflate)
Wrote re_chunk_000.pak.patch_055\natives/stm/streaming/character/_kit/_equipment/tops/246/bd_246_0_0_nrmr.tex.760230703 (deflate)
Wrote re_chunk_000.pak.patch_055\natives/stm/streaming/character/_kit/head/head_607_m/head_607_m_high_nrmr.tex.760230703 (deflate)
Wrote re_chunk_000.pak.patch_055\natives/stm/streaming/character/_kit/_equipment/tops/532/bd_532_0_0_nrmr.tex.760230703 (deflate)
Wrote re_chunk_000.pak.patch_055\natives/stm/character/_kit/_equipment/tops/308/bd_308_0_1_m_nrmr.tex.760230703 (deflate)
Wrote re_chunk_000.pak.patch_055\natives/stm/character/_kit/_equipment/tops/041/bd_041_0_1_nrmr.tex.760230703 (deflate)
Wrote re_chunk_000.pak.patch_055\natives/stm/character/ch/ch26_000/eq26_000_03/eq26_000_03_4_nrmr.tex.760230703 (deflate)
Wrote re_chunk_000.pak.patch_055\natives/stm/streaming/character/_kit/_equipment/tops/533/wd_533_0_0_nrmr.tex.760230703 (deflate)
Wrote re_chunk_000.pak.patch_055\natives/stm/streaming/character/_kit/_equipment/tops/300/bd_300_0_3_nrmr.tex.760230703 (deflate)
Wrote re_chunk_000.pak.patch_055\natives/stm/streaming/character/_kit/eyebrows/eyebrows_004/eyebrows_004_skin_nrmr.tex.760230703 (deflate)
Wrote re_chunk_000.pak.patch_055\natives/stm/streaming/character/ch/ch59_000/ch59_000_head_nrmr.tex.760230703 (deflate)
Wrote re_chunk_000.pak.patch_055\natives/stm/character/_kit/body/body_203_m/body_203_m_high_nrmr.tex.760230703 (deflate)
Wrote re_chunk_000.pak.patch_055\natives/stm/character/_kit/_equipment/helm/606/hl_606_0_0_nrmr.tex.760230703 (deflate)
Wrote re_chunk_000.pak.patch_055\natives/stm/streaming/character/_kit/head/head_203_m/head_203_m_high_nrmr.tex.760230703 (deflate)
Wrote re_chunk_000.pak.patch_055\natives/stm/character/_kit/_equipment/mantle/832/mt_832_0_0_nrmr.tex.760230703 (deflate)
Wrote re_chunk_000.pak.patch_055\natives/stm/character/_kit/_equipment/tops/229/bd_229_0_0_nrmr.tex.760230703 (deflate)
Wrote re_chunk_000.pak.patch_055\natives/stm/character/_kit/_equipment/tops/041/wb_041_0_0_nrmr.tex.760230703 (deflate)
Wrote re_chunk_000.pak.patch_055\natives/stm/streaming/character/_kit/_equipment/tops/278/wb_278_0_1_nrmr.tex.760230703 (deflate)
Wrote re_chunk_000.pak.patch_055\natives/stm/streaming/character/ch/ch58_001/ch58_001_head_nrmr.tex.760230703 (deflate)
Wrote re_chunk_000.pak.patch_055\natives/stm/streaming/character/wp/wp10/004/wp10_004_0_0_nrmr.tex.760230703 (deflate)
Wrote re_chunk_000.pak.patch_055\natives/stm/character/_kit/body/body_200_m/body_200_m_low_nrm.tex.760230703 (deflate)
Wrote re_chunk_000.pak.patch_055\natives/stm/character/_kit/body/body_602_f/body_602_f_low_nrm.tex.760230703 (deflate)
Wrote re_chunk_000.pak.patch_055\natives/stm/character/_kit/beard/beard_124/beard_124_nrmr.tex.760230703 (deflate)
Wrote re_chunk_000.pak.patch_055\natives/stm/character/_kit/head/head_204_m/head_204_m_low_nrm.tex.760230703 (deflate)
Wrote re_chunk_000.pak.patch_055\natives/stm/character/ch/ch20_001/wp20_001_02/wp20_001_02_0_nrmr.tex.760230703 (deflate)
Wrote re_chunk_000.pak.patch_055\natives/stm/streaming/character/_kit/_equipment/tops/211/wb_211_0_0_nrmr.tex.760230703 (deflate)
Wrote re_chunk_000.pak.patch_055\natives/stm/streaming/character/_kit/hair/hair_804/hair_804_fake_nrmr.tex.760230703 (deflate)
Wrote re_chunk_000.pak.patch_055\natives/stm/streaming/character/ch/ch52_500/ch52_500_debris_nrmr.tex.760230703 (deflate)
Wrote re_chunk_000.pak.patch_055\natives/stm/streaming/character/_kit/body/body_223_f/hand_223_f_low_nrm.tex.760230703 (deflate)
Wrote re_chunk_000.pak.patch_055\natives/stm/character/ch/ch53_001/ch53_001_upperbody_nrmr.tex.760230703 (deflate)
Wrote re_chunk_000.pak.patch_055\natives/stm/character/_kit/_equipment/pants/048/wl_048_0_0_nrmr.tex.760230703 (deflate)
Wrote re_chunk_000.pak.patch_055\natives/stm/vfx/texture/liquid/13_ch57_001_liquid01_nrmr.tex.760230703 (deflate)
Wrote re_chunk_000.pak.patch_055\natives/stm/character/ch/ch52_000/ch52_000_body3_nrmr.tex.760230703 (deflate)
Wrote re_chunk_000.pak.patch_055\natives/stm/streaming/character/ch/ch50_000/ch50_000_fur_nrmr.tex.760230703 (deflate)
Wrote re_chunk_000.pak.patch_055\natives/stm/character/_kit/_equipment/tops/022/wb_022_0_0_nrmr.tex.760230703 (deflate)
Wrote re_chunk_000.pak.patch_055\natives/stm/streaming/character/ch/ch23_001/ch23_001_fur_nrmr.tex.760230703 (deflate)
Wrote re_chunk_000.pak.patch_055\natives/stm/streaming/character/ch/ch22_002/ch22_002_facefur_nrmr.tex.760230703 (deflate)
Wrote re_chunk_000.pak.patch_055\natives/stm/character/ch/ch28_000/head/head_901_m/head_901_m_nrmr.tex.760230703 (deflate)
Wrote re_chunk_000.pak.patch_055\natives/stm/streaming/character/_kit/_equipment/tops/286/am_286_0_1_nrmr.tex.760230703 (deflate)
Wrote re_chunk_000.pak.patch_055\natives/stm/streaming/character/ch/ch20_002/wp20_002_22/wp20_002_22_0_nrmr.tex.760230703 (deflate)
Wrote re_chunk_000.pak.patch_055\natives/stm/character/_kit/body/body_605_m/hand_605_m_high_nrmr.tex.760230703 (deflate)
Wrote re_chunk_000.pak.patch_055\natives/stm/streaming/character/ch/ch20_001/wp20_001_80/wp20_001_80_0_nrmr.tex.760230703 (deflate)
Wrote re_chunk_000.pak.patch_055\natives/stm/streaming/character/_kit/_equipment/tops/035/wb_035_0_3_m_nrmr.tex.760230703 (deflate)
Wrote re_chunk_000.pak.patch_055\natives/stm/streaming/character/_kit/_equipment/helm/003/hl_003_0_0_nrmr.tex.760230703 (deflate)
Wrote re_chunk_000.pak.patch_055\natives/stm/character/_kit/_equipment/mantle/035/mt_035_0_1_m_nrmr.tex.760230703 (deflate)
Wrote re_chunk_000.pak.patch_055\natives/stm/streaming/character/_kit/_equipment/pants/531/lg_531_0_0_nrmr.tex.760230703 (deflate)
Wrote re_chunk_000.pak.patch_055\natives/stm/streaming/character/_kit/_equipment/tops/605/wb_605_0_0_nrmr.tex.760230703 (deflate)
Wrote re_chunk_000.pak.patch_055\natives/stm/streaming/character/_kit/_equipment/tops/507/bd_507_0_0_nrmr.tex.760230703 (deflate)
Wrote re_chunk_000.pak.patch_055\natives/stm/streaming/character/_kit/beard/beard_140/beard_140_nrmr.tex.760230703 (deflate)
Wrote re_chunk_000.pak.patch_055\natives/stm/character/_kit/_equipment/tops/222/bd_222_0_2_m_nrmr.tex.760230703 (deflate)
Wrote re_chunk_000.pak.patch_055\natives/stm/character/_kit/_equipment/tops/825/bd_825_0_0_nrmr.tex.760230703 (deflate)
Wrote re_chunk_000.pak.patch_055\natives/stm/character/_kit/body/body_200_m/body_200_m_high_nrmr.tex.760230703 (deflate)
Wrote re_chunk_000.pak.patch_055\natives/stm/streaming/character/_kit/body/body_216_m/body_216_m_high_nrmr.tex.760230703 (deflate)
Wrote re_chunk_000.pak.patch_055\natives/stm/streaming/character/ch/ch20_001/wp20_001_20/wp20_001_20_0_1_nrmr.tex.760230703 (deflate)
Wrote re_chunk_000.pak.patch_055\natives/stm/streaming/character/_kit/body/body_002_m/body_002_m_high_nrmr.tex.760230703 (deflate)
Wrote re_chunk_000.pak.patch_055\natives/stm/streaming/character/_kit/_equipment/pants/632/wl_632_0_0_nrmr.tex.760230703 (deflate)
Wrote re_chunk_000.pak.patch_055\natives/stm/character/_kit/_equipment/tops/621/bd_621_0_0_nrmr.tex.760230703 (deflate)
Wrote re_chunk_000.pak.patch_055\natives/stm/character/_kit/_equipment/tops/616/embroidery_34_nrmr.tex.760230703 (deflate)
Wrote re_chunk_000.pak.patch_055\natives/stm/character/_kit/_equipment/pants/632/wl_632_0_3_nrmr.tex.760230703 (deflate)
Wrote re_chunk_000.pak.patch_055\natives/stm/character/_kit/body/body_214_f/body_214_f_low_nrm.tex.760230703 (deflate)
Wrote re_chunk_000.pak.patch_055\natives/stm/gui/model/ui06/00/00/pl_icon_nrmr.tex.760230703 (deflate)
Wrote re_chunk_000.pak.patch_055\natives/stm/character/wp/wp04/017/wp04_017_0_0_nrmr.tex.760230703 (deflate)
Wrote re_chunk_000.pak.patch_055\natives/stm/streaming/character/wp/wp04/007/wp04_007_0_0_nrmr.tex.760230703 (deflate)
Wrote re_chunk_000.pak.patch_055\natives/stm/character/ch/ch23_000/ch23_000_body_nrmr.tex.760230703 (deflate)
Wrote re_chunk_000.pak.patch_055\natives/stm/streaming/character/_kit/head/head_607_f/head_607_f_high_nrmr.tex.760230703 (deflate)
Wrote re_chunk_000.pak.patch_055\natives/stm/character/_kit/_equipment/tops/002/bd_002_0_2_nrmr.tex.760230703 (deflate)
Wrote re_chunk_000.pak.patch_055\natives/stm/streaming/character/_kit/_equipment/pants/602/lg_602_0_0_nrmr.tex.760230703 (deflate)
Wrote re_chunk_000.pak.patch_055\natives/stm/streaming/character/wp/wp03/010/wp03_010_0_0_nrmr.tex.760230703 (deflate)
Wrote re_chunk_000.pak.patch_055\natives/stm/streaming/character/_kit/_equipment/mantle/019/mt_019_0_1_nrmr.tex.760230703 (deflate)
Wrote re_chunk_000.pak.patch_055\natives/stm/streaming/character/ch/ch20_000/tops/00/eq20_000_00_bd_2_nrmr.tex.760230703 (deflate)
Wrote re_chunk_000.pak.patch_055\natives/stm/streaming/character/_kit/_equipment/tops/002/bd_002_0_2_nrmr.tex.760230703 (deflate)
Wrote re_chunk_000.pak.patch_055\natives/stm/character/_kit/_equipment/helm/023/hl_023_0_0_nrmr.tex.760230703 (deflate)
Wrote re_chunk_000.pak.patch_055\natives/stm/streaming/character/wp/wp01/010/wp01_010_0_1_nrmr.tex.760230703 (deflate)
Wrote re_chunk_000.pak.patch_055\natives/stm/streaming/character/_kit/_equipment/tops/509/am_509_0_0_nrmr.tex.760230703 (deflate)
Wrote re_chunk_000.pak.patch_055\natives/stm/character/ch/ch26_000/eq26_000_03/eq26_000_03_9_nrmr.tex.760230703 (deflate)
Wrote re_chunk_000.pak.patch_055\natives/stm/character/_kit/_equipment/tops/831/bd_831_0_5_nrmr.tex.760230703 (deflate)
Wrote re_chunk_000.pak.patch_055\natives/stm/streaming/character/_kit/hair/hair_028/hair_028_fake_nrmr.tex.760230703 (deflate)
Wrote re_chunk_000.pak.patch_055\natives/stm/character/_kit/_equipment/tops/300/bd_300_0_0_nrmr.tex.760230703 (deflate)
Wrote re_chunk_000.pak.patch_055\natives/stm/vfx/texture/lives/gm80_131/13_locust_000_00_nrmr.tex.760230703 (deflate)
Wrote re_chunk_000.pak.patch_055\natives/stm/streaming/character/_kit/_equipment/tops/006/bd_006_0_4_nrmr.tex.760230703 (deflate)
Wrote re_chunk_000.pak.patch_055\natives/stm/streaming/character/ch/ch58_000/ch58_000_body1_nrmr.tex.760230703 (deflate)
Wrote re_chunk_000.pak.patch_055\natives/stm/streaming/character/_kit/_equipment/tops/017/bd_017_0_2_nrmr.tex.760230703 (deflate)
Wrote re_chunk_000.pak.patch_055\natives/stm/streaming/character/wp/wp04/010/wp04_010_0_0_nrmr.tex.760230703 (deflate)
Wrote re_chunk_000.pak.patch_055\natives/stm/character/_kit/_equipment/pants/832/lg_832_0_0_nrmr.tex.760230703 (deflate)
Wrote re_chunk_000.pak.patch_055\natives/stm/character/ch/ch20_000/wp20_000_41/wp20_000_41_0_nrmr.tex.760230703 (deflate)
Wrote re_chunk_000.pak.patch_055\natives/stm/streaming/character/ch/ch56_001/ch56_001_head_nrmr.tex.760230703 (deflate)
Wrote re_chunk_000.pak.patch_055\natives/stm/character/_kit/_equipment/pants/630/lg_630_0_1_nrmr.tex.760230703 (deflate)
Wrote re_chunk_000.pak.patch_055\natives/stm/character/_kit/_equipment/mantle/035/mt_035_0_2_nrmr.tex.760230703 (deflate)
Wrote re_chunk_000.pak.patch_055\natives/stm/character/ch/ch29_000/ch29_000_hair_nrmr.tex.760230703 (deflate)
Wrote re_chunk_000.pak.patch_055\natives/stm/streaming/character/_kit/head/head_003_f/head_003_f_high_nrmr.tex.760230703 (deflate)
Wrote re_chunk_000.pak.patch_055\natives/stm/streaming/character/_kit/_equipment/tops/274/wb_274_0_1_nrmr.tex.760230703 (deflate)
Wrote re_chunk_000.pak.patch_055\natives/stm/character/_kit/_equipment/tops/049/bd_049_0_1_nrmr.tex.760230703 (deflate)
Wrote re_chunk_000.pak.patch_055\natives/stm/streaming/character/_kit/body/body_612_m/hand_612_m_high_nrmr.tex.760230703 (deflate)
Wrote re_chunk_000.pak.patch_055\natives/stm/streaming/character/_kit/head/head_801_f/head_801_f_high_nrmr.tex.760230703 (deflate)
Wrote re_chunk_000.pak.patch_055\natives/stm/character/_kit/body/body_217_m/hand_217_m_low_nrm.tex.760230703 (deflate)
Wrote re_chunk_000.pak.patch_055\natives/stm/character/_kit/_equipment/tops/220/bd_220_0_1_nrmr.tex.760230703 (deflate)
Wrote re_chunk_000.pak.patch_055\natives/stm/character/_kit/_equipment/tops/019/wb_019_0_0_nrmr.tex.760230703 (deflate)
Wrote re_chunk_000.pak.patch_055\natives/stm/character/_kit/_equipment/tops/047/bd_047_0_0_nrmr.tex.760230703 (deflate)
Wrote re_chunk_000.pak.patch_055\natives/stm/character/_kit/hair/hair_066/hair_066_fake_nrmr.tex.760230703 (deflate)
Wrote re_chunk_000.pak.patch_055\natives/stm/streaming/character/_kit/body/body_002_m/hand_002_m_high_nrmr.tex.760230703 (deflate)
Wrote re_chunk_000.pak.patch_055\natives/stm/streaming/environment/textures/sm81_130_b_nrmr.tex.760230703 (deflate)
Wrote re_chunk_000.pak.patch_055\natives/stm/streaming/character/_kit/beard/beard_100/beard_100_fake_nrmr.tex.760230703 (deflate)
Wrote re_chunk_000.pak.patch_055\natives/stm/streaming/character/_kit/_equipment/tops/220/am_220_0_0_nrmr.tex.760230703 (deflate)
Wrote re_chunk_000.pak.patch_055\natives/stm/character/_kit/_equipment/tops/012/am_012_0_0_nrmr.tex.760230703 (deflate)
Wrote re_chunk_000.pak.patch_055\natives/stm/character/wp/wp06/006/wp06_006_0_0_nrmr.tex.760230703 (deflate)
Wrote re_chunk_000.pak.patch_055\natives/stm/character/_kit/body/body_206_m/hand_206_m_low_nrm.tex.760230703 (deflate)
Wrote re_chunk_000.pak.patch_055\natives/stm/character/_kit/_equipment/tops/309/am_309_0_0_nrmr.tex.760230703 (deflate)
Wrote re_chunk_000.pak.patch_055\natives/stm/streaming/character/_kit/_equipment/tops/832/am_832_0_0_nrmr.tex.760230703 (deflate)
Wrote re_chunk_000.pak.patch_055\natives/stm/character/ch/ch28_000/hair/hair_905/hair_905_nrmr.tex.760230703 (deflate)
Wrote re_chunk_000.pak.patch_055\natives/stm/character/_kit/_equipment/tops/630/bd_630_0_3_nrmr.tex.760230703 (deflate)
Wrote re_chunk_000.pak.patch_055\natives/stm/streaming/character/_kit/_equipment/pants/811/lg_811_0_1_nrmr.tex.760230703 (deflate)
Wrote re_chunk_000.pak.patch_055\natives/stm/character/_kit/_equipment/helm/527/hl_527_0_0_nrmr.tex.760230703 (deflate)
Wrote re_chunk_000.pak.patch_055\natives/stm/streaming/character/_kit/head/head_001_m/head_001_m_low_nrm.tex.760230703 (deflate)
Wrote re_chunk_000.pak.patch_055\natives/stm/character/_kit/hair/hair_057/hair_057_fake_nrmr.tex.760230703 (deflate)
Wrote re_chunk_000.pak.patch_055\natives/stm/character/_kit/_equipment/tops/605/wb_605_0_0_nrmr.tex.760230703 (deflate)
Wrote re_chunk_000.pak.patch_055\natives/stm/character/_kit/_equipment/pants/220/lg_220_0_0_nrmr.tex.760230703 (deflate)
Wrote re_chunk_000.pak.patch_055\natives/stm/character/_kit/body/body_602_m/body_602_m_low_nrm.tex.760230703 (deflate)
Wrote re_chunk_000.pak.patch_055\natives/stm/streaming/character/_kit/_equipment/tops/614/embroidery_31_nrmr.tex.760230703 (deflate)
Wrote re_chunk_000.pak.patch_055\natives/stm/streaming/character/ch/ch54_000/ch54_000_face1_nrmr.tex.760230703 (deflate)
Wrote re_chunk_000.pak.patch_055\natives/stm/character/_kit/head/head_214_m/head_214_m_high_nrmr.tex.760230703 (deflate)
Wrote re_chunk_000.pak.patch_055\natives/stm/character/_kit/_equipment/pants/220/lg_220_0_1_nrmr.tex.760230703 (deflate)
Wrote re_chunk_000.pak.patch_055\natives/stm/character/wp/wp07/008/wp07_008_0_0_nrmr.tex.760230703 (deflate)
Wrote re_chunk_000.pak.patch_055\natives/stm/character/ch/ch20_001/helm/02/eq20_001_02_hl_1_nrmr.tex.760230703 (deflate)
Wrote re_chunk_000.pak.patch_055\natives/stm/streaming/character/it/it10/007/it10_007_0_0_nrmr.tex.760230703 (deflate)
Wrote re_chunk_000.pak.patch_055\natives/stm/streaming/character/_kit/body/body_212_f/hand_212_f_high_nrmr.tex.760230703 (deflate)
Wrote re_chunk_000.pak.patch_055\natives/stm/streaming/character/_kit/_equipment/helm/514/hl_514_0_0_nrmr.tex.760230703 (deflate)
Wrote re_chunk_000.pak.patch_055\natives/stm/character/_kit/head/_common/textures/teeth/teeth_common_nrmr.tex.760230703 (deflate)
Wrote re_chunk_000.pak.patch_055\natives/stm/streaming/character/_kit/_equipment/tops/257/wb_257_nrmr.tex.760230703 (deflate)
Wrote re_chunk_000.pak.patch_055\natives/stm/streaming/character/ch/ch20_000/wp20_000_80/wp20_000_80_0_nrmr.tex.760230703 (deflate)
Wrote re_chunk_000.pak.patch_055\natives/stm/character/ch/ch99_200/ch99_200_body_a_nrmr.tex.760230703 (deflate)
Wrote re_chunk_000.pak.patch_055\natives/stm/streaming/character/_kit/_equipment/pants/220/lg_220_0_0_nrmr.tex.760230703 (deflate)
Wrote re_chunk_000.pak.patch_055\natives/stm/character/_kit/_equipment/tops/051/bd_051_0_1_nrmr.tex.760230703 (deflate)
Wrote re_chunk_000.pak.patch_055\natives/stm/character/_kit/_equipment/helm/002/hl_002_0_0_nrmr.tex.760230703 (deflate)
Wrote re_chunk_000.pak.patch_055\natives/stm/character/_kit/_equipment/tops/035/bd_035_0_2_m_nrmr.tex.760230703 (deflate)
Wrote re_chunk_000.pak.patch_055\natives/stm/character/_kit/hair/hair_806/hair_806_nrmr.tex.760230703 (deflate)
Wrote re_chunk_000.pak.patch_055\natives/stm/character/_kit/_equipment/tops/810/bd_810_0_2_nrmr.tex.760230703 (deflate)
Wrote re_chunk_000.pak.patch_055\natives/stm/streaming/character/_kit/_equipment/tops/017/wb_017_0_0_nrmr.tex.760230703 (deflate)
Wrote re_chunk_000.pak.patch_055\natives/stm/streaming/character/wp/wp03/002/wp03_002_0_0_nrmr.tex.760230703 (deflate)
Wrote re_chunk_000.pak.patch_055\natives/stm/streaming/character/_kit/body/body_203_m/body_203_m_low_nrm.tex.760230703 (deflate)
Wrote re_chunk_000.pak.patch_055\natives/stm/character/wp/wp07/006/wp07_006_0_0_nrmr.tex.760230703 (deflate)
Wrote re_chunk_000.pak.patch_055\natives/stm/character/_kit/beard/beard_105/beard_105_fake_nrmr.tex.760230703 (deflate)
Wrote re_chunk_000.pak.patch_055\natives/stm/streaming/character/_kit/eyebrows/eyebrows_011/eyebrows_011_skin_nrmr.tex.760230703 (deflate)
Wrote re_chunk_000.pak.patch_055\natives/stm/character/_kit/_equipment/pants/023/wl_023_0_1_nrmr.tex.760230703 (deflate)
Wrote re_chunk_000.pak.patch_055\natives/stm/streaming/character/_kit/hair/hair_026/hair_026_nrmr.tex.760230703 (deflate)
Wrote re_chunk_000.pak.patch_055\natives/stm/character/_kit/_equipment/tops/279/wb_279_0_0_nrmr.tex.760230703 (deflate)
Wrote re_chunk_000.pak.patch_055\natives/stm/character/_kit/_equipment/pants/211/lg_211_0_0_nrmr.tex.760230703 (deflate)
Wrote re_chunk_000.pak.patch_055\natives/stm/streaming/character/ch/ch20_000/wp20_000_81/wp20_000_81_0_nrmr.tex.760230703 (deflate)
Wrote re_chunk_000.pak.patch_055\natives/stm/streaming/character/_kit/_equipment/helm/518/hl_518_0_1_nrmr.tex.760230703 (deflate)
Wrote re_chunk_000.pak.patch_055\natives/stm/streaming/character/ch/ch60_000/ch60_000_eye_nrmr.tex.760230703 (deflate)
Wrote re_chunk_000.pak.patch_055\natives/stm/character/_kit/body/body_210_m/body_210_m_low_nrm.tex.760230703 (deflate)
Wrote re_chunk_000.pak.patch_055\natives/stm/streaming/character/ch/ch55_000/ch55_000_eyeflatten_nrmr.tex.760230703 (deflate)
Wrote re_chunk_000.pak.patch_055\natives/stm/character/_kit/head/head_226_f/head_226_f_low_nrm.tex.760230703 (deflate)
Wrote re_chunk_000.pak.patch_055\natives/stm/streaming/character/ch/ch26_000/wp26_000_02/wp26_000_02_0_nrmr.tex.760230703 (deflate)
Wrote re_chunk_000.pak.patch_055\natives/stm/streaming/character/ch/ch28_000/hair/hair_909/hair_909_nrmr.tex.760230703 (deflate)
Wrote re_chunk_000.pak.patch_055\natives/stm/character/_kit/_equipment/tops/003/bd_003_0_4_nrmr.tex.760230703 (deflate)
Wrote re_chunk_000.pak.patch_055\natives/stm/streaming/character/_kit/head/head_801_m/head_801_m_high_nrmr.tex.760230703 (deflate)
Wrote re_chunk_000.pak.patch_055\natives/stm/character/_kit/body/body_209_m/body_209_m_high_nrmr.tex.760230703 (deflate)
Wrote re_chunk_000.pak.patch_055\natives/stm/streaming/character/_kit/_equipment/tops/237/bd_237_0_2_nrmr.tex.760230703 (deflate)
Wrote re_chunk_000.pak.patch_055\natives/stm/streaming/character/wp/wp00/016/wp00_016_0_0_nrmr.tex.760230703 (deflate)
Wrote re_chunk_000.pak.patch_055\natives/stm/character/_kit/_equipment/tops/516/am_516_0_0_nrmr.tex.760230703 (deflate)
Wrote re_chunk_000.pak.patch_055\natives/stm/streaming/character/_kit/_equipment/pants/516/wl_516_0_0_nrmr.tex.760230703 (deflate)
Wrote re_chunk_000.pak.patch_055\natives/stm/character/_kit/beard/beard_834/beard_834_fake_nrmr.tex.760230703 (deflate)
Wrote re_chunk_000.pak.patch_055\natives/stm/character/_kit/_equipment/pants/008/wl_008_0_0_nrmr.tex.760230703 (deflate)
Wrote re_chunk_000.pak.patch_055\natives/stm/character/ch/ch26_000/eq26_000_04/eq26_000_04_2_nrmr.tex.760230703 (deflate)
Wrote re_chunk_000.pak.patch_055\natives/stm/character/_kit/hair/hair_025/hair_025_fake_nrmr.tex.760230703 (deflate)
Wrote re_chunk_000.pak.patch_055\natives/stm/streaming/character/ch/ch20_001/wp20_001_21/wp20_001_21_0_0_nrmr.tex.760230703 (deflate)
Wrote re_chunk_000.pak.patch_055\natives/stm/streaming/character/_kit/body/body_610_m/body_610_m_high_nrmr.tex.760230703 (deflate)
Wrote re_chunk_000.pak.patch_055\natives/stm/character/_kit/body/body_201_f/hand_201_f_low_nrm.tex.760230703 (deflate)
Wrote re_chunk_000.pak.patch_055\natives/stm/streaming/character/_kit/hair/hair_022/hair_022_nrmr.tex.760230703 (deflate)
Wrote re_chunk_000.pak.patch_055\natives/stm/character/_kit/_equipment/tops/501/wb_501_0_0_nrmr.tex.760230703 (deflate)
Wrote re_chunk_000.pak.patch_055\natives/stm/character/_kit/head/head_002_m/head_002_m_high_nrmr.tex.760230703 (deflate)
Wrote re_chunk_000.pak.patch_055\natives/stm/streaming/character/_kit/body/body_208_m/hand_208_m_high_nrmr.tex.760230703 (deflate)
Wrote re_chunk_000.pak.patch_055\natives/stm/character/ch/ch26_000/eq26_000_03/eq26_000_03_0_nrmr.tex.760230703 (deflate)
Wrote re_chunk_000.pak.patch_055\natives/stm/streaming/vfx/texture/liquid/13_ch57_001_liquid00_nrmr.tex.760230703 (deflate)
Wrote re_chunk_000.pak.patch_055\natives/stm/character/_kit/_equipment/tops/804/bd_804_0_2_nrmr.tex.760230703 (deflate)
Wrote re_chunk_000.pak.patch_055\natives/stm/streaming/character/_kit/head/head_215_m/head_215_m_high_nrmr.tex.760230703 (deflate)
Wrote re_chunk_000.pak.patch_055\natives/stm/character/_kit/body/body_603_f/body_603_f_high_nrmr.tex.760230703 (deflate)
Wrote re_chunk_000.pak.patch_055\natives/stm/character/ch/ch57_000/ch57_000_body1_nrmr.tex.760230703 (deflate)
Wrote re_chunk_000.pak.patch_055\natives/stm/character/_kit/_equipment/tops/237/bd_237_0_3_nrmr.tex.760230703 (deflate)
Wrote re_chunk_000.pak.patch_055\natives/stm/character/_kit/head/head_611_m/head_611_m_high_nrmr.tex.760230703 (deflate)
Wrote re_chunk_000.pak.patch_055\natives/stm/streaming/character/ch/ch21_000/wp21_000_00/wp21_000_00_0_nrmr.tex.760230703 (deflate)
Wrote re_chunk_000.pak.patch_055\natives/stm/character/ch/ch54_000/ch54_000_face2_nrmr.tex.760230703 (deflate)
Wrote re_chunk_000.pak.patch_055\natives/stm/streaming/character/_kit/_equipment/pants/532/lg_532_0_0_nrmr.tex.760230703 (deflate)
Wrote re_chunk_000.pak.patch_055\natives/stm/character/_kit/_equipment/pants/621/wl_621_0_1_nrmr.tex.760230703 (deflate)
Wrote re_chunk_000.pak.patch_055\natives/stm/character/ch/ch26_000/eq26_000_02/eq26_000_02_2_nrmr.tex.760230703 (deflate)
Wrote re_chunk_000.pak.patch_055\natives/stm/character/ch/ch26_000/eq26_000_05/eq26_000_05_2_nrmr.tex.760230703 (deflate)
Wrote re_chunk_000.pak.patch_055\natives/stm/streaming/character/_kit/_equipment/tops/220/wb_220_0_0_nrmr.tex.760230703 (deflate)
Wrote re_chunk_000.pak.patch_055\natives/stm/character/_kit/head/head_004_m/head_004_m_high_nrmr.tex.760230703 (deflate)
Wrote re_chunk_000.pak.patch_055\natives/stm/character/_kit/eyebrows/eyebrows_009/eyebrows_009_skin_nrmr.tex.760230703 (deflate)
Wrote re_chunk_000.pak.patch_055\natives/stm/streaming/character/_kit/_equipment/tops/003/bd_003_0_4_nrmr.tex.760230703 (deflate)
Wrote re_chunk_000.pak.patch_055\natives/stm/streaming/character/_kit/head/head_001_f/head_001_f_high_nrmr.tex.760230703 (deflate)
Wrote re_chunk_000.pak.patch_055\natives/stm/character/_kit/body/body_210_f/body_210_f_high_nrmr.tex.760230703 (deflate)
Wrote re_chunk_000.pak.patch_055\natives/stm/character/_kit/head/head_207_f/head_207_f_high_nrmr.tex.760230703 (deflate)
Wrote re_chunk_000.pak.patch_055\natives/stm/character/wp/wp09/002/wp09_002_0_0_nrmr.tex.760230703 (deflate)
Wrote re_chunk_000.pak.patch_055\natives/stm/character/_kit/hair/hair_003/hair_003_fake_nrmr.tex.760230703 (deflate)
Wrote re_chunk_000.pak.patch_055\natives/stm/streaming/character/ch/ch26_000/wp26_000_22/wp26_000_22_00_1_nrmr.tex.760230703 (deflate)
Wrote re_chunk_000.pak.patch_055\natives/stm/character/_kit/head/head_606_m/head_606_m_high_nrmr.tex.760230703 (deflate)
Wrote re_chunk_000.pak.patch_055\natives/stm/character/_kit/body/body_210_m/hand_210_m_low_nrm.tex.760230703 (deflate)
Wrote re_chunk_000.pak.patch_055\natives/stm/character/_kit/_equipment/tops/017/bd_017_0_4_nrmr.tex.760230703 (deflate)
Wrote re_chunk_000.pak.patch_055\natives/stm/character/ch/ch26_000/eq26_000_04/eq26_000_04_3_nrmr.tex.760230703 (deflate)
Wrote re_chunk_000.pak.patch_055\natives/stm/streaming/character/_kit/_equipment/tops/041/am_041_0_0_nrmr.tex.760230703 (deflate)
Wrote re_chunk_000.pak.patch_055\natives/stm/character/_kit/body/body_211_m/body_211_m_low_nrm.tex.760230703 (deflate)
Wrote re_chunk_000.pak.patch_055\natives/stm/streaming/character/_kit/_equipment/mantle/528/mt_528_0_0_nrmr.tex.760230703 (deflate)
Wrote re_chunk_000.pak.patch_055\natives/stm/streaming/character/_kit/_equipment/tops/309/bd_309_0_4_nrmr.tex.760230703 (deflate)
Wrote re_chunk_000.pak.patch_055\natives/stm/streaming/character/_kit/body/body_820_m/hand_820_m_high_nrmr.tex.760230703 (deflate)
Wrote re_chunk_000.pak.patch_055\natives/stm/character/_kit/_equipment/helm/512/hl_512_0_0_nrmr.tex.760230703 (deflate)
Wrote re_chunk_000.pak.patch_055\natives/stm/character/_kit/_equipment/tops/051/bd_051_0_0_nrmr.tex.760230703 (deflate)
Wrote re_chunk_000.pak.patch_055\natives/stm/character/_kit/_equipment/mantle/823/mt_823_0_0_nrmr.tex.760230703 (deflate)
Wrote re_chunk_000.pak.patch_055\natives/stm/streaming/character/ch/ch28_000/body/body_910_m/pants1_910_m_inflation_nrmr.tex.760230703 (deflate)
Wrote re_chunk_000.pak.patch_055\natives/stm/character/wp/wp06/005/wp06_005_0_0_nrmr.tex.760230703 (deflate)
Wrote re_chunk_000.pak.patch_055\natives/stm/streaming/character/_kit/_equipment/tops/008/wb_008_0_0_nrmr.tex.760230703 (deflate)
Wrote re_chunk_000.pak.patch_055\natives/stm/streaming/character/_kit/beard/beard_123/beard_123_fake_nrmr.tex.760230703 (deflate)
Wrote re_chunk_000.pak.patch_055\natives/stm/character/_kit/body/body_607_m/body_607_m_high_nrmr.tex.760230703 (deflate)
Wrote re_chunk_000.pak.patch_055\natives/stm/streaming/character/_kit/body/body_003_f/body_003_f_high_nrmr.tex.760230703 (deflate)
Wrote re_chunk_000.pak.patch_055\natives/stm/character/_kit/_equipment/mantle/009/mt_009_0_0_nrmr.tex.760230703 (deflate)
Wrote re_chunk_000.pak.patch_055\natives/stm/character/ch/ch99_011/ch99_011_body_a_nrmr.tex.760230703 (deflate)
Wrote re_chunk_000.pak.patch_055\natives/stm/character/_kit/head/head_003_m/head_003_m_low_nrm.tex.760230703 (deflate)
Wrote re_chunk_000.pak.patch_055\natives/stm/character/_kit/_equipment/helm/028/hl_028_0_1_nrmr.tex.760230703 (deflate)
Wrote re_chunk_000.pak.patch_055\natives/stm/streaming/character/_kit/_equipment/tops/278/bd_278_0_0_nrmr.tex.760230703 (deflate)
Wrote re_chunk_000.pak.patch_055\natives/stm/streaming/character/ch/ch59_000/ch59_000_skirt_nrmr.tex.760230703 (deflate)
Wrote re_chunk_000.pak.patch_055\natives/stm/streaming/character/_kit/_equipment/tops/276/bd_276_0_2_nrmr.tex.760230703 (deflate)
Wrote re_chunk_000.pak.patch_055\natives/stm/streaming/character/_kit/_equipment/tops/239/am_239_0_0_nrmr.tex.760230703 (deflate)
Wrote re_chunk_000.pak.patch_055\natives/stm/character/_kit/body/body_216_m/hand_216_m_low_nrm.tex.760230703 (deflate)
Wrote re_chunk_000.pak.patch_055\natives/stm/streaming/character/_kit/body/body_221_f/hand_221_f_low_nrm.tex.760230703 (deflate)
Wrote re_chunk_000.pak.patch_055\natives/stm/character/_kit/_equipment/pants/002/wl_002_0_1_nrmr.tex.760230703 (deflate)
Wrote re_chunk_000.pak.patch_055\natives/stm/character/wp/wp00/009/wp00_009_0_0_nrmr.tex.760230703 (deflate)
Wrote re_chunk_000.pak.patch_055\natives/stm/character/wp/wp09/007/wp09_007_0_0_nrmr.tex.760230703 (deflate)
Wrote re_chunk_000.pak.patch_055\natives/stm/character/_kit/body/body_208_m/body_208_m_low_nrm.tex.760230703 (deflate)
Wrote re_chunk_000.pak.patch_055\natives/stm/streaming/character/wp/wp06/010/wp06_010_0_0_nrmr.tex.760230703 (deflate)
Wrote re_chunk_000.pak.patch_055\natives/stm/streaming/character/_kit/body/body_206_f/body_206_f_high_nrmr.tex.760230703 (deflate)
Wrote re_chunk_000.pak.patch_055\natives/stm/character/_kit/hair/hair_063/hair_063_nrmr.tex.760230703 (deflate)
Wrote re_chunk_000.pak.patch_055\natives/stm/streaming/character/_kit/body/body_223_f/body_223_f_low_nrm.tex.760230703 (deflate)
Wrote re_chunk_000.pak.patch_055\natives/stm/streaming/character/_kit/_equipment/mantle/632/mt_632_0_0_nrmr.tex.760230703 (deflate)
Wrote re_chunk_000.pak.patch_055\natives/stm/character/ch/ch53_000/ch53_000_nictitatingmembrane_nrmr.tex.760230703 (deflate)
Wrote re_chunk_000.pak.patch_055\natives/stm/character/_kit/_equipment/tops/835/wb_835_0_0_nrmr.tex.760230703 (deflate)
Wrote re_chunk_000.pak.patch_055\natives/stm/streaming/character/_kit/_equipment/tops/038/bd_038_0_1_nrmr.tex.760230703 (deflate)
Wrote re_chunk_000.pak.patch_055\natives/stm/character/ch/ch20_001/mantle/01/eq20_001_01_mt_1_nrmr.tex.760230703 (deflate)
Wrote re_chunk_000.pak.patch_055\natives/stm/streaming/character/_kit/_equipment/tops/048/bd_048_0_1_nrmr.tex.760230703 (deflate)
Wrote re_chunk_000.pak.patch_055\natives/stm/streaming/character/_kit/_equipment/pants/046/lg_046_0_1_nrmr.tex.760230703 (deflate)
Wrote re_chunk_000.pak.patch_055\natives/stm/character/ch/ch20_003/pants/01/eq20_003_01_wl_1_nrmr.tex.760230703 (deflate)
Wrote re_chunk_000.pak.patch_055\natives/stm/streaming/character/_kit/body/_common/textures/nail_bm_common_nrmr.tex.760230703 (deflate)
Wrote re_chunk_000.pak.patch_055\natives/stm/character/ch/ch51_001/ch51_001_longfur_nrmr.tex.760230703 (deflate)
Wrote re_chunk_000.pak.patch_055\natives/stm/character/ch/ch22_001/ch22_001_creature_nrmr.tex.760230703 (deflate)
Wrote re_chunk_000.pak.patch_055\natives/stm/character/_kit/_equipment/tops/535/bd_535_0_0_nrmr.tex.760230703 (deflate)
Wrote re_chunk_000.pak.patch_055\natives/stm/streaming/character/wp/wp03/013/wp03_013_0_0_nrmr.tex.760230703 (deflate)
Wrote re_chunk_000.pak.patch_055\natives/stm/character/_kit/body/body_218_f/hand_218_f_low_nrm.tex.760230703 (deflate)
Wrote re_chunk_000.pak.patch_055\natives/stm/character/_kit/_equipment/tops/315/am_315_0_1_nrmr.tex.760230703 (deflate)
Wrote re_chunk_000.pak.patch_055\natives/stm/character/_kit/_equipment/mantle/823/mt_823_0_1_nrmr.tex.760230703 (deflate)
Wrote re_chunk_000.pak.patch_055\natives/stm/streaming/character/_kit/body/body_214_m/hand_214_m_high_nrmr.tex.760230703 (deflate)
Wrote re_chunk_000.pak.patch_055\natives/stm/character/_kit/head/head_604_m/head_604_m_low_nrm.tex.760230703 (deflate)
Wrote re_chunk_000.pak.patch_055\natives/stm/streaming/character/_kit/_equipment/tops/621/wb_621_0_0_nrmr.tex.760230703 (deflate)
Wrote re_chunk_000.pak.patch_055\natives/stm/streaming/character/_kit/_equipment/tops/614/embroidery_32_nrmr.tex.760230703 (deflate)
Wrote re_chunk_000.pak.patch_055\natives/stm/streaming/character/_kit/_equipment/pants/210/wl_210_0_0_nrmr.tex.760230703 (deflate)
Wrote re_chunk_000.pak.patch_055\natives/stm/streaming/character/ch/ch29_000/ch29_000_body1_nrmr.tex.760230703 (deflate)
Wrote re_chunk_000.pak.patch_055\natives/stm/streaming/character/_kit/body/body_603_m/body_603_m_low_nrm.tex.760230703 (deflate)
Wrote re_chunk_000.pak.patch_055\natives/stm/character/_kit/head/head_820_m/head_820_m_high_nrmr.tex.760230703 (deflate)
Wrote re_chunk_000.pak.patch_055\natives/stm/character/_kit/_equipment/helm/504/hl_504_0_0_nrmr.tex.760230703 (deflate)
Wrote re_chunk_000.pak.patch_055\natives/stm/character/_kit/_equipment/pants/001/lg_001_0_0_nrmr.tex.760230703 (deflate)
Wrote re_chunk_000.pak.patch_055\natives/stm/streaming/character/_kit/_equipment/tops/220/wb_220_0_1_nrmr.tex.760230703 (deflate)
Wrote re_chunk_000.pak.patch_055\natives/stm/character/_kit/_equipment/tops/239/bd_239_0_1_nrmr.tex.760230703 (deflate)
Wrote re_chunk_000.pak.patch_055\natives/stm/streaming/character/_kit/body/body_220_f/body_220_f_high_nrmr.tex.760230703 (deflate)
Wrote re_chunk_000.pak.patch_055\natives/stm/streaming/character/_kit/head/head_216_f/head_216_f_low_nrm.tex.760230703 (deflate)
Wrote re_chunk_000.pak.patch_055\natives/stm/character/_kit/hair/hair_047/hair_047_fake_nrmr.tex.760230703 (deflate)
Wrote re_chunk_000.pak.patch_055\natives/stm/character/_kit/body/body_603_f/hand_603_f_high_nrmr.tex.760230703 (deflate)
Wrote re_chunk_000.pak.patch_055\natives/stm/streaming/character/ch/ch21_002/ch21_002_eye_nrmr.tex.760230703 (deflate)
Wrote re_chunk_000.pak.patch_055\natives/stm/streaming/character/wp/wp09/006/wp09_006_0_0_nrmr.tex.760230703 (deflate)
Wrote re_chunk_000.pak.patch_055\natives/stm/streaming/character/_kit/body/body_204_m/hand_204_m_high_nrmr.tex.760230703 (deflate)
Wrote re_chunk_000.pak.patch_055\natives/stm/character/ch/ch54_001/ch54_001_eye3_nrmr.tex.760230703 (deflate)
Wrote re_chunk_000.pak.patch_055\natives/stm/streaming/character/_kit/_equipment/tops/036/036_embroidery_00_nrmr.tex.760230703 (deflate)
Wrote re_chunk_000.pak.patch_055\natives/stm/character/_kit/_equipment/tops/220/bd_220_0_0_nrmr.tex.760230703 (deflate)
Wrote re_chunk_000.pak.patch_055\natives/stm/streaming/character/_kit/_equipment/facewear/026/hl_026_0_0_nrmr.tex.760230703 (deflate)
Wrote re_chunk_000.pak.patch_055\natives/stm/streaming/character/_kit/_equipment/tops/603/wb_603_0_0_nrmr.tex.760230703 (deflate)
Wrote re_chunk_000.pak.patch_055\natives/stm/streaming/character/_kit/hair/hair_014/hair_014_fake_nrmr.tex.760230703 (deflate)
Wrote re_chunk_000.pak.patch_055\natives/stm/streaming/character/_kit/beard/beard_843/beard_843_fake_nrmr.tex.760230703 (deflate)
Wrote re_chunk_000.pak.patch_055\natives/stm/character/_kit/_equipment/pants/814/lg_814_0_0_nrmr.tex.760230703 (deflate)
Wrote re_chunk_000.pak.patch_055\natives/stm/character/_kit/_equipment/helm/523/hl_523_0_0_nrmr.tex.760230703 (deflate)
Wrote re_chunk_000.pak.patch_055\natives/stm/streaming/character/_kit/head/head_820_f/head_820_f_high_nrmr.tex.760230703 (deflate)
Wrote re_chunk_000.pak.patch_055\natives/stm/streaming/character/_kit/body/body_606_f/body_606_f_high_nrmr.tex.760230703 (deflate)
Wrote re_chunk_000.pak.patch_055\natives/stm/streaming/character/_kit/_equipment/tops/249/am_249_0_0_nrmr.tex.760230703 (deflate)
Wrote re_chunk_000.pak.patch_055\natives/stm/streaming/character/_kit/_equipment/tops/264/bd_264_0_0_nrmr.tex.760230703 (deflate)
Wrote re_chunk_000.pak.patch_055\natives/stm/streaming/character/_kit/_equipment/mantle/002/mt_002_0_0_nrmr.tex.760230703 (deflate)
Wrote re_chunk_000.pak.patch_055\natives/stm/streaming/character/_kit/_equipment/pants/017/lg_017_0_0_nrmr.tex.760230703 (deflate)
Wrote re_chunk_000.pak.patch_055\natives/stm/character/wp/wp06/001/wp06_001_0_0_nrmr.tex.760230703 (deflate)
Wrote re_chunk_000.pak.patch_055\natives/stm/streaming/character/_kit/_equipment/tops/609/wb_609_0_0_nrmr.tex.760230703 (deflate)
Wrote re_chunk_000.pak.patch_055\natives/stm/character/_kit/_equipment/tops/005/am_005_0_0_nrmr.tex.760230703 (deflate)
Wrote re_chunk_000.pak.patch_055\natives/stm/character/ch/ch55_000/wp55_000_00/wp55_000_00_0_nrmr.tex.760230703 (deflate)
Wrote re_chunk_000.pak.patch_055\natives/stm/character/ch/ch28_000/body/body_901_f/body_901_f_nrmr.tex.760230703 (deflate)
Wrote re_chunk_000.pak.patch_055\natives/stm/character/_kit/_equipment/tops/800/bd_800_0_1_nrmr.tex.760230703 (deflate)
Wrote re_chunk_000.pak.patch_055\natives/stm/streaming/character/_kit/_equipment/mantle/036/036_embroidery_02_nrmr.tex.760230703 (deflate)
Wrote re_chunk_000.pak.patch_055\natives/stm/character/ch/ch55_010/ch55_010_body3_nrmr.tex.760230703 (deflate)
Wrote re_chunk_000.pak.patch_055\natives/stm/character/ch/ch20_000/wp20_000_04/wp20_000_04_1_nrmr.tex.760230703 (deflate)
Wrote re_chunk_000.pak.patch_055\natives/stm/character/_kit/head/head_220_m/head_220_m_low_nrm.tex.760230703 (deflate)
Wrote re_chunk_000.pak.patch_055\natives/stm/character/_kit/hair/hair_017/hair_017_nrmr.tex.760230703 (deflate)
Wrote re_chunk_000.pak.patch_055\natives/stm/streaming/character/_kit/_equipment/pants/051/wl_051_0_0_nrmr.tex.760230703 (deflate)
Wrote re_chunk_000.pak.patch_055\natives/stm/character/_kit/_equipment/tops/839/bd_839_0_0_nrmr.tex.760230703 (deflate)
Wrote re_chunk_000.pak.patch_055\natives/stm/streaming/character/wp/wp07/011/wp07_011_0_0_nrmr.tex.760230703 (deflate)
Wrote re_chunk_000.pak.patch_055\natives/stm/character/ch/ch29_000/wp29_000_00/wp29_000_00_nrmr.tex.760230703 (deflate)
Wrote re_chunk_000.pak.patch_055\natives/stm/character/_kit/_equipment/mantle/008/mt_008_0_0_nrmr.tex.760230703 (deflate)
Wrote re_chunk_000.pak.patch_055\natives/stm/character/ch/ch20_002/helm/02/eq20_002_02_hl_1_nrmr.tex.760230703 (deflate)
Wrote re_chunk_000.pak.patch_055\natives/stm/character/_kit/_equipment/pants/013/lg_013_0_0_nrmr.tex.760230703 (deflate)
Wrote re_chunk_000.pak.patch_055\natives/stm/streaming/character/ch/ch53_001/ch53_001_lowerbody_nrmr.tex.760230703 (deflate)
Wrote re_chunk_000.pak.patch_055\natives/stm/character/_kit/_equipment/tops/536/bd_536_0_0_nrmr.tex.760230703 (deflate)
Wrote re_chunk_000.pak.patch_055\natives/stm/character/_kit/_equipment/tops/507/wb_507_0_0_nrmr.tex.760230703 (deflate)
Wrote re_chunk_000.pak.patch_055\natives/stm/streaming/character/_kit/_equipment/tops/604/wb_604_0_0_nrmr.tex.760230703 (deflate)
Wrote re_chunk_000.pak.patch_055\natives/stm/character/_kit/_equipment/tops/285/bd_285_0_1_nrmr.tex.760230703 (deflate)
Wrote re_chunk_000.pak.patch_055\natives/stm/character/_kit/_equipment/tops/278/wb_278_0_0_nrmr.tex.760230703 (deflate)
Wrote re_chunk_000.pak.patch_055\natives/stm/character/_kit/_equipment/tops/048/bd_048_0_0_nrmr.tex.760230703 (deflate)
Wrote re_chunk_000.pak.patch_055\natives/stm/character/_kit/body/body_608_f/body_608_f_high_nrmr.tex.760230703 (deflate)
Wrote re_chunk_000.pak.patch_055\natives/stm/character/_kit/_equipment/tops/021/am_021_0_0_nrmr.tex.760230703 (deflate)
Wrote re_chunk_000.pak.patch_055\natives/stm/streaming/character/_kit/_equipment/tops/001/am_001_0_1_nrmr.tex.760230703 (deflate)
Wrote re_chunk_000.pak.patch_055\natives/stm/streaming/character/_kit/_equipment/tops/814/wb_814_0_1_nrmr.tex.760230703 (deflate)
Wrote re_chunk_000.pak.patch_055\natives/stm/environment/textures/sm81_130_b_nrmr.tex.760230703 (deflate)
Wrote re_chunk_000.pak.patch_055\natives/stm/streaming/character/_kit/_equipment/tops/037/bd_037_0_3_nrmr.tex.760230703 (deflate)
Wrote re_chunk_000.pak.patch_055\natives/stm/character/wp/wp03/003/wp03_003_0_0_nrmr.tex.760230703 (deflate)
Wrote re_chunk_000.pak.patch_055\natives/stm/character/_kit/head/head_210_f/head_210_f_high_nrmr.tex.760230703 (deflate)
Wrote re_chunk_000.pak.patch_055\natives/stm/character/_kit/_equipment/mantle/037/mt_037_0_0_nrmr.tex.760230703 (deflate)
Wrote re_chunk_000.pak.patch_055\natives/stm/character/_kit/_equipment/tops/507/bd_507_0_0_nrmr.tex.760230703 (deflate)
Wrote re_chunk_000.pak.patch_055\natives/stm/character/_kit/body/body_001_f/body_001_f_low_nrm.tex.760230703 (deflate)
Wrote re_chunk_000.pak.patch_055\natives/stm/character/_kit/_equipment/tops/046/bd_046_0_4_nrmr.tex.760230703 (deflate)
Wrote re_chunk_000.pak.patch_055\natives/stm/streaming/character/_kit/_equipment/pants/614/wl_614_0_0_nrmr.tex.760230703 (deflate)
Wrote re_chunk_000.pak.patch_055\natives/stm/streaming/character/_kit/_equipment/tops/047/bd_047_0_0_nrmr.tex.760230703 (deflate)
Wrote re_chunk_000.pak.patch_055\natives/stm/character/_kit/_equipment/pants/046/lg_046_0_1_nrmr.tex.760230703 (deflate)
Wrote re_chunk_000.pak.patch_055\natives/stm/character/wp/wp04/003/wp04_003_0_0_nrmr.tex.760230703 (deflate)
Wrote re_chunk_000.pak.patch_055\natives/stm/streaming/character/wp/wp01/011/wp01_011_0_0_nrmr.tex.760230703 (deflate)
Wrote re_chunk_000.pak.patch_055\natives/stm/character/_kit/_equipment/tops/810/bd_810_0_0_nrmr.tex.760230703 (deflate)
Wrote re_chunk_000.pak.patch_055\natives/stm/streaming/character/wp/wp08/004/wp08_004_0_0_nrmr.tex.760230703 (deflate)
Wrote re_chunk_000.pak.patch_055\natives/stm/character/_kit/hair/hair_055/hair_055_fake_nrmr.tex.760230703 (deflate)
Wrote re_chunk_000.pak.patch_055\natives/stm/streaming/character/_kit/body/body_221_m/hand_221_m_low_nrm.tex.760230703 (deflate)
Wrote re_chunk_000.pak.patch_055\natives/stm/character/ch/ch20_001/wp20_001_05/wp20_001_05_0_nrmr.tex.760230703 (deflate)
Wrote re_chunk_000.pak.patch_055\natives/stm/streaming/character/_kit/_equipment/tops/805/wb_805_0_1_nrmr.tex.760230703 (deflate)
Wrote re_chunk_000.pak.patch_055\natives/stm/streaming/character/_kit/_equipment/tops/003/bd_003_0_0_pattern_nrmr.tex.760230703 (deflate)
Wrote re_chunk_000.pak.patch_055\natives/stm/streaming/character/_kit/_equipment/tops/278/am_278_0_0_nrmr.tex.760230703 (deflate)
Wrote re_chunk_000.pak.patch_055\natives/stm/character/_kit/hair/hair_806/haircap_806_nrmr.tex.760230703 (deflate)
Wrote re_chunk_000.pak.patch_055\natives/stm/character/_kit/_equipment/helm/202/hl_202_0_1_nrmr.tex.760230703 (deflate)
Wrote re_chunk_000.pak.patch_055\natives/stm/character/_kit/_equipment/tops/207/bd_207__embroidery_nrmr.tex.760230703 (deflate)
Wrote re_chunk_000.pak.patch_055\natives/stm/character/_kit/_equipment/helm/518/hl_518_0_1_nrmr.tex.760230703 (deflate)
Wrote re_chunk_000.pak.patch_055\natives/stm/character/ch/ch20_002/helm/00/eq20_002_00_hl_2_nrmr.tex.760230703 (deflate)
Wrote re_chunk_000.pak.patch_055\natives/stm/streaming/character/ch/ch26_000/eq26_000_05/eq26_000_05_5_nrmr.tex.760230703 (deflate)
Wrote re_chunk_000.pak.patch_055\natives/stm/character/_kit/_equipment/mantle/021/mt_021_0_0_nrmr.tex.760230703 (deflate)
Wrote re_chunk_000.pak.patch_055\natives/stm/character/_kit/_equipment/tops/618/am_618_0_0_nrmr.tex.760230703 (deflate)
Wrote re_chunk_000.pak.patch_055\natives/stm/streaming/environment/textures/tx_029_nrmr.tex.760230703 (deflate)
Wrote re_chunk_000.pak.patch_055\natives/stm/character/_kit/hair/hair_001/hair_001_nrmr.tex.760230703 (deflate)
Wrote re_chunk_000.pak.patch_055\natives/stm/streaming/character/_kit/_equipment/tops/228/am_228_0_2_nrmr.tex.760230703 (deflate)
Wrote re_chunk_000.pak.patch_055\natives/stm/streaming/character/ch/ch50_000/eq50_000_01/eq50_000_01_0_0_nrmr.tex.760230703 (deflate)
Wrote re_chunk_000.pak.patch_055\natives/stm/streaming/character/_kit/head/head_220_f/head_220_f_high_nrmr.tex.760230703 (deflate)
Wrote re_chunk_000.pak.patch_055\natives/stm/character/_kit/beard/beard_001/beard_001_fake_nrmr.tex.760230703 (deflate)
Wrote re_chunk_000.pak.patch_055\natives/stm/streaming/character/wp/wp01/008/wp01_008_0_0_nrmr.tex.760230703 (deflate)
Wrote re_chunk_000.pak.patch_055\natives/stm/streaming/character/_kit/body/body_215_f/hand_215_f_low_nrm.tex.760230703 (deflate)
Wrote re_chunk_000.pak.patch_055\natives/stm/streaming/character/_kit/_equipment/tops/518/embroidery_03_nrmr.tex.760230703 (deflate)
Wrote re_chunk_000.pak.patch_055\natives/stm/character/_kit/head/head_216_f/head_216_f_low_nrm.tex.760230703 (deflate)
Wrote re_chunk_000.pak.patch_055\natives/stm/character/_kit/_equipment/tops/274/bd_274_0_0_nrmr.tex.760230703 (deflate)
Wrote re_chunk_000.pak.patch_055\natives/stm/character/_kit/_equipment/helm/027/hl_027_0_0_nrmr.tex.760230703 (deflate)
Wrote re_chunk_000.pak.patch_055\natives/stm/streaming/character/ch/ch58_001/ch58_001_eye_nrmr.tex.760230703 (deflate)
Wrote re_chunk_000.pak.patch_055\natives/stm/character/_kit/_equipment/tops/037/wb_037_0_0_nrmr.tex.760230703 (deflate)
Wrote re_chunk_000.pak.patch_055\natives/stm/streaming/character/wp/wp00/002/wp00_002_0_0_nrmr.tex.760230703 (deflate)
Wrote re_chunk_000.pak.patch_055\natives/stm/streaming/character/_kit/_equipment/helm/516/hl_516_0_1_nrmr.tex.760230703 (deflate)
Wrote re_chunk_000.pak.patch_055\natives/stm/character/_kit/_equipment/helm/033/hl_033_0_0_nrmr.tex.760230703 (deflate)
Wrote re_chunk_000.pak.patch_055\natives/stm/streaming/character/_kit/_equipment/pants/277/lg_277_0_0_nrmr.tex.760230703 (deflate)
Wrote re_chunk_000.pak.patch_055\natives/stm/character/_kit/_equipment/tops/532/am_532_0_1_nrmr.tex.760230703 (deflate)
Wrote re_chunk_000.pak.patch_055\natives/stm/character/wp/wp05/008/wp05_008_0_0_nrmr.tex.760230703 (deflate)
Wrote re_chunk_000.pak.patch_055\natives/stm/streaming/character/_kit/_equipment/pants/038/lg_038_0_1_nrmr.tex.760230703 (deflate)
Wrote re_chunk_000.pak.patch_055\natives/stm/streaming/character/_kit/_equipment/tops/011/wb_011_0_0_nrmr.tex.760230703 (deflate)
Wrote re_chunk_000.pak.patch_055\natives/stm/streaming/character/_kit/_equipment/tops/303/bd_303_0_1_nrmr.tex.760230703 (deflate)
Wrote re_chunk_000.pak.patch_055\natives/stm/streaming/character/_kit/_equipment/mantle/012/mt_012_0_0_nrmr.tex.760230703 (deflate)
Wrote re_chunk_000.pak.patch_055\natives/stm/character/_kit/_equipment/tops/035/bd_035_0_5_nrmr.tex.760230703 (deflate)
Wrote re_chunk_000.pak.patch_055\natives/stm/streaming/character/ch/ch53_001/ch53_001_oral_nrmr.tex.760230703 (deflate)
Wrote re_chunk_000.pak.patch_055\natives/stm/streaming/character/_kit/head/head_821_m/head_821_m_low_nrm.tex.760230703 (deflate)
Wrote re_chunk_000.pak.patch_055\natives/stm/streaming/character/_kit/body/body_216_f/body_216_f_high_nrmr.tex.760230703 (deflate)
Wrote re_chunk_000.pak.patch_055\natives/stm/streaming/character/wp/wp04/011/wp04_011_0_0_nrmr.tex.760230703 (deflate)
Wrote re_chunk_000.pak.patch_055\natives/stm/streaming/character/_kit/_equipment/tops/042/wb_042_0_0_nrmr.tex.760230703 (deflate)
Wrote re_chunk_000.pak.patch_055\natives/stm/streaming/character/_kit/_equipment/helm/803/hl_803_0_0_nrmr.tex.760230703 (deflate)
Wrote re_chunk_000.pak.patch_055\natives/stm/character/_kit/_equipment/tops/809/wb_809_0_0_nrmr.tex.760230703 (deflate)
Wrote re_chunk_000.pak.patch_055\natives/stm/streaming/character/ch/ch28_000/body/body_901_f/body_901_f_nrmr.tex.760230703 (deflate)
Wrote re_chunk_000.pak.patch_055\natives/stm/streaming/character/_kit/_equipment/tops/309/bd_309_0_5_nrmr.tex.760230703 (deflate)
Wrote re_chunk_000.pak.patch_055\natives/stm/character/_kit/_equipment/pants/023/lg_023_0_0_nrmr.tex.760230703 (deflate)
Wrote re_chunk_000.pak.patch_055\natives/stm/streaming/character/_kit/body/body_608_f/body_608_f_low_nrm.tex.760230703 (deflate)
Wrote re_chunk_000.pak.patch_055\natives/stm/streaming/character/_kit/_equipment/tops/228/wb_228_0_0_nrmr.tex.760230703 (deflate)
Wrote re_chunk_000.pak.patch_055\natives/stm/streaming/character/_kit/head/_common/textures/teeth/teeth_common_nrmr.tex.760230703 (deflate)
Wrote re_chunk_000.pak.patch_055\natives/stm/streaming/character/_kit/_equipment/helm/046/hl_046_0_0_nrmr.tex.760230703 (deflate)
Wrote re_chunk_000.pak.patch_055\natives/stm/streaming/character/_kit/_equipment/tops/814/wb_814_0_3_nrmr.tex.760230703 (deflate)
Wrote re_chunk_000.pak.patch_055\natives/stm/character/_kit/_equipment/tops/046/bd_046_0_1_nrmr.tex.760230703 (deflate)
Wrote re_chunk_000.pak.patch_055\natives/stm/streaming/character/_kit/_equipment/helm/030/hl_030_0_0_nrmr.tex.760230703 (deflate)
Wrote re_chunk_000.pak.patch_055\natives/stm/character/_kit/_equipment/pants/277/lg_277_0_1_nrmr.tex.760230703 (deflate)
Wrote re_chunk_000.pak.patch_055\natives/stm/character/_kit/_equipment/mantle/042/mt_042_0_0_nrmr.tex.760230703 (deflate)
Wrote re_chunk_000.pak.patch_055\natives/stm/streaming/character/_kit/_equipment/tops/615/bd_615_0_0_nrmr.tex.760230703 (deflate)
Wrote re_chunk_000.pak.patch_055\natives/stm/streaming/character/_kit/body/body_214_f/body_214_f_high_nrmr.tex.760230703 (deflate)
Wrote re_chunk_000.pak.patch_055\natives/stm/streaming/character/_kit/_equipment/tops/239/wb_239_0_0_nrmr.tex.760230703 (deflate)
Wrote re_chunk_000.pak.patch_055\natives/stm/streaming/character/_kit/hair/hair_027/himo2_nrmr.tex.760230703 (deflate)
Wrote re_chunk_000.pak.patch_055\natives/stm/character/wp/wp07/001/wp07_001_0_0_nrmr.tex.760230703 (deflate)
Wrote re_chunk_000.pak.patch_055\natives/stm/streaming/character/_kit/body/body_201_m/body_201_m_low_nrm.tex.760230703 (deflate)
Wrote re_chunk_000.pak.patch_055\natives/stm/character/_kit/_equipment/helm/506/hl_506_0_0_nrmr.tex.760230703 (deflate)
Wrote re_chunk_000.pak.patch_055\natives/stm/streaming/character/wp/wp01/006/wp01_006_0_1_nrmr.tex.760230703 (deflate)
Wrote re_chunk_000.pak.patch_055\natives/stm/character/_kit/_equipment/tops/246/bd_246_0_0_nrmr.tex.760230703 (deflate)
Wrote re_chunk_000.pak.patch_055\natives/stm/streaming/character/_kit/_equipment/mantle/606/mt_606_0_0_nrmr.tex.760230703 (deflate)
Wrote re_chunk_000.pak.patch_055\natives/stm/character/_kit/body/body_206_f/body_206_f_high_nrmr.tex.760230703 (deflate)
Wrote re_chunk_000.pak.patch_055\natives/stm/character/_kit/body/body_609_m/body_609_m_low_nrm.tex.760230703 (deflate)
Wrote re_chunk_000.pak.patch_055\natives/stm/streaming/character/_kit/_equipment/tops/051/bd_051_embroidery_nrmr.tex.760230703 (deflate)
Wrote re_chunk_000.pak.patch_055\natives/stm/streaming/character/_kit/eyebrows/eyebrows_012/eyebrows_012_skin_nrmr.tex.760230703 (deflate)
Wrote re_chunk_000.pak.patch_055\natives/stm/character/_kit/_equipment/pants/839/lg_839_0_1_nrmr.tex.760230703 (deflate)
Wrote re_chunk_000.pak.patch_055\natives/stm/streaming/character/_kit/head/head_612_m/head_612_m_high_nrmr.tex.760230703 (deflate)
Wrote re_chunk_000.pak.patch_055\natives/stm/streaming/character/_kit/_equipment/tops/833/bd_833_0_1_nrmr.tex.760230703 (deflate)
Wrote re_chunk_000.pak.patch_055\natives/stm/streaming/character/_kit/_equipment/tops/267/bd_267_0_0_nrmr.tex.760230703 (deflate)
Wrote re_chunk_000.pak.patch_055\natives/stm/streaming/character/_kit/_equipment/tops/502/bd_502_0_0_nrmr.tex.760230703 (deflate)
Wrote re_chunk_000.pak.patch_055\natives/stm/character/ch/ch20_001/wp20_001_04/wp20_001_04_1_nrmr.tex.760230703 (deflate)
Wrote re_chunk_000.pak.patch_055\natives/stm/streaming/character/ch/ch23_000/ch23_000_fur_nrmr.tex.760230703 (deflate)
Wrote re_chunk_000.pak.patch_055\natives/stm/character/ch/ch22_003/ch22_003_hair_nrmr.tex.760230703 (deflate)
Wrote re_chunk_000.pak.patch_055\natives/stm/character/ch/ch22_000/ch22_000_eye_nrmr.tex.760230703 (deflate)
Wrote re_chunk_000.pak.patch_055\natives/stm/streaming/character/_kit/_equipment/tops/210/bd_210_0_4_nrmr.tex.760230703 (deflate)
Wrote re_chunk_000.pak.patch_055\natives/stm/character/_kit/body/body_608_m/hand_608_m_low_nrm.tex.760230703 (deflate)
Wrote re_chunk_000.pak.patch_055\natives/stm/character/_kit/body/body_209_f/body_209_f_high_nrmr.tex.760230703 (deflate)
Wrote re_chunk_000.pak.patch_055\natives/stm/character/_kit/_equipment/tops/248/am_248_0_0_nrmr.tex.760230703 (deflate)
Wrote re_chunk_000.pak.patch_055\natives/stm/streaming/character/_kit/body/body_206_m/body_206_m_high_nrmr.tex.760230703 (deflate)
Wrote re_chunk_000.pak.patch_055\natives/stm/streaming/character/_kit/body/body_205_f/hand_205_f_low_nrm.tex.760230703 (deflate)
Wrote re_chunk_000.pak.patch_055\natives/stm/character/ch/ch51_000/ch51_000_angryface_nrmr.tex.760230703 (deflate)
Wrote re_chunk_000.pak.patch_055\natives/stm/streaming/character/_kit/body/body_602_m/hand_602_m_low_nrm.tex.760230703 (deflate)
Wrote re_chunk_000.pak.patch_055\natives/stm/streaming/character/_kit/beard/beard_150/beard_150_nrmr.tex.760230703 (deflate)
Wrote re_chunk_000.pak.patch_055\natives/stm/streaming/character/_kit/_equipment/pants/242/wl_242_0_0_nrmr.tex.760230703 (deflate)
Wrote re_chunk_000.pak.patch_055\natives/stm/character/_kit/hair/hair_041/band_nrmr.tex.760230703 (deflate)
Wrote re_chunk_000.pak.patch_055\natives/stm/streaming/character/wp/wp06/015/wp06_015_0_0_nrmr.tex.760230703 (deflate)
Wrote re_chunk_000.pak.patch_055\natives/stm/character/wp/wp09/004/wp09_004_0_0_nrmr.tex.760230703 (deflate)
Wrote re_chunk_000.pak.patch_055\natives/stm/character/_kit/body/body_601_m/hand_601_m_low_nrm.tex.760230703 (deflate)
Wrote re_chunk_000.pak.patch_055\natives/stm/streaming/character/_kit/_equipment/helm/631/hl_631_0_0_nrmr.tex.760230703 (deflate)
Wrote re_chunk_000.pak.patch_055\natives/stm/streaming/character/_kit/_equipment/tops/041/bd_041_0_4_nrmr.tex.760230703 (deflate)
Wrote re_chunk_000.pak.patch_055\natives/stm/character/_kit/_equipment/tops/021/bd_021_0_1_nrmr.tex.760230703 (deflate)
Wrote re_chunk_000.pak.patch_055\natives/stm/character/_kit/_equipment/tops/504/bd_504_0_0_nrmr.tex.760230703 (deflate)
Wrote re_chunk_000.pak.patch_055\natives/stm/streaming/character/_kit/head/head_600_f/head_600_f_high_nrmr.tex.760230703 (deflate)
Wrote re_chunk_000.pak.patch_055\natives/stm/character/ch/ch28_000/hair/hair_900/hair_900_nrmr.tex.760230703 (deflate)
Wrote re_chunk_000.pak.patch_055\natives/stm/character/ch/ch99_020/ch99_020_fur_a_nrmr.tex.760230703 (deflate)
Wrote re_chunk_000.pak.patch_055\natives/stm/character/_kit/head/head_213_f/head_213_f_low_nrm.tex.760230703 (deflate)
Wrote re_chunk_000.pak.patch_055\natives/stm/streaming/character/_kit/_equipment/tops/049/wb_049_0_0_nrmr.tex.760230703 (deflate)
Wrote re_chunk_000.pak.patch_055\natives/stm/streaming/character/_kit/_equipment/tops/037/am_037_0_0_nrmr.tex.760230703 (deflate)
Wrote re_chunk_000.pak.patch_055\natives/stm/streaming/character/_kit/_equipment/tops/509/bd_509_0_0_nrmr.tex.760230703 (deflate)
Wrote re_chunk_000.pak.patch_055\natives/stm/character/_kit/_equipment/helm/607/hl_607_0_0_nrmr.tex.760230703 (deflate)
Wrote re_chunk_000.pak.patch_055\natives/stm/streaming/character/_kit/head/head_602_m/head_602_m_high_nrmr.tex.760230703 (deflate)
Wrote re_chunk_000.pak.patch_055\natives/stm/streaming/character/_kit/_equipment/tops/246/wb_246_0_2_nrmr.tex.760230703 (deflate)
Wrote re_chunk_000.pak.patch_055\natives/stm/streaming/character/_kit/_equipment/tops/049/bd_049_0_1_nrmr.tex.760230703 (deflate)
Wrote re_chunk_000.pak.patch_055\natives/stm/vfx/texture/noise/13_cloud_003_00_nrmr.tex.760230703 (deflate)
Wrote re_chunk_000.pak.patch_055\natives/stm/gui/model/ui06/00/02/ui06_00_02_03_nrmr.tex.760230703 (deflate)
Wrote re_chunk_000.pak.patch_055\natives/stm/streaming/vfx/texture/liquid/13_ch57_001_liquid01_nrmr.tex.760230703 (deflate)
Wrote re_chunk_000.pak.patch_055\natives/stm/character/_kit/_equipment/pants/210/lg_210_0_0_nrmr.tex.760230703 (deflate)
Wrote re_chunk_000.pak.patch_055\natives/stm/character/_kit/_equipment/mantle/017/mt_017_0_0_nrmr.tex.760230703 (deflate)
Wrote re_chunk_000.pak.patch_055\natives/stm/character/_kit/_equipment/pants/537/lg_537_0_0_nrmr.tex.760230703 (deflate)
Wrote re_chunk_000.pak.patch_055\natives/stm/streaming/character/_kit/eyebrows/eyebrows_000/eyebrows_000_skin_nrmr.tex.760230703 (deflate)
Wrote re_chunk_000.pak.patch_055\natives/stm/vfx/texture/stone/13_stone_010_00_nrmr.tex.760230703 (deflate)
Wrote re_chunk_000.pak.patch_055\natives/stm/character/wp/wp03/002/wp03_002_0_0_nrmr.tex.760230703 (deflate)
Wrote re_chunk_000.pak.patch_055\natives/stm/character/_kit/head/head_213_f/head_213_f_high_nrmr.tex.760230703 (deflate)
Wrote re_chunk_000.pak.patch_055\natives/stm/character/_kit/_equipment/tops/006/am_006_0_1_nrmr.tex.760230703 (deflate)
Wrote re_chunk_000.pak.patch_055\natives/stm/character/_kit/_equipment/tops/804/bd_804_0_0_nrmr.tex.760230703 (deflate)
Wrote re_chunk_000.pak.patch_055\natives/stm/character/_kit/_equipment/backpack/backpack_500/backpack_500_0_5__nrmr.tex.760230703 (deflate)
Wrote re_chunk_000.pak.patch_055\natives/stm/streaming/environment/textures/tx_111_nrmr.tex.760230703 (deflate)
Wrote re_chunk_000.pak.patch_055\natives/stm/streaming/character/_kit/_equipment/pants/009/lg_009_0_0_nrmr.tex.760230703 (deflate)
Wrote re_chunk_000.pak.patch_055\natives/stm/streaming/character/_kit/_equipment/tops/046/bd_046_0_2_nrmr.tex.760230703 (deflate)
Wrote re_chunk_000.pak.patch_055\natives/stm/character/_kit/_equipment/_common/bt_006_0_0_nrmr.tex.760230703 (deflate)
Wrote re_chunk_000.pak.patch_055\natives/stm/character/it/it10/031/it10_031_nrmr.tex.760230703 (deflate)
Wrote re_chunk_000.pak.patch_055\natives/stm/character/_kit/_equipment/tops/210/bd_210_0_5_nrmr.tex.760230703 (deflate)
Wrote re_chunk_000.pak.patch_055\natives/stm/streaming/character/_kit/_equipment/tops/808/bd_808_0_1_nrmr.tex.760230703 (deflate)
Wrote re_chunk_000.pak.patch_055\natives/stm/streaming/character/_kit/body/body_207_f/hand_207_f_high_nrmr.tex.760230703 (deflate)
Wrote re_chunk_000.pak.patch_055\natives/stm/character/_kit/_equipment/tops/505/am_505_0_0_nrmr.tex.760230703 (deflate)
Wrote re_chunk_000.pak.patch_055\natives/stm/character/_kit/beard/beard_150/beard_150_fake_nrmr.tex.760230703 (deflate)
Wrote re_chunk_000.pak.patch_055\natives/stm/streaming/character/_kit/_equipment/tops/506/bd_506_0_5_nrmr.tex.760230703 (deflate)
Wrote re_chunk_000.pak.patch_055\natives/stm/streaming/character/_kit/_equipment/facewear/033/hl_033_0_1_nrmr.tex.760230703 (deflate)
Wrote re_chunk_000.pak.patch_055\natives/stm/character/ch/ch60_000/ch60_000_eye_nrmr.tex.760230703 (deflate)
Wrote re_chunk_000.pak.patch_055\natives/stm/streaming/character/_kit/_equipment/tops/615/am_615_0_0_nrmr.tex.760230703 (deflate)
Wrote re_chunk_000.pak.patch_055\natives/stm/streaming/character/_kit/_equipment/tops/523/bd_523_0_0_nrmr.tex.760230703 (deflate)
Wrote re_chunk_000.pak.patch_055\natives/stm/character/_kit/_equipment/helm/050/hl_050_0_0_nrmr.tex.760230703 (deflate)
Wrote re_chunk_000.pak.patch_055\natives/stm/character/_kit/_equipment/pants/047/lg_047_0_0_nrmr.tex.760230703 (deflate)
Wrote re_chunk_000.pak.patch_055\natives/stm/streaming/character/_kit/_equipment/tops/274/bd_274_0_0_nrmr.tex.760230703 (deflate)
Wrote re_chunk_000.pak.patch_055\natives/stm/streaming/character/ch/ch21_000/ch21_000_blendbody_nrmr.tex.760230703 (deflate)
Wrote re_chunk_000.pak.patch_055\natives/stm/character/_kit/_equipment/tops/253/wb_253_0_0_nrmr.tex.760230703 (deflate)
Wrote re_chunk_000.pak.patch_055\natives/stm/character/_kit/_equipment/tops/011/am_011_0_1_nrmr.tex.760230703 (deflate)
Wrote re_chunk_000.pak.patch_055\natives/stm/character/_kit/body/body_604_m/hand_604_m_low_nrm.tex.760230703 (deflate)
Wrote re_chunk_000.pak.patch_055\natives/stm/character/_kit/body/body_209_m/hand_209_m_high_nrmr.tex.760230703 (deflate)
Wrote re_chunk_000.pak.patch_055\natives/stm/streaming/character/_kit/special_scar/special_scar_001/special_scar_001_hand_m_nrmr.tex.760230703 (deflate)
Wrote re_chunk_000.pak.patch_055\natives/stm/character/_kit/_equipment/tops/011/bd_011_0_3_nrmr.tex.760230703 (deflate)
Wrote re_chunk_000.pak.patch_055\natives/stm/character/ch/ch99_420/ch99_420_body_a_nrmr.tex.760230703 (deflate)
Wrote re_chunk_000.pak.patch_055\natives/stm/character/_kit/hair/hair_052/hair_052_nrmr.tex.760230703 (deflate)
Wrote re_chunk_000.pak.patch_055\natives/stm/streaming/character/_kit/_equipment/tops/004/bd_004_0_1_nrmr.tex.760230703 (deflate)
Wrote re_chunk_000.pak.patch_055\natives/stm/streaming/character/_kit/_equipment/tops/005/bd_005_0_1_nrmr.tex.760230703 (deflate)
Wrote re_chunk_000.pak.patch_055\natives/stm/character/_kit/_equipment/tops/315/wb_315_0_1_nrmr.tex.760230703 (deflate)
Wrote re_chunk_000.pak.patch_055\natives/stm/character/ch/ch99_210/ch99_210_body_a_nrmr.tex.760230703 (deflate)
Wrote re_chunk_000.pak.patch_055\natives/stm/character/ch/ch26_000/eq26_000_04/eq26_000_04_6_nrmr.tex.760230703 (deflate)
Wrote re_chunk_000.pak.patch_055\natives/stm/character/ch/ch26_000/eq26_000_01/eq26_000_01_1_nrmr.tex.760230703 (deflate)
Wrote re_chunk_000.pak.patch_055\natives/stm/character/_kit/body/body_604_f/body_604_f_low_nrm.tex.760230703 (deflate)
Wrote re_chunk_000.pak.patch_055\natives/stm/streaming/character/_kit/body/body_216_f/hand_216_f_high_nrmr.tex.760230703 (deflate)
Wrote re_chunk_000.pak.patch_055\natives/stm/streaming/character/ch/ch51_000/ch51_000_eyeflatten_nrmr.tex.760230703 (deflate)
Wrote re_chunk_000.pak.patch_055\natives/stm/streaming/character/_kit/_equipment/helm/630/630_decal_0_nrmr.tex.760230703 (deflate)
Wrote re_chunk_000.pak.patch_055\natives/stm/character/wp/wp08/012/wp08_012_0_0_nrmr.tex.760230703 (deflate)
Wrote re_chunk_000.pak.patch_055\natives/stm/streaming/character/_kit/_equipment/_common/bt_002_0_0_nrmr.tex.760230703 (deflate)
Wrote re_chunk_000.pak.patch_055\natives/stm/streaming/character/_kit/head/head_204_f/head_204_f_low_nrm.tex.760230703 (deflate)
Wrote re_chunk_000.pak.patch_055\natives/stm/streaming/character/ch/ch54_000/ch54_000_body1_nrmr.tex.760230703 (deflate)
Wrote re_chunk_000.pak.patch_055\natives/stm/streaming/character/_kit/_equipment/tops/835/am_835_0_0_nrmr.tex.760230703 (deflate)
Wrote re_chunk_000.pak.patch_055\natives/stm/streaming/character/_kit/head/head_203_f/head_203_f_low_nrm.tex.760230703 (deflate)
Wrote re_chunk_000.pak.patch_055\natives/stm/streaming/materiallibrary/original/detail/detail_blanket_00_001/detail_blanket_00_001_c_nrmr.tex.760230703 (deflate)
Wrote re_chunk_000.pak.patch_055\natives/stm/character/ch/ch99_010/ch99_010_horn_a_nrmr.tex.760230703 (deflate)
Wrote re_chunk_000.pak.patch_055\natives/stm/streaming/character/ch/ch20_003/pants/00/eq20_003_00_wl_1_nrmr.tex.760230703 (deflate)
Wrote re_chunk_000.pak.patch_055\natives/stm/streaming/character/ch/ch26_000/wp26_000_21/wp26_000_21_00_0_nrmr.tex.760230703 (deflate)
Wrote re_chunk_000.pak.patch_055\natives/stm/streaming/character/_kit/_equipment/tops/020/bd_020_0_1_nrmr.tex.760230703 (deflate)
Wrote re_chunk_000.pak.patch_055\natives/stm/streaming/character/_kit/_equipment/helm/056/hl_056_0_0_fur_nrmr.tex.760230703 (deflate)
Wrote re_chunk_000.pak.patch_055\natives/stm/streaming/character/_kit/head/head_219_m/head_219_m_low_nrm.tex.760230703 (deflate)
Wrote re_chunk_000.pak.patch_055\natives/stm/streaming/character/_kit/_equipment/tops/630/bd_630_0_3_nrmr.tex.760230703 (deflate)
Wrote re_chunk_000.pak.patch_055\natives/stm/streaming/character/ch/ch26_000/wp26_000_07/wp26_000_07_0_nrmr.tex.760230703 (deflate)
Wrote re_chunk_000.pak.patch_055\natives/stm/character/_kit/_equipment/tops/001/am_001_0_1_nrmr.tex.760230703 (deflate)
Wrote re_chunk_000.pak.patch_055\natives/stm/character/ch/ch53_010/ch53_010_body1_nrmr.tex.760230703 (deflate)
Wrote re_chunk_000.pak.patch_055\natives/stm/character/ch/ch20_000/helm/00/eq20_000_00_hl_2_nrmr.tex.760230703 (deflate)
Wrote re_chunk_000.pak.patch_055\natives/stm/character/_kit/_equipment/tops/021/am_021_0_1_nrmr.tex.760230703 (deflate)
Wrote re_chunk_000.pak.patch_055\natives/stm/character/_kit/beard/beard_141/beard_141_fake_nrmr.tex.760230703 (deflate)
Wrote re_chunk_000.pak.patch_055\natives/stm/streaming/character/wp/wp01/002/wp01_002_0_0_nrmr.tex.760230703 (deflate)
Wrote re_chunk_000.pak.patch_055\natives/stm/streaming/character/_kit/_equipment/helm/008/hl_008_0_0_nrmr.tex.760230703 (deflate)
Wrote re_chunk_000.pak.patch_055\natives/stm/streaming/character/_kit/body/body_203_m/hand_203_m_high_nrmr.tex.760230703 (deflate)
Wrote re_chunk_000.pak.patch_055\natives/stm/character/_kit/_equipment/tops/013/bd_013_0_2_nrmr.tex.760230703 (deflate)
Wrote re_chunk_000.pak.patch_055\natives/stm/character/_kit/beard/beard_100/beard_100_fake_nrmr.tex.760230703 (deflate)
Wrote re_chunk_000.pak.patch_055\natives/stm/streaming/character/_kit/_equipment/tops/315/wb_315_0_0_nrmr.tex.760230703 (deflate)
Wrote re_chunk_000.pak.patch_055\natives/stm/character/wp/wp09/010/wp09_010_0_0_nrmr.tex.760230703 (deflate)
Wrote re_chunk_000.pak.patch_055\natives/stm/streaming/character/ch/ch56_000/wp56_000_00/wp56_000_00_0_nrmr.tex.760230703 (deflate)
Wrote re_chunk_000.pak.patch_055\natives/stm/streaming/character/_kit/_equipment/tops/622/wb_622_0_0_nrmr.tex.760230703 (deflate)
Wrote re_chunk_000.pak.patch_055\natives/stm/streaming/character/_kit/head/head_004_f/head_004_f_high_nrmr.tex.760230703 (deflate)
Wrote re_chunk_000.pak.patch_055\natives/stm/character/_kit/_equipment/tops/524/am_524_0_0_nrmr.tex.760230703 (deflate)
Wrote re_chunk_000.pak.patch_055\natives/stm/streaming/character/_kit/_equipment/tops/202/wb_202_0_0_nrmr.tex.760230703 (deflate)
Wrote re_chunk_000.pak.patch_055\natives/stm/character/_kit/beard/beard_004/beard_004_fake_nrmr.tex.760230703 (deflate)
Wrote re_chunk_000.pak.patch_055\natives/stm/streaming/character/_kit/_equipment/tops/830/am_830_0_0_nrmr.tex.760230703 (deflate)
Wrote re_chunk_000.pak.patch_055\natives/stm/character/_kit/body/body_222_f/hand_222_f_low_nrm.tex.760230703 (deflate)
Wrote re_chunk_000.pak.patch_055\natives/stm/character/ch/ch60_001/ch60_001_hair_nrmr.tex.760230703 (deflate)
Wrote re_chunk_000.pak.patch_055\natives/stm/character/_kit/_equipment/tops/247/tops_247_bd_02_nrmr.tex.760230703 (deflate)
Wrote re_chunk_000.pak.patch_055\natives/stm/character/_kit/_equipment/tops/529/wb_529_0_0_nrmr.tex.760230703 (deflate)
Wrote re_chunk_000.pak.patch_055\natives/stm/character/_kit/_equipment/pants/009/lg_009_0_0_nrmr.tex.760230703 (deflate)
Wrote re_chunk_000.pak.patch_055\natives/stm/streaming/character/_kit/_equipment/helm/024/hl_024_0_0_nrmr.tex.760230703 (deflate)
Wrote re_chunk_000.pak.patch_055\natives/stm/streaming/character/_kit/body/body_609_m/hand_609_m_high_nrmr.tex.760230703 (deflate)
Wrote re_chunk_000.pak.patch_055\natives/stm/character/_kit/hair/hair_003/hair_003_nrmr.tex.760230703 (deflate)
Wrote re_chunk_000.pak.patch_055\natives/stm/streaming/character/_kit/beard/beard_141/beard_141_fake_nrmr.tex.760230703 (deflate)
Wrote re_chunk_000.pak.patch_055\natives/stm/streaming/character/_kit/_equipment/helm/011/hl_011_0_0_nrmr.tex.760230703 (deflate)
Wrote re_chunk_000.pak.patch_055\natives/stm/character/_kit/_equipment/pants/210/lg_210_0_2_nrmr.tex.760230703 (deflate)
Wrote re_chunk_000.pak.patch_055\natives/stm/streaming/character/ch/ch23_000/ch23_000_head_nrmr.tex.760230703 (deflate)
Wrote re_chunk_000.pak.patch_055\natives/stm/character/_kit/_equipment/helm/611/hl_611_0_0_nrmr.tex.760230703 (deflate)
Wrote re_chunk_000.pak.patch_055\natives/stm/character/_kit/_equipment/pants/042/lg_042_0_0_m_nrmr.tex.760230703 (deflate)
Wrote re_chunk_000.pak.patch_055\natives/stm/character/_kit/head/head_602_f/head_602_f_low_nrm.tex.760230703 (deflate)
Wrote re_chunk_000.pak.patch_055\natives/stm/character/_kit/body/body_603_m/body_603_m_low_nrm.tex.760230703 (deflate)
Wrote re_chunk_000.pak.patch_055\natives/stm/streaming/character/_kit/head/head_603_f/head_603_f_low_nrm.tex.760230703 (deflate)
Wrote re_chunk_000.pak.patch_055\natives/stm/streaming/character/ch/ch20_002/wp20_002_22/wp20_002_22_1_nrmr.tex.760230703 (deflate)
Wrote re_chunk_000.pak.patch_055\natives/stm/streaming/character/_kit/_equipment/tops/286/bd_286_0_1_nrmr.tex.760230703 (deflate)
Wrote re_chunk_000.pak.patch_055\natives/stm/character/_kit/_equipment/pants/538/wl_538_0_0_nrmr.tex.760230703 (deflate)
Wrote re_chunk_000.pak.patch_055\natives/stm/streaming/character/_kit/_equipment/tops/537/bd_537_0_0_nrmr.tex.760230703 (deflate)
Wrote re_chunk_000.pak.patch_055\natives/stm/character/_kit/_equipment/tops/015/bd_015_0_4_nrmr.tex.760230703 (deflate)
Wrote re_chunk_000.pak.patch_055\natives/stm/character/ch/ch51_000/ch51_000_head_nrmr.tex.760230703 (deflate)
Wrote re_chunk_000.pak.patch_055\natives/stm/character/_kit/beard/beard_130/beard_130_nrmr.tex.760230703 (deflate)
Wrote re_chunk_000.pak.patch_055\natives/stm/streaming/character/ch/ch20_000/wp20_000_03/wp20_000_03_0_nrmr.tex.760230703 (deflate)
Wrote re_chunk_000.pak.patch_055\natives/stm/streaming/character/_kit/_equipment/tops/210/bd_210_0_0_nrmr.tex.760230703 (deflate)
Wrote re_chunk_000.pak.patch_055\natives/stm/character/_kit/_equipment/tops/015/bd_015_0_0_nrmr.tex.760230703 (deflate)
Wrote re_chunk_000.pak.patch_055\natives/stm/streaming/character/ch/ch23_001/ch23_001_eye_nrmr.tex.760230703 (deflate)
Wrote re_chunk_000.pak.patch_055\natives/stm/character/_kit/_equipment/tops/047/bd_047_0_5_nrmr.tex.760230703 (deflate)
Wrote re_chunk_000.pak.patch_055\natives/stm/streaming/character/ch/ch50_000/ch50_000_eye_nrmr.tex.760230703 (deflate)
Wrote re_chunk_000.pak.patch_055\natives/stm/streaming/character/ch/ch51_001/ch51_001_body_nrmr.tex.760230703 (deflate)
Wrote re_chunk_000.pak.patch_055\natives/stm/streaming/character/_kit/body/body_219_m/body_219_m_high_nrmr.tex.760230703 (deflate)
Wrote re_chunk_000.pak.patch_055\natives/stm/character/_kit/_equipment/pants/502/lg_502_0_0_nrmr.tex.760230703 (deflate)
Wrote re_chunk_000.pak.patch_055\natives/stm/streaming/character/ch/ch51_001/ch51_001_eye_nrmr.tex.760230703 (deflate)
Wrote re_chunk_000.pak.patch_055\natives/stm/character/_kit/_equipment/tops/808/bd_808_0_1_nrmr.tex.760230703 (deflate)
Wrote re_chunk_000.pak.patch_055\natives/stm/streaming/character/wp/wp08/012/wp08_012_0_0_nrmr.tex.760230703 (deflate)
Wrote re_chunk_000.pak.patch_055\natives/stm/streaming/character/_kit/hair/hair_012/hair_012_nrmr.tex.760230703 (deflate)
Wrote re_chunk_000.pak.patch_055\natives/stm/streaming/character/_kit/_equipment/tops/809/bd_809_0_0_nrmr.tex.760230703 (deflate)
Wrote re_chunk_000.pak.patch_055\natives/stm/streaming/character/_kit/_equipment/tops/036/bd_036_0_1_nrmr.tex.760230703 (deflate)
Wrote re_chunk_000.pak.patch_055\natives/stm/streaming/character/_kit/body/body_203_f/hand_203_f_high_nrmr.tex.760230703 (deflate)
Wrote re_chunk_000.pak.patch_055\natives/stm/streaming/character/_kit/body/body_200_f/hand_200_f_high_nrmr.tex.760230703 (deflate)
Wrote re_chunk_000.pak.patch_055\natives/stm/character/ch/ch27_000/ch27_000_face_array00_nrmr.tex.760230703 (deflate)
Wrote re_chunk_000.pak.patch_055\natives/stm/character/_kit/body/body_208_f/body_208_f_high_nrmr.tex.760230703 (deflate)
Wrote re_chunk_000.pak.patch_055\natives/stm/streaming/character/ch/ch20_001/wp20_001_00/wp20_001_00_0_nrmr.tex.760230703 (deflate)
Wrote re_chunk_000.pak.patch_055\natives/stm/character/_kit/body/body_206_f/body_206_f_low_nrm.tex.760230703 (deflate)
Wrote re_chunk_000.pak.patch_055\natives/stm/character/_kit/beard/beard_853/beard_853_fake_nrmr.tex.760230703 (deflate)
Wrote re_chunk_000.pak.patch_055\natives/stm/streaming/character/_kit/_equipment/tops/002/bd_002_0_1_nrmr.tex.760230703 (deflate)
Wrote re_chunk_000.pak.patch_055\natives/stm/streaming/character/_kit/_equipment/pants/003/wl_003_0_1_nrmr.tex.760230703 (deflate)
Wrote re_chunk_000.pak.patch_055\natives/stm/streaming/character/_kit/head/head_201_m/head_201_m_low_nrm.tex.760230703 (deflate)
Wrote re_chunk_000.pak.patch_055\natives/stm/streaming/character/ch/ch22_003/ch22_003_feather_nrmr.tex.760230703 (deflate)
Wrote re_chunk_000.pak.patch_055\natives/stm/streaming/character/ch/ch20_001/wp20_001_03/wp20_001_03_0_nrmr.tex.760230703 (deflate)
Wrote re_chunk_000.pak.patch_055\natives/stm/character/_kit/_equipment/tops/515/wb_515_0_0_nrmr.tex.760230703 (deflate)
Wrote re_chunk_000.pak.patch_055\natives/stm/character/_kit/body/body_201_m/body_201_m_high_nrmr.tex.760230703 (deflate)
Wrote re_chunk_000.pak.patch_055\natives/stm/streaming/character/_kit/_equipment/helm/013/hl_013_0_0_nrmr.tex.760230703 (deflate)
Wrote re_chunk_000.pak.patch_055\natives/stm/streaming/character/_kit/_equipment/tops/516/embroidery_01_nrmr.tex.760230703 (deflate)
Wrote re_chunk_000.pak.patch_055\natives/stm/streaming/character/_kit/body/body_209_f/body_209_f_high_nrmr.tex.760230703 (deflate)
Wrote re_chunk_000.pak.patch_055\natives/stm/streaming/character/_kit/_equipment/helm/606/hl_606_0_0_nrmr.tex.760230703 (deflate)
Wrote re_chunk_000.pak.patch_055\natives/stm/character/_kit/hair/hair_101/hair_101_fake_nrmr.tex.760230703 (deflate)
Wrote re_chunk_000.pak.patch_055\natives/stm/character/ch/ch26_000/wp26_000_00/wp26_000_00_0_nrmr.tex.760230703 (deflate)
Wrote re_chunk_000.pak.patch_055\natives/stm/character/_kit/_equipment/tops/013/bd_013_0_0_nrmr.tex.760230703 (deflate)
Wrote re_chunk_000.pak.patch_055\natives/stm/streaming/character/_kit/_equipment/tops/839/bd_839_0_0_nrmr.tex.760230703 (deflate)
Wrote re_chunk_000.pak.patch_055\natives/stm/streaming/character/_kit/_equipment/mantle/601/mt_601_0_0_nrmr.tex.760230703 (deflate)
Wrote re_chunk_000.pak.patch_055\natives/stm/streaming/character/_kit/hair/hair_805/hair_805_nrmr.tex.760230703 (deflate)
Wrote re_chunk_000.pak.patch_055\natives/stm/character/_kit/beard/beard_131/beard_131_fake_nrmr.tex.760230703 (deflate)
Wrote re_chunk_000.pak.patch_055\natives/stm/character/_kit/beard/beard_005/beard_005_fake_nrmr.tex.760230703 (deflate)
Wrote re_chunk_000.pak.patch_055\natives/stm/streaming/character/_kit/body/body_002_f/body_002_f_low_nrm.tex.760230703 (deflate)
Wrote re_chunk_000.pak.patch_055\natives/stm/character/_kit/body/body_611_m/body_611_m_high_nrmr.tex.760230703 (deflate)
Wrote re_chunk_000.pak.patch_055\natives/stm/character/_kit/_equipment/pants/225/lg_225_0_0_nrmr.tex.760230703 (deflate)
Wrote re_chunk_000.pak.patch_055\natives/stm/character/_kit/_equipment/tops/021/bd_021_0_0_nrmr.tex.760230703 (deflate)
Wrote re_chunk_000.pak.patch_055\natives/stm/streaming/character/_kit/head/head_205_m/head_205_m_high_nrmr.tex.760230703 (deflate)
Wrote re_chunk_000.pak.patch_055\natives/stm/streaming/character/_kit/body/body_218_m/hand_218_m_low_nrm.tex.760230703 (deflate)
Wrote re_chunk_000.pak.patch_055\natives/stm/character/_kit/body/body_221_m/hand_221_m_low_nrm.tex.760230703 (deflate)
Wrote re_chunk_000.pak.patch_055\natives/stm/streaming/character/wp/wp03/001/wp03_001_0_0_nrmr.tex.760230703 (deflate)
Wrote re_chunk_000.pak.patch_055\natives/stm/gui/model/ui06/01/04/ui06_04_01_split_nrmr.tex.760230703 (deflate)
Wrote re_chunk_000.pak.patch_055\natives/stm/streaming/character/_kit/_equipment/_common/bt_003_0_0_nrmr.tex.760230703 (deflate)
Wrote re_chunk_000.pak.patch_055\natives/stm/streaming/character/_kit/_equipment/pants/007/wl_007_0_0_nrmr.tex.760230703 (deflate)
Wrote re_chunk_000.pak.patch_055\natives/stm/character/_kit/_equipment/tops/006/bd_006_0_2_nrmr.tex.760230703 (deflate)
Wrote re_chunk_000.pak.patch_055\natives/stm/streaming/character/ch/ch54_000/ch54_000_body2_nrmr.tex.760230703 (deflate)
Wrote re_chunk_000.pak.patch_055\natives/stm/character/_kit/body/body_223_f/hand_223_f_low_nrm.tex.760230703 (deflate)
Wrote re_chunk_000.pak.patch_055\natives/stm/streaming/character/ch/ch55_010/ch55_010_horn_nrmr.tex.760230703 (deflate)
Wrote re_chunk_000.pak.patch_055\natives/stm/character/_kit/hair/hair_061/haircap_061_nrmr.tex.760230703 (deflate)
Wrote re_chunk_000.pak.patch_055\natives/stm/streaming/character/_kit/head/head_213_f/head_213_f_low_nrm.tex.760230703 (deflate)
Wrote re_chunk_000.pak.patch_055\natives/stm/character/_kit/body/body_609_m/body_609_m_high_nrmr.tex.760230703 (deflate)
Wrote re_chunk_000.pak.patch_055\natives/stm/streaming/character/_kit/_equipment/pants/006/lg_006_0_1_nrmr.tex.760230703 (deflate)
Wrote re_chunk_000.pak.patch_055\natives/stm/streaming/character/_kit/_equipment/tops/505/bd_505_0_0_nrmr.tex.760230703 (deflate)
Wrote re_chunk_000.pak.patch_055\natives/stm/streaming/character/_kit/body/body_205_m/hand_205_m_low_nrm.tex.760230703 (deflate)
Wrote re_chunk_000.pak.patch_055\natives/stm/streaming/character/_kit/body/body_218_f/body_218_f_high_nrmr.tex.760230703 (deflate)
Wrote re_chunk_000.pak.patch_055\natives/stm/character/_kit/_equipment/backpack/backpack_500/backpack_500_0_1_nrmr.tex.760230703 (deflate)
Wrote re_chunk_000.pak.patch_055\natives/stm/character/_kit/body/body_224_f/hand_224_f_low_nrm.tex.760230703 (deflate)
Wrote re_chunk_000.pak.patch_055\natives/stm/character/_kit/hair/hair_005/hair_005_nrmr.tex.760230703 (deflate)
Wrote re_chunk_000.pak.patch_055\natives/stm/character/_kit/_equipment/tops/051/am_051_0_0_nrmr.tex.760230703 (deflate)
Wrote re_chunk_000.pak.patch_055\natives/stm/character/_kit/_equipment/helm/803/hl_803_0_0_nrmr.tex.760230703 (deflate)
Wrote re_chunk_000.pak.patch_055\natives/stm/character/_kit/_equipment/tops/538/am_538_0_0_nrmr.tex.760230703 (deflate)
Wrote re_chunk_000.pak.patch_055\natives/stm/streaming/character/_kit/head/head_605_f/head_605_f_low_nrm.tex.760230703 (deflate)
Wrote re_chunk_000.pak.patch_055\natives/stm/character/_kit/_equipment/tops/025/bd_025_0_1_nrmr.tex.760230703 (deflate)
Wrote re_chunk_000.pak.patch_055\natives/stm/streaming/character/_kit/_equipment/tops/011/bd_011_0_2_nrmr.tex.760230703 (deflate)
Wrote re_chunk_000.pak.patch_055\natives/stm/character/_kit/head/head_214_f/head_214_f_high_nrmr.tex.760230703 (deflate)
Wrote re_chunk_000.pak.patch_055\natives/stm/streaming/character/ch/ch99_003/ch99_003_body_a_nrmr.tex.760230703 (deflate)
Wrote re_chunk_000.pak.patch_055\natives/stm/character/_kit/_equipment/helm/277/hl_277_0_0_nrmr.tex.760230703 (deflate)
Wrote re_chunk_000.pak.patch_055\natives/stm/character/ch/ch56_001/ch56_001_eyes_nrmr.tex.760230703 (deflate)
Wrote re_chunk_000.pak.patch_055\natives/stm/streaming/character/_kit/_equipment/pants/538/wl_538_0_0_nrmr.tex.760230703 (deflate)
Wrote re_chunk_000.pak.patch_055\natives/stm/character/wp/wp01/004/wp01_004_0_0_nrmr.tex.760230703 (deflate)
Wrote re_chunk_000.pak.patch_055\natives/stm/character/_kit/_equipment/pants/036/wl_036_0_0_nrmr.tex.760230703 (deflate)
Wrote re_chunk_000.pak.patch_055\natives/stm/character/ch/ch58_000/ch58_000_tail_nrmr.tex.760230703 (deflate)
Wrote re_chunk_000.pak.patch_055\natives/stm/character/_kit/head/head_205_m/head_205_m_high_nrmr.tex.760230703 (deflate)
Wrote re_chunk_000.pak.patch_055\natives/stm/vfx/texture/decal/13_ch57_001_liquid00_nrmr.tex.760230703 (deflate)
Wrote re_chunk_000.pak.patch_055\natives/stm/streaming/character/_kit/body/body_215_f/body_215_f_low_nrm.tex.760230703 (deflate)
Wrote re_chunk_000.pak.patch_055\natives/stm/character/it/it02/001/it02_001_0_0_nrmr.tex.760230703 (deflate)
Wrote re_chunk_000.pak.patch_055\natives/stm/character/ch/ch50_000/wp50_000_00/wp50_000_00_nrmr.tex.760230703 (deflate)
Wrote re_chunk_000.pak.patch_055\natives/stm/streaming/character/ch/ch29_000/ch29_000_body3_nrmr.tex.760230703 (deflate)
Wrote re_chunk_000.pak.patch_055\natives/stm/streaming/character/ch/ch54_000/ch54_000_fur_nrmr.tex.760230703 (deflate)
Wrote re_chunk_000.pak.patch_055\natives/stm/character/ch/ch51_000/ch51_000_eyeflatten_nrmr.tex.760230703 (deflate)
Wrote re_chunk_000.pak.patch_055\natives/stm/character/_kit/_equipment/pants/309/lg_309_0_0_nrmr.tex.760230703 (deflate)
Wrote re_chunk_000.pak.patch_055\natives/stm/character/wp/wp08/000/wp08_000_0_0_nrmr.tex.760230703 (deflate)
Wrote re_chunk_000.pak.patch_055\natives/stm/streaming/character/ch/ch26_000/eq26_000_03/eq26_000_03_10_nrmr.tex.760230703 (deflate)
Wrote re_chunk_000.pak.patch_055\natives/stm/vfx/texture/decal/13_stonedecal_001_00_nrmr.tex.760230703 (deflate)
Wrote re_chunk_000.pak.patch_055\natives/stm/environment/textures/tx_113_nrmr.tex.760230703 (deflate)
Wrote re_chunk_000.pak.patch_055\natives/stm/streaming/character/_kit/body/body_002_m/hand_002_m_low_nrm.tex.760230703 (deflate)
Wrote re_chunk_000.pak.patch_055\natives/stm/character/_kit/_equipment/tops/008/bd_008_0_2_nrmr.tex.760230703 (deflate)
Wrote re_chunk_000.pak.patch_055\natives/stm/streaming/character/_kit/_equipment/tops/279/wb_279_0_0_nrmr.tex.760230703 (deflate)
Wrote re_chunk_000.pak.patch_055\natives/stm/character/_kit/body/body_206_f/hand_206_f_low_nrm.tex.760230703 (deflate)
Wrote re_chunk_000.pak.patch_055\natives/stm/streaming/character/_kit/_equipment/tops/253/bd_253_0_1_nrmr.tex.760230703 (deflate)
Wrote re_chunk_000.pak.patch_055\natives/stm/character/ch/ch20_003/wp20_003_00/wp20_003_00_0_nrmr.tex.760230703 (deflate)
Wrote re_chunk_000.pak.patch_055\natives/stm/character/_kit/_equipment/tops/002/bd_002_0_4_nrmr.tex.760230703 (deflate)
Wrote re_chunk_000.pak.patch_055\natives/stm/streaming/character/ch/ch53_001/ch53_001_eye_nrmr.tex.760230703 (deflate)
Wrote re_chunk_000.pak.patch_055\natives/stm/streaming/character/_kit/hair/hair_059/band_nrmr.tex.760230703 (deflate)
Wrote re_chunk_000.pak.patch_055\natives/stm/streaming/character/_kit/_equipment/tops/512/wb_512_0_1_nrmr.tex.760230703 (deflate)
Wrote re_chunk_000.pak.patch_055\natives/stm/streaming/character/it/it10/006/it10_006_0_0_nrmr.tex.760230703 (deflate)
Wrote re_chunk_000.pak.patch_055\natives/stm/streaming/character/_kit/_equipment/tops/007/bd_007_0_2_nrmr.tex.760230703 (deflate)
Wrote re_chunk_000.pak.patch_055\natives/stm/character/ch/ch57_000/ch57_000_eye_nrmr.tex.760230703 (deflate)
Wrote re_chunk_000.pak.patch_055\natives/stm/character/_kit/_equipment/tops/246/am_246_0_1_nrmr.tex.760230703 (deflate)
Wrote re_chunk_000.pak.patch_055\natives/stm/streaming/character/wp/wp04/010/wp04_010_0_1_nrmr.tex.760230703 (deflate)
Wrote re_chunk_000.pak.patch_055\natives/stm/streaming/character/wp/wp01/001/wp01_001_0_0_nrmr.tex.760230703 (deflate)
Wrote re_chunk_000.pak.patch_055\natives/stm/streaming/character/_kit/head/head_602_f/head_602_f_low_nrm.tex.760230703 (deflate)
Wrote re_chunk_000.pak.patch_055\natives/stm/character/_kit/_equipment/helm/052/hl_052_0_0_nrmr.tex.760230703 (deflate)
Wrote re_chunk_000.pak.patch_055\natives/stm/streaming/character/_kit/_equipment/tops/537/wb_537_0_0_nrmr.tex.760230703 (deflate)
Wrote re_chunk_000.pak.patch_055\natives/stm/streaming/character/_kit/_equipment/pants/211/wl_211_0_1_nrmr.tex.760230703 (deflate)
Wrote re_chunk_000.pak.patch_055\natives/stm/streaming/character/_kit/_equipment/tops/021/bd_021_0_1_nrmr.tex.760230703 (deflate)
Wrote re_chunk_000.pak.patch_055\natives/stm/streaming/environment/textures/tx_039_nrmr.tex.760230703 (deflate)
Wrote re_chunk_000.pak.patch_055\natives/stm/character/wp/wp01/002/wp01_002_0_0_nrmr.tex.760230703 (deflate)
Wrote re_chunk_000.pak.patch_055\natives/stm/character/ch/ch27_000/ch27_000_body3_nrmr.tex.760230703 (deflate)
Wrote re_chunk_000.pak.patch_055\natives/stm/character/_kit/_equipment/backpack/backpack_500/backpack_500_0_3_nrmr.tex.760230703 (deflate)
Wrote re_chunk_000.pak.patch_055\natives/stm/character/_kit/_equipment/tops/220/bd_220_0_3_nrmr.tex.760230703 (deflate)
Wrote re_chunk_000.pak.patch_055\natives/stm/character/_kit/body/body_200_m/hand_200_m_low_nrm.tex.760230703 (deflate)
Wrote re_chunk_000.pak.patch_055\natives/stm/streaming/character/ch/ch55_010/ch55_010_body4_nrmr.tex.760230703 (deflate)
Wrote re_chunk_000.pak.patch_055\natives/stm/character/_kit/head/head_611_m/head_611_m_low_nrm.tex.760230703 (deflate)
Wrote re_chunk_000.pak.patch_055\natives/stm/streaming/character/ch/ch28_000/hair/hair_906/hair_906_nrmr.tex.760230703 (deflate)
Wrote re_chunk_000.pak.patch_055\natives/stm/streaming/character/_kit/body/body_004_f/hand_004_f_low_nrm.tex.760230703 (deflate)
Wrote re_chunk_000.pak.patch_055\natives/stm/character/wp/wp08/004/wp08_004_0_0_nrmr.tex.760230703 (deflate)
Wrote re_chunk_000.pak.patch_055\natives/stm/character/_kit/body/body_601_m/hand_601_m_high_nrmr.tex.760230703 (deflate)
Wrote re_chunk_000.pak.patch_055\natives/stm/streaming/character/_kit/_equipment/pants/532/wl_532_0_0_nrmr.tex.760230703 (deflate)
Wrote re_chunk_000.pak.patch_055\natives/stm/character/_kit/_equipment/tops/211/bd_211_0_2_nrmr.tex.760230703 (deflate)
Wrote re_chunk_000.pak.patch_055\natives/stm/streaming/character/_kit/_equipment/helm/236/hl_236_0_0_nrmr.tex.760230703 (deflate)
Wrote re_chunk_000.pak.patch_055\natives/stm/character/_kit/_equipment/tops/532/am_532_0_0_nrmr.tex.760230703 (deflate)
Wrote re_chunk_000.pak.patch_055\natives/stm/streaming/character/_kit/hair/hair_025/hair_025_nrmr.tex.760230703 (deflate)
Wrote re_chunk_000.pak.patch_055\natives/stm/character/_kit/body/body_203_f/hand_203_f_low_nrm.tex.760230703 (deflate)
Wrote re_chunk_000.pak.patch_055\natives/stm/streaming/character/ch/ch28_000/head/head_902_m/teeth_902_m_nrmr.tex.760230703 (deflate)
Wrote re_chunk_000.pak.patch_055\natives/stm/streaming/character/_kit/_equipment/tops/811/embroidery_811_0_nrmr.tex.760230703 (deflate)
Wrote re_chunk_000.pak.patch_055\natives/stm/streaming/character/wp/wp02/014/wp02_014_0_0_nrmr.tex.760230703 (deflate)
Wrote re_chunk_000.pak.patch_055\natives/stm/streaming/character/wp/wp05/002/wp05_002_0_0_nrmr.tex.760230703 (deflate)
Wrote re_chunk_000.pak.patch_055\natives/stm/character/_kit/hair/hair_002/hair_002_nrmr.tex.760230703 (deflate)
Wrote re_chunk_000.pak.patch_055\natives/stm/streaming/character/_kit/head/head_606_m/head_606_m_high_nrmr.tex.760230703 (deflate)
Wrote re_chunk_000.pak.patch_055\natives/stm/streaming/character/_kit/_equipment/tops/011/bd_011_0_1_nrmr.tex.760230703 (deflate)
Wrote re_chunk_000.pak.patch_055\natives/stm/vfx/texture/liquid/13_ch57_001_liquid00_nrmr.tex.760230703 (deflate)
Wrote re_chunk_000.pak.patch_055\natives/stm/character/_kit/_equipment/tops/257/am_257_0_1_nrmr.tex.760230703 (deflate)
Wrote re_chunk_000.pak.patch_055\natives/stm/character/_kit/_equipment/tops/508/wb_508_0_0_nrmr.tex.760230703 (deflate)
Wrote re_chunk_000.pak.patch_055\natives/stm/materiallibrary/original/surface/wood_oldgrain_00_001/wood_oldgrain_00_001_nrmr.tex.760230703 (deflate)
Wrote re_chunk_000.pak.patch_055\natives/stm/character/_kit/head/head_607_m/head_607_m_low_nrm.tex.760230703 (deflate)
Wrote re_chunk_000.pak.patch_055\natives/stm/character/_kit/_equipment/facewear/033/hl_033_0_1_nrmr.tex.760230703 (deflate)
Wrote re_chunk_000.pak.patch_055\natives/stm/streaming/character/_kit/body/body_606_m/hand_606_m_high_nrmr.tex.760230703 (deflate)
Wrote re_chunk_000.pak.patch_055\natives/stm/streaming/character/wp/wp03/012/wp03_012_0_0_nrmr.tex.760230703 (deflate)
Wrote re_chunk_000.pak.patch_055\natives/stm/character/_kit/body/body_219_m/body_219_m_low_nrm.tex.760230703 (deflate)
Wrote re_chunk_000.pak.patch_055\natives/stm/character/wp/wp03/000/wp03_000_0_0_nrmr.tex.760230703 (deflate)
Wrote re_chunk_000.pak.patch_055\natives/stm/streaming/character/ch/ch50_000/ch50_000_body2_nrmr.tex.760230703 (deflate)
Wrote re_chunk_000.pak.patch_055\natives/stm/streaming/character/ch/ch99_003/ch99_003_body_a_eyeflatten_nrmr.tex.760230703 (deflate)
Wrote re_chunk_000.pak.patch_055\natives/stm/streaming/character/_kit/_equipment/tops/532/bd_532_0_3_nrmr.tex.760230703 (deflate)
Wrote re_chunk_000.pak.patch_055\natives/stm/streaming/character/_kit/beard/beard_005/band_005_nrmr.tex.760230703 (deflate)
Wrote re_chunk_000.pak.patch_055\natives/stm/streaming/character/_kit/_equipment/pants/309/lg_309_0_0_nrmr.tex.760230703 (deflate)
Wrote re_chunk_000.pak.patch_055\natives/stm/streaming/character/_kit/_equipment/tops/516/embroidery_03_nrmr.tex.760230703 (deflate)
Wrote re_chunk_000.pak.patch_055\natives/stm/character/ch/ch21_000/ch21_000_atlasblendtail_nrmr.tex.760230703 (deflate)
Wrote re_chunk_000.pak.patch_055\natives/stm/character/_kit/hair/hair_027/hair_027_nrmr.tex.760230703 (deflate)
Wrote re_chunk_000.pak.patch_055\natives/stm/character/_kit/_equipment/tops/285/bd_285_0_4_nrmr.tex.760230703 (deflate)
Wrote re_chunk_000.pak.patch_055\natives/stm/streaming/character/_kit/body/body_602_f/body_602_f_high_nrmr.tex.760230703 (deflate)
Wrote re_chunk_000.pak.patch_055\natives/stm/streaming/vfx/texture/meat/13_meat_001_00_nrmr.tex.760230703 (deflate)
Wrote re_chunk_000.pak.patch_055\natives/stm/character/_kit/body/body_213_f/hand_213_f_high_nrmr.tex.760230703 (deflate)
Wrote re_chunk_000.pak.patch_055\natives/stm/character/_kit/_equipment/tops/500/wb_500_0_0_nrmr.tex.760230703 (deflate)
Wrote re_chunk_000.pak.patch_055\natives/stm/character/ch/ch53_001/ch53_001_face_nrmr.tex.760230703 (deflate)
Wrote re_chunk_000.pak.patch_055\natives/stm/character/wp/wp00/019/wp00_019_0_0_nrmr.tex.760230703 (deflate)
Wrote re_chunk_000.pak.patch_055\natives/stm/character/_kit/beard/beard_140/beard_140_fake_nrmr.tex.760230703 (deflate)
Wrote re_chunk_000.pak.patch_055\natives/stm/character/_kit/_equipment/tops/050/bd_050_0_3_nrmr.tex.760230703 (deflate)
Wrote re_chunk_000.pak.patch_055\natives/stm/streaming/character/_kit/_equipment/tops/529/bd_529_0_1_nrmr.tex.760230703 (deflate)
Wrote re_chunk_000.pak.patch_055\natives/stm/character/_kit/body/body_608_m/body_608_m_high_nrmr.tex.760230703 (deflate)
Wrote re_chunk_000.pak.patch_055\natives/stm/streaming/character/_kit/hair/hair_003/hair_003_nrmr.tex.760230703 (deflate)
Wrote re_chunk_000.pak.patch_055\natives/stm/character/_kit/_equipment/mantle/006/mt_006_0_0_nrmr.tex.760230703 (deflate)
Wrote re_chunk_000.pak.patch_055\natives/stm/vfx/mesh/player/ch06/13_meteor_000_01_rockmat_nrmr.tex.760230703 (deflate)
Wrote re_chunk_000.pak.patch_055\natives/stm/character/ch/ch21_001/ch21_001_eye_nrmr.tex.760230703 (deflate)
Wrote re_chunk_000.pak.patch_055\natives/stm/streaming/character/wp/wp00/000/wp00_000_0_0_nrmr.tex.760230703 (deflate)
Wrote re_chunk_000.pak.patch_055\natives/stm/streaming/character/_kit/_equipment/tops/533/am_533_0_0_nrmr.tex.760230703 (deflate)
Wrote re_chunk_000.pak.patch_055\natives/stm/streaming/character/_kit/_equipment/tops/811/embroidery_811_1_nrmr.tex.760230703 (deflate)
Wrote re_chunk_000.pak.patch_055\natives/stm/character/_kit/_equipment/pants/803/lg_803_0_0_nrmr.tex.760230703 (deflate)
Wrote re_chunk_000.pak.patch_055\natives/stm/streaming/character/_kit/head/head_605_m/head_605_m_high_nrmr.tex.760230703 (deflate)
Wrote re_chunk_000.pak.patch_055\natives/stm/character/_kit/_equipment/mantle/803/mt_803_0_0_nrmr.tex.760230703 (deflate)
Wrote re_chunk_000.pak.patch_055\natives/stm/character/_kit/head/head_004_f/head_004_f_high_nrmr.tex.760230703 (deflate)
Wrote re_chunk_000.pak.patch_055\natives/stm/character/_kit/_equipment/_common/bt_004_0_1_nrmr.tex.760230703 (deflate)
Wrote re_chunk_000.pak.patch_055\natives/stm/streaming/character/_kit/hair/hair_018/haircap_018_nrmr.tex.760230703 (deflate)
Wrote re_chunk_000.pak.patch_055\natives/stm/character/_kit/_equipment/tops/527/bd_527_0_0_nrmr.tex.760230703 (deflate)
Wrote re_chunk_000.pak.patch_055\natives/stm/streaming/character/_kit/beard/beard_812/beard_812_fake_nrmr.tex.760230703 (deflate)
Wrote re_chunk_000.pak.patch_055\natives/stm/streaming/character/_kit/_equipment/tops/506/wb_506_0_0_nrmr.tex.760230703 (deflate)
Wrote re_chunk_000.pak.patch_055\natives/stm/streaming/character/_kit/_equipment/helm/631/hl_631_0_1_nrmr.tex.760230703 (deflate)
Wrote re_chunk_000.pak.patch_055\natives/stm/character/_kit/hair/hair_048/hair_048_nrmr.tex.760230703 (deflate)
Wrote re_chunk_000.pak.patch_055\natives/stm/character/_kit/head/head_605_m/head_605_m_high_nrmr.tex.760230703 (deflate)
Wrote re_chunk_000.pak.patch_055\natives/stm/vfx/texture/gimmick/gm81_116/13_gm81_116_tornado_01_nrmr.tex.760230703 (deflate)
Wrote re_chunk_000.pak.patch_055\natives/stm/character/ch/ch99_221/ch99_221_body_a_nrmr.tex.760230703 (deflate)
Wrote re_chunk_000.pak.patch_055\natives/stm/streaming/character/_kit/head/head_208_m/head_208_m_low_nrm.tex.760230703 (deflate)
Wrote re_chunk_000.pak.patch_055\natives/stm/streaming/character/_kit/_equipment/mantle/806/mt_806_0_1_nrmr.tex.760230703 (deflate)
Wrote re_chunk_000.pak.patch_055\natives/stm/streaming/character/_kit/_equipment/tops/805/lace_805_0_1_nrmr.tex.760230703 (deflate)
Wrote re_chunk_000.pak.patch_055\natives/stm/character/ch/ch52_000/ch52_000_body4_nrmr.tex.760230703 (deflate)
Wrote re_chunk_000.pak.patch_055\natives/stm/streaming/character/wp/wp03/009/wp03_009_0_0_nrmr.tex.760230703 (deflate)
Wrote re_chunk_000.pak.patch_055\natives/stm/character/_kit/_equipment/mantle/019/mt_019_0_0_nrmr.tex.760230703 (deflate)
Wrote re_chunk_000.pak.patch_055\natives/stm/character/_kit/hair/hair_062/haircap_062_nrmr.tex.760230703 (deflate)
Wrote re_chunk_000.pak.patch_055\natives/stm/character/_kit/_equipment/pants/265/lg_265_0_0_nrmr.tex.760230703 (deflate)
Wrote re_chunk_000.pak.patch_055\natives/stm/streaming/character/wp/wp09/003/wp09_003_0_0_nrmr.tex.760230703 (deflate)
Wrote re_chunk_000.pak.patch_055\natives/stm/streaming/character/_kit/_equipment/tops/278/am_278_0_1_nrmr.tex.760230703 (deflate)
Wrote re_chunk_000.pak.patch_055\natives/stm/character/_kit/_equipment/pants/823/lg_823_0_1_nrmr.tex.760230703 (deflate)
Wrote re_chunk_000.pak.patch_055\natives/stm/streaming/character/_kit/beard/beard_124/beard_124_nrmr.tex.760230703 (deflate)
Wrote re_chunk_000.pak.patch_055\natives/stm/streaming/character/ch/ch26_000/eq26_000_04/eq26_000_04_2_nrmr.tex.760230703 (deflate)
Wrote re_chunk_000.pak.patch_055\natives/stm/character/wp/wp02/005/wp02_005_0_0_nrmr.tex.760230703 (deflate)
Wrote re_chunk_000.pak.patch_055\natives/stm/character/wp/wp11/005/wp11_005_nrmr.tex.760230703 (deflate)
Wrote re_chunk_000.pak.patch_055\natives/stm/streaming/character/_kit/_equipment/tops/537/am_537_0_0_nrmr.tex.760230703 (deflate)
Wrote re_chunk_000.pak.patch_055\natives/stm/character/_kit/_equipment/tops/516/wb_516_0_2_nrmr.tex.760230703 (deflate)
Wrote re_chunk_000.pak.patch_055\natives/stm/streaming/character/_kit/_equipment/tops/015/bd_015_0_1_nrmr.tex.760230703 (deflate)
Wrote re_chunk_000.pak.patch_055\natives/stm/character/_kit/head/head_820_m/head_820_m_low_nrm.tex.760230703 (deflate)
Wrote re_chunk_000.pak.patch_055\natives/stm/character/_kit/_equipment/tops/221/wb_221_0_0_nrmr.tex.760230703 (deflate)
Wrote re_chunk_000.pak.patch_055\natives/stm/character/_kit/body/body_210_f/hand_210_f_high_nrmr.tex.760230703 (deflate)
Wrote re_chunk_000.pak.patch_055\natives/stm/character/_kit/_equipment/mantle/809/mt_809_0_0_nrmr.tex.760230703 (deflate)
Wrote re_chunk_000.pak.patch_055\natives/stm/streaming/character/_kit/_equipment/tops/003/bd_003_0_0_nrmr.tex.760230703 (deflate)
Wrote re_chunk_000.pak.patch_055\natives/stm/character/_kit/hair/hair_017/hair_017_fake_nrmr.tex.760230703 (deflate)
Wrote re_chunk_000.pak.patch_055\natives/stm/character/_kit/hair/hair_026/himo_nrmr.tex.760230703 (deflate)
Wrote re_chunk_000.pak.patch_055\natives/stm/character/_kit/_equipment/pants/004/wl_004_0_0_nrmr.tex.760230703 (deflate)
Wrote re_chunk_000.pak.patch_055\natives/stm/streaming/character/_kit/hair/hair_016/hair_016_nrmr.tex.760230703 (deflate)
Wrote re_chunk_000.pak.patch_055\natives/stm/streaming/character/_kit/head/head_205_f/head_205_f_high_nrmr.tex.760230703 (deflate)
Wrote re_chunk_000.pak.patch_055\natives/stm/streaming/character/_kit/_equipment/tops/035/wb_035_0_0_m_nrmr.tex.760230703 (deflate)
Wrote re_chunk_000.pak.patch_055\natives/stm/streaming/character/_kit/_equipment/helm/540/hl_540_0_0_nrmr.tex.760230703 (deflate)
Wrote re_chunk_000.pak.patch_055\natives/stm/streaming/character/_kit/body/body_610_m/hand_610_m_low_nrm.tex.760230703 (deflate)
Wrote re_chunk_000.pak.patch_055\natives/stm/streaming/character/_kit/head/head_222_f/head_222_f_low_nrm.tex.760230703 (deflate)
Wrote re_chunk_000.pak.patch_055\natives/stm/character/_kit/_equipment/tops/036/bd_036_0_0_nrmr.tex.760230703 (deflate)
Wrote re_chunk_000.pak.patch_055\natives/stm/streaming/character/_kit/_equipment/tops/835/pattern_knittedleather_835_nrmr.tex.760230703 (deflate)
Wrote re_chunk_000.pak.patch_055\natives/stm/streaming/character/_kit/_equipment/tops/838/am_838_0_0_nrmr.tex.760230703 (deflate)
Wrote re_chunk_000.pak.patch_055\natives/stm/streaming/character/ch/ch28_000/body/body_900_m/body_900_m_nrmr.tex.760230703 (deflate)
Wrote re_chunk_000.pak.patch_055\natives/stm/streaming/character/_kit/_equipment/pants/242/lg_242_0_0_nrmr.tex.760230703 (deflate)
Wrote re_chunk_000.pak.patch_055\natives/stm/streaming/character/ch/ch28_000/head/head_900_f/head_900_f_nrmr.tex.760230703 (deflate)
Wrote re_chunk_000.pak.patch_055\natives/stm/streaming/environment/textures/tx_030_nrmr.tex.760230703 (deflate)
Wrote re_chunk_000.pak.patch_055\natives/stm/streaming/character/_kit/body/body_220_m/hand_220_m_high_nrmr.tex.760230703 (deflate)
Wrote re_chunk_000.pak.patch_055\natives/stm/character/_kit/_equipment/tops/036/am_036_0_1_nrmr.tex.760230703 (deflate)
Wrote re_chunk_000.pak.patch_055\natives/stm/streaming/character/_kit/hair/hair_015/hair_015_fake_nrmr.tex.760230703 (deflate)
Wrote re_chunk_000.pak.patch_055\natives/stm/streaming/character/_kit/_equipment/tops/532/wb_532_0_0_nrmr.tex.760230703 (deflate)
Wrote re_chunk_000.pak.patch_055\natives/stm/character/_kit/_equipment/mantle/019/mt_019_0_1_nrmr.tex.760230703 (deflate)
Wrote re_chunk_000.pak.patch_055\natives/stm/character/_kit/body/body_202_f/hand_202_f_low_nrm.tex.760230703 (deflate)
Wrote re_chunk_000.pak.patch_055\natives/stm/character/ch/ch21_003/ch21_003_eye_nrmr.tex.760230703 (deflate)
Wrote re_chunk_000.pak.patch_055\natives/stm/streaming/character/_kit/_equipment/helm/050/hl_050_0_0_nrmr.tex.760230703 (deflate)
Wrote re_chunk_000.pak.patch_055\natives/stm/character/_kit/head/head_211_m/head_211_m_high_nrmr.tex.760230703 (deflate)
Wrote re_chunk_000.pak.patch_055\natives/stm/streaming/character/_kit/_equipment/helm/507/hl_507_0_0_nrmr.tex.760230703 (deflate)
Wrote re_chunk_000.pak.patch_055\natives/stm/streaming/character/ch/ch26_000/wp26_000_20/wp26_000_20_00_1_nrmr.tex.760230703 (deflate)
Wrote re_chunk_000.pak.patch_055\natives/stm/streaming/character/_kit/head/head_213_m/head_213_m_high_nrmr.tex.760230703 (deflate)
Wrote re_chunk_000.pak.patch_055\natives/stm/streaming/character/_kit/_equipment/tops/035/wb_035_0_3_f_nrmr.tex.760230703 (deflate)
Wrote re_chunk_000.pak.patch_055\natives/stm/character/_kit/beard/beard_110/beard_110_fake_nrmr.tex.760230703 (deflate)
Wrote re_chunk_000.pak.patch_055\natives/stm/character/ch/ch21_004/ch21_004_body_nrmr.tex.760230703 (deflate)
Wrote re_chunk_000.pak.patch_055\natives/stm/streaming/character/ch/ch53_001/ch53_001_angryface_nrmr.tex.760230703 (deflate)
Wrote re_chunk_000.pak.patch_055\natives/stm/character/_kit/_equipment/tops/533/am_533_0_0_nrmr.tex.760230703 (deflate)
Wrote re_chunk_000.pak.patch_055\natives/stm/streaming/character/ch/ch26_000/eq26_000_04/eq26_000_04_0_nrmr.tex.760230703 (deflate)
Wrote re_chunk_000.pak.patch_055\natives/stm/streaming/character/wp/wp08/006/wp08_006_0_0_nrmr.tex.760230703 (deflate)
Wrote re_chunk_000.pak.patch_055\natives/stm/streaming/character/ch/ch99_420/ch99_420_body_a_nrmr.tex.760230703 (deflate)
Wrote re_chunk_000.pak.patch_055\natives/stm/character/_kit/body/body_211_f/body_211_f_high_nrmr.tex.760230703 (deflate)
Wrote re_chunk_000.pak.patch_055\natives/stm/streaming/character/_kit/_equipment/helm/503/hl_503_0_0_nrmr.tex.760230703 (deflate)
Wrote re_chunk_000.pak.patch_055\natives/stm/character/_kit/body/body_217_f/body_217_f_high_nrmr.tex.760230703 (deflate)
Wrote re_chunk_000.pak.patch_055\natives/stm/streaming/character/_kit/body/body_205_f/hand_205_f_high_nrmr.tex.760230703 (deflate)
Wrote re_chunk_000.pak.patch_055\natives/stm/streaming/materiallibrary/original/surface/wood_oldgrain_00_001/wood_oldgrain_00_001_nrmr.tex.760230703 (deflate)
Wrote re_chunk_000.pak.patch_055\natives/stm/character/it/it10/005/it10_005_0_0_nrmr.tex.760230703 (deflate)
Wrote re_chunk_000.pak.patch_055\natives/stm/character/_kit/hair/hair_039/hair_039_nrmr.tex.760230703 (deflate)
Wrote re_chunk_000.pak.patch_055\natives/stm/streaming/character/wp/wp08/010/wp08_010_0_0_nrmr.tex.760230703 (deflate)
Wrote re_chunk_000.pak.patch_055\natives/stm/streaming/character/ch/ch20_003/helm/03/eq20_003_03_hl_1_nrmr.tex.760230703 (deflate)
Wrote re_chunk_000.pak.patch_055\natives/stm/character/_kit/body/body_222_f/body_222_f_high_nrmr.tex.760230703 (deflate)
Wrote re_chunk_000.pak.patch_055\natives/stm/environment/textures/tx_024_a_nrmr.tex.760230703 (deflate)
Wrote re_chunk_000.pak.patch_055\natives/stm/character/_kit/body/body_206_m/body_206_m_high_nrmr.tex.760230703 (deflate)
Wrote re_chunk_000.pak.patch_055\natives/stm/streaming/character/_kit/body/body_202_m/body_202_m_high_nrmr.tex.760230703 (deflate)
Wrote re_chunk_000.pak.patch_055\natives/stm/streaming/character/_kit/body/body_004_m/hand_004_m_low_nrm.tex.760230703 (deflate)
Wrote re_chunk_000.pak.patch_055\natives/stm/streaming/character/_kit/_equipment/helm/253/hl_253_0_0_nrmr.tex.760230703 (deflate)
Wrote re_chunk_000.pak.patch_055\natives/stm/streaming/character/_kit/_equipment/tops/830/bd_830_0_0_nrmr.tex.760230703 (deflate)
Wrote re_chunk_000.pak.patch_055\natives/stm/character/_kit/body/body_001_m/hand_001_m_low_nrm.tex.760230703 (deflate)
Wrote re_chunk_000.pak.patch_055\natives/stm/streaming/character/wp/wp06/001/wp06_001_0_0_nrmr.tex.760230703 (deflate)
Wrote re_chunk_000.pak.patch_055\natives/stm/character/wp/wp00/015/wp00_015_0_0_nrmr.tex.760230703 (deflate)
Wrote re_chunk_000.pak.patch_055\natives/stm/character/ch/ch59_000/ch59_000_other_nrmr.tex.760230703 (deflate)
Wrote re_chunk_000.pak.patch_055\natives/stm/character/_kit/_equipment/tops/817/bd_817_0_1_nrmr.tex.760230703 (deflate)
Wrote re_chunk_000.pak.patch_055\natives/stm/character/_kit/_equipment/tops/048/wb_048_0_0_nrmr.tex.760230703 (deflate)
Wrote re_chunk_000.pak.patch_055\natives/stm/streaming/character/_kit/_equipment/tops/804/bd_804_0_2_nrmr.tex.760230703 (deflate)
Wrote re_chunk_000.pak.patch_055\natives/stm/character/ch/ch59_000/ch59_000_head_nrmr.tex.760230703 (deflate)
Wrote re_chunk_000.pak.patch_055\natives/stm/character/_kit/_equipment/pants/625/lg_625_0_0_nrmr.tex.760230703 (deflate)
Wrote re_chunk_000.pak.patch_055\natives/stm/character/_kit/_equipment/pants/211/lg_211_0_1_nrmr.tex.760230703 (deflate)
Wrote re_chunk_000.pak.patch_055\natives/stm/streaming/character/wp/wp04/016/wp04_016_0_0_nrmr.tex.760230703 (deflate)
Wrote re_chunk_000.pak.patch_055\natives/stm/streaming/character/_kit/_equipment/tops/225/wb_225_0_0_nrmr.tex.760230703 (deflate)
Wrote re_chunk_000.pak.patch_055\natives/stm/streaming/character/_kit/beard/beard_142/beard_142_fake_nrmr.tex.760230703 (deflate)
Wrote re_chunk_000.pak.patch_055\natives/stm/character/_kit/body/body_003_m/hand_003_m_high_nrmr.tex.760230703 (deflate)
Wrote re_chunk_000.pak.patch_055\natives/stm/character/_kit/_equipment/tops/630/bd_630_0_4_nrmr.tex.760230703 (deflate)
Wrote re_chunk_000.pak.patch_055\natives/stm/streaming/character/ch/ch20_001/wp20_001_02/wp20_001_02_0_nrmr.tex.760230703 (deflate)
Wrote re_chunk_000.pak.patch_055\natives/stm/streaming/character/_kit/_equipment/pants/823/lg_823_0_1_nrmr.tex.760230703 (deflate)
Wrote re_chunk_000.pak.patch_055\natives/stm/environment/textures/tx_039_nrmr.tex.760230703 (deflate)
Wrote re_chunk_000.pak.patch_055\natives/stm/streaming/character/_kit/_equipment/mantle/831/mt_831_0_1_nrmr.tex.760230703 (deflate)
Wrote re_chunk_000.pak.patch_055\natives/stm/character/_kit/_equipment/tops/631/am_631_0_0_nrmr.tex.760230703 (deflate)
Wrote re_chunk_000.pak.patch_055\natives/stm/streaming/character/_kit/body/body_608_f/body_608_f_high_nrmr.tex.760230703 (deflate)
Wrote re_chunk_000.pak.patch_055\natives/stm/character/_kit/head/head_607_m/head_607_m_high_nrmr.tex.760230703 (deflate)
Wrote re_chunk_000.pak.patch_055\natives/stm/character/_kit/_equipment/tops/274/wb_274_0_1_nrmr.tex.760230703 (deflate)
Wrote re_chunk_000.pak.patch_055\natives/stm/character/_kit/body/body_211_m/hand_211_m_high_nrmr.tex.760230703 (deflate)
Wrote re_chunk_000.pak.patch_055\natives/stm/streaming/character/_kit/beard/beard_000/beard_000_fake_nrmr.tex.760230703 (deflate)
Wrote re_chunk_000.pak.patch_055\natives/stm/character/wp/wp01/008/wp01_008_0_0_nrmr.tex.760230703 (deflate)
Wrote re_chunk_000.pak.patch_055\natives/stm/streaming/character/ch/ch99_210/ch99_210_body_a_eyeflatten_nrmr.tex.760230703 (deflate)
Wrote re_chunk_000.pak.patch_055\natives/stm/streaming/character/_kit/_equipment/tops/017/bd_017_0_1_nrmr.tex.760230703 (deflate)
Wrote re_chunk_000.pak.patch_055\natives/stm/character/_kit/body/body_206_m/hand_206_m_high_nrmr.tex.760230703 (deflate)
Wrote re_chunk_000.pak.patch_055\natives/stm/character/ch/ch28_000/hair/hair_909/hair_909_nrmr.tex.760230703 (deflate)
Wrote re_chunk_000.pak.patch_055\natives/stm/streaming/character/_kit/_equipment/backpack/backpack_500/backpack_500_0_1_nrmr.tex.760230703 (deflate)
Wrote re_chunk_000.pak.patch_055\natives/stm/character/_kit/body/body_220_m/hand_220_m_high_nrmr.tex.760230703 (deflate)
Wrote re_chunk_000.pak.patch_055\natives/stm/streaming/character/ch/ch52_000/ch52_000_body5_nrmr.tex.760230703 (deflate)
Wrote re_chunk_000.pak.patch_055\natives/stm/streaming/character/_kit/_equipment/pants/839/lg_839_0_1_nrmr.tex.760230703 (deflate)
Wrote re_chunk_000.pak.patch_055\natives/stm/character/_kit/_equipment/_common/bt_003_0_0_nrmr.tex.760230703 (deflate)
Wrote re_chunk_000.pak.patch_055\natives/stm/character/_kit/_equipment/tops/210/am_210_0_2_nrmr.tex.760230703 (deflate)
Wrote re_chunk_000.pak.patch_055\natives/stm/streaming/character/ch/ch26_000/wp26_000_00/wp26_000_00_0_nrmr.tex.760230703 (deflate)
Wrote re_chunk_000.pak.patch_055\natives/stm/streaming/character/_kit/_equipment/tops/008/bd_008_0_0_nrmr.tex.760230703 (deflate)
Wrote re_chunk_000.pak.patch_055\natives/stm/streaming/character/_kit/_equipment/helm/042/hl_042_0_0_nrmr.tex.760230703 (deflate)
Wrote re_chunk_000.pak.patch_055\natives/stm/streaming/character/_kit/body/body_217_f/hand_217_f_high_nrmr.tex.760230703 (deflate)
Wrote re_chunk_000.pak.patch_055\natives/stm/character/ch/ch22_002/ch22_002_body_nrmr.tex.760230703 (deflate)
Wrote re_chunk_000.pak.patch_055\natives/stm/character/ch/ch20_002/wp20_002_22/wp20_002_22_0_nrmr.tex.760230703 (deflate)
Wrote re_chunk_000.pak.patch_055\natives/stm/streaming/character/_kit/_equipment/tops/237/bd_237_0_3_nrmr.tex.760230703 (deflate)
Wrote re_chunk_000.pak.patch_055\natives/stm/streaming/character/ch/ch26_000/eq26_000_03/eq26_000_03_1_nrmr.tex.760230703 (deflate)
Wrote re_chunk_000.pak.patch_055\natives/stm/character/_kit/_equipment/tops/221/am_221_0_1_nrmr.tex.760230703 (deflate)
Wrote re_chunk_000.pak.patch_055\natives/stm/streaming/character/_kit/beard/beard_120/beard_120_fake_nrmr.tex.760230703 (deflate)
Wrote re_chunk_000.pak.patch_055\natives/stm/character/_kit/_equipment/pants/012/lg_012_0_0_nrmr.tex.760230703 (deflate)
Wrote re_chunk_000.pak.patch_055\natives/stm/streaming/character/wp/wp04/017/wp04_017_0_0_nrmr.tex.760230703 (deflate)
Wrote re_chunk_000.pak.patch_055\natives/stm/streaming/character/ch/ch28_000/head/head_902_m/head_902_m_nrmr.tex.760230703 (deflate)
Wrote re_chunk_000.pak.patch_055\natives/stm/character/wp/wp08/005/wp08_005_0_0_nrmr.tex.760230703 (deflate)
Wrote re_chunk_000.pak.patch_055\natives/stm/character/_kit/_equipment/tops/828/bd_828_0_1_nrmr.tex.760230703 (deflate)
Wrote re_chunk_000.pak.patch_055\natives/stm/character/_kit/body/body_216_m/body_216_m_high_nrmr.tex.760230703 (deflate)
Wrote re_chunk_000.pak.patch_055\natives/stm/streaming/character/_kit/_equipment/pants/833/lg_833_0_0_nrmr.tex.760230703 (deflate)
Wrote re_chunk_000.pak.patch_055\natives/stm/streaming/character/_kit/body/body_205_m/body_205_m_low_nrm.tex.760230703 (deflate)
Wrote re_chunk_000.pak.patch_055\natives/stm/streaming/environment/textures/sm82_052_nrmr.tex.760230703 (deflate)
Wrote re_chunk_000.pak.patch_055\natives/stm/character/_kit/head/head_600_m/head_600_m_low_nrm.tex.760230703 (deflate)
Wrote re_chunk_000.pak.patch_055\natives/stm/character/ch/ch28_000/head/head_910_m/eye_910_eyeflatten_nrmr.tex.760230703 (deflate)
Wrote re_chunk_000.pak.patch_055\natives/stm/streaming/character/_kit/_equipment/tops/020/am_020_0_1_nrmr.tex.760230703 (deflate)
Wrote re_chunk_000.pak.patch_055\natives/stm/streaming/character/_kit/_equipment/tops/504/bd_504_0_0_nrmr.tex.760230703 (deflate)
Wrote re_chunk_000.pak.patch_055\natives/stm/character/_kit/_equipment/tops/523/wb_523_0_0_nrmr.tex.760230703 (deflate)
Wrote re_chunk_000.pak.patch_055\natives/stm/streaming/character/_kit/body/body_003_f/hand_003_f_low_nrm.tex.760230703 (deflate)
Wrote re_chunk_000.pak.patch_055\natives/stm/character/_kit/_equipment/tops/315/wb_315_0_0_nrmr.tex.760230703 (deflate)
Wrote re_chunk_000.pak.patch_055\natives/stm/streaming/character/_kit/body/body_202_f/body_202_f_low_nrm.tex.760230703 (deflate)
Wrote re_chunk_000.pak.patch_055\natives/stm/character/_kit/_equipment/helm/247/helm_247_01_nrmr.tex.760230703 (deflate)
Wrote re_chunk_000.pak.patch_055\natives/stm/streaming/character/_kit/_equipment/tops/011/bd_011_0_3_nrmr.tex.760230703 (deflate)
Wrote re_chunk_000.pak.patch_055\natives/stm/character/_kit/_equipment/tops/506/bd_506_0_6_nrmr.tex.760230703 (deflate)
Wrote re_chunk_000.pak.patch_055\natives/stm/streaming/character/wp/wp00/011/wp00_011_0_0_nrmr.tex.760230703 (deflate)
Wrote re_chunk_000.pak.patch_055\natives/stm/streaming/character/_kit/head/head_220_m/head_220_m_high_nrmr.tex.760230703 (deflate)
Wrote re_chunk_000.pak.patch_055\natives/stm/character/_kit/_equipment/helm/278/hl_278_0_0_nrmr.tex.760230703 (deflate)
Wrote re_chunk_000.pak.patch_055\natives/stm/character/ch/ch22_003/ch22_003_body_nrmr.tex.760230703 (deflate)
Wrote re_chunk_000.pak.patch_055\natives/stm/character/_kit/body/body_600_f/body_600_f_low_nrm.tex.760230703 (deflate)
Wrote re_chunk_000.pak.patch_055\natives/stm/character/ch/ch51_000/ch51_000_fur_nrmr.tex.760230703 (deflate)
Wrote re_chunk_000.pak.patch_055\natives/stm/character/_kit/_equipment/tops/017/bd_017_0_2_nrmr.tex.760230703 (deflate)
Wrote re_chunk_000.pak.patch_055\natives/stm/character/_kit/_equipment/pants/517/wl_517_0_0_nrmr.tex.760230703 (deflate)
Wrote re_chunk_000.pak.patch_055\natives/stm/streaming/character/_kit/_equipment/tops/532/bd_532_0_1_nrmr.tex.760230703 (deflate)
Wrote re_chunk_000.pak.patch_055\natives/stm/character/_kit/body/body_601_m/body_601_m_low_nrm.tex.760230703 (deflate)
Wrote re_chunk_000.pak.patch_055\natives/stm/streaming/character/_kit/_equipment/mantle/529/mt_529_0_0_nrmr.tex.760230703 (deflate)
Wrote re_chunk_000.pak.patch_055\natives/stm/streaming/character/_kit/body/body_216_m/body_216_m_low_nrm.tex.760230703 (deflate)
Wrote re_chunk_000.pak.patch_055\natives/stm/streaming/character/_kit/_equipment/tops/622/am_622_0_0_nrmr.tex.760230703 (deflate)
Wrote re_chunk_000.pak.patch_055\natives/stm/streaming/character/ch/ch56_000/ch56_000_eye_nrmr.tex.760230703 (deflate)
Wrote re_chunk_000.pak.patch_055\natives/stm/streaming/character/_kit/_equipment/tops/541/wb_541_0_0_nrmr.tex.760230703 (deflate)
Wrote re_chunk_000.pak.patch_055\natives/stm/character/_kit/_equipment/tops/823/wb_823_0_2_nrmr.tex.760230703 (deflate)
Wrote re_chunk_000.pak.patch_055\natives/stm/streaming/character/ch/ch55_000/ch55_000_face_nrmr.tex.760230703 (deflate)
Wrote re_chunk_000.pak.patch_055\natives/stm/character/_kit/body/body_203_m/hand_203_m_low_nrm.tex.760230703 (deflate)
Wrote re_chunk_000.pak.patch_055\natives/stm/character/_kit/_equipment/tops/242/bd_242_0_1_nrmr.tex.760230703 (deflate)
Wrote re_chunk_000.pak.patch_055\natives/stm/streaming/character/_kit/_equipment/tops/011/am_011_0_1_nrmr.tex.760230703 (deflate)
Wrote re_chunk_000.pak.patch_055\natives/stm/streaming/character/_kit/_equipment/tops/035/am_035_0_0_m_nrmr.tex.760230703 (deflate)
Wrote re_chunk_000.pak.patch_055\natives/stm/streaming/character/_kit/_equipment/tops/520/wb_520_0_1_nrmr.tex.760230703 (deflate)
Wrote re_chunk_000.pak.patch_055\natives/stm/streaming/character/_kit/head/head_613_m/head_613_m_high_nrmr.tex.760230703 (deflate)
Wrote re_chunk_000.pak.patch_055\natives/stm/character/_kit/body/body_219_f/body_219_f_high_nrmr.tex.760230703 (deflate)
Wrote re_chunk_000.pak.patch_055\natives/stm/character/_kit/body/body_212_m/body_212_m_high_nrmr.tex.760230703 (deflate)
Wrote re_chunk_000.pak.patch_055\natives/stm/character/_kit/beard/beard_132/beard_132_fake_nrmr.tex.760230703 (deflate)
Wrote re_chunk_000.pak.patch_055\natives/stm/character/_kit/body/body_214_f/hand_214_f_high_nrmr.tex.760230703 (deflate)
Wrote re_chunk_000.pak.patch_055\natives/stm/streaming/character/_kit/hair/hair_036/hair_036_fake_nrmr.tex.760230703 (deflate)
Wrote re_chunk_000.pak.patch_055\natives/stm/streaming/character/_kit/_equipment/tops/211/am_211_0_1_nrmr.tex.760230703 (deflate)
Wrote re_chunk_000.pak.patch_055\natives/stm/character/ch/ch58_001/ch58_001_breakchest_nrmr.tex.760230703 (deflate)
Wrote re_chunk_000.pak.patch_055\natives/stm/streaming/character/_kit/_equipment/tops/813/am_813_0_0_nrmr.tex.760230703 (deflate)
Wrote re_chunk_000.pak.patch_055\natives/stm/streaming/character/_kit/_equipment/tops/009/wb_009_0_0_nrmr.tex.760230703 (deflate)
Wrote re_chunk_000.pak.patch_055\natives/stm/character/_kit/_equipment/tops/537/bd_537_0_0_nrmr.tex.760230703 (deflate)
Wrote re_chunk_000.pak.patch_055\natives/stm/character/_kit/body/body_215_f/hand_215_f_low_nrm.tex.760230703 (deflate)
Wrote re_chunk_000.pak.patch_055\natives/stm/character/ch/ch60_000/ch60_000_eyeflatten_nrmr.tex.760230703 (deflate)
Wrote re_chunk_000.pak.patch_055\natives/stm/character/_kit/body/body_217_m/body_217_m_low_nrm.tex.760230703 (deflate)
Wrote re_chunk_000.pak.patch_055\natives/stm/character/ch/ch22_002/ch22_002_head_nrmr.tex.760230703 (deflate)
Wrote re_chunk_000.pak.patch_055\natives/stm/character/_kit/body/body_604_m/hand_604_m_high_nrmr.tex.760230703 (deflate)
Wrote re_chunk_000.pak.patch_055\natives/stm/streaming/character/ch/ch59_000/ch59_000_lowerinner_nrmr.tex.760230703 (deflate)
Wrote re_chunk_000.pak.patch_055\natives/stm/streaming/character/_kit/hair/hair_005/hair_005_fake_nrmr.tex.760230703 (deflate)
Wrote re_chunk_000.pak.patch_055\natives/stm/streaming/character/_kit/head/head_213_m/head_213_m_low_nrm.tex.760230703 (deflate)
Wrote re_chunk_000.pak.patch_055\natives/stm/character/ch/ch57_001/ch57_001_nictitatingmembrane_nrmr.tex.760230703 (deflate)
Wrote re_chunk_000.pak.patch_055\natives/stm/streaming/character/_kit/body/body_821_f/hand_821_f_high_nrmr.tex.760230703 (deflate)
Wrote re_chunk_000.pak.patch_055\natives/stm/streaming/character/wp/wp06/008/wp06_008_0_0_nrmr.tex.760230703 (deflate)
Wrote re_chunk_000.pak.patch_055\natives/stm/character/_kit/head/head_602_m/head_602_m_low_nrm.tex.760230703 (deflate)
Wrote re_chunk_000.pak.patch_055\natives/stm/character/ch/ch26_000/eq26_000_04/eq26_000_04_8_nrmr.tex.760230703 (deflate)
Wrote re_chunk_000.pak.patch_055\natives/stm/streaming/character/_kit/_equipment/tops/017/bd_017_0_0_nrmr.tex.760230703 (deflate)
Wrote re_chunk_000.pak.patch_055\natives/stm/streaming/character/_kit/_equipment/tops/220/bd_220_0_2_nrmr.tex.760230703 (deflate)
Wrote re_chunk_000.pak.patch_055\natives/stm/streaming/character/_kit/_equipment/pants/502/lg_502_0_0_nrmr.tex.760230703 (deflate)
Wrote re_chunk_000.pak.patch_055\natives/stm/streaming/character/_kit/hair/hair_049/hair_049_nrmr.tex.760230703 (deflate)
Wrote re_chunk_000.pak.patch_055\natives/stm/streaming/character/_kit/_equipment/tops/814/bd_814_0_0_nrmr.tex.760230703 (deflate)
Wrote re_chunk_000.pak.patch_055\natives/stm/streaming/character/_kit/beard/beard_106/beard_106_fake_nrmr.tex.760230703 (deflate)
Wrote re_chunk_000.pak.patch_055\natives/stm/character/ch/ch54_000/ch54_000_face1_nrmr.tex.760230703 (deflate)
Wrote re_chunk_000.pak.patch_055\natives/stm/character/_kit/_equipment/facewear/529/hl_529_0_0_nrmr.tex.760230703 (deflate)
Wrote re_chunk_000.pak.patch_055\natives/stm/streaming/character/_kit/_equipment/mantle/828/mt_828_0_0_nrmr.tex.760230703 (deflate)
Wrote re_chunk_000.pak.patch_055\natives/stm/streaming/character/ch/ch22_000/ch22_000_body_nrmr.tex.760230703 (deflate)
Wrote re_chunk_000.pak.patch_055\natives/stm/character/_kit/_equipment/helm/041/hl_041_0_0_nrmr.tex.760230703 (deflate)
Wrote re_chunk_000.pak.patch_055\natives/stm/streaming/character/_kit/_equipment/pants/286/wl_286_0_0_nrmr.tex.760230703 (deflate)
Wrote re_chunk_000.pak.patch_055\natives/stm/character/_kit/_equipment/helm/047/047_embroidery_01_nrmr.tex.760230703 (deflate)
Wrote re_chunk_000.pak.patch_055\natives/stm/streaming/character/_kit/head/head_604_m/head_604_m_low_nrm.tex.760230703 (deflate)
Wrote re_chunk_000.pak.patch_055\natives/stm/character/_kit/_equipment/helm/276/hl_276_0_0_nrmr.tex.760230703 (deflate)
Wrote re_chunk_000.pak.patch_055\natives/stm/character/ch/ch99_010/ch99_010_body_a_eyeflatten_nrmr.tex.760230703 (deflate)
Wrote re_chunk_000.pak.patch_055\natives/stm/character/_kit/_equipment/tops/625/am_625_0_0_nrmr.tex.760230703 (deflate)
Wrote re_chunk_000.pak.patch_055\natives/stm/streaming/character/_kit/head/head_004_m/head_004_m_low_nrm.tex.760230703 (deflate)
Wrote re_chunk_000.pak.patch_055\natives/stm/streaming/character/ch/ch53_001/ch53_001_face_nrmr.tex.760230703 (deflate)
Wrote re_chunk_000.pak.patch_055\natives/stm/character/_kit/body/body_216_f/hand_216_f_high_nrmr.tex.760230703 (deflate)
Wrote re_chunk_000.pak.patch_055\natives/stm/streaming/character/_kit/body/body_201_m/body_201_m_high_nrmr.tex.760230703 (deflate)
Wrote re_chunk_000.pak.patch_055\natives/stm/character/_kit/_equipment/tops/236/wb_236_0_0_nrmr.tex.760230703 (deflate)
Wrote re_chunk_000.pak.patch_055\natives/stm/character/wp/wp06/010/wp06_010_0_0_nrmr.tex.760230703 (deflate)
Wrote re_chunk_000.pak.patch_055\natives/stm/character/_kit/body/body_215_f/body_215_f_high_nrmr.tex.760230703 (deflate)
Wrote re_chunk_000.pak.patch_055\natives/stm/streaming/character/_kit/_equipment/tops/038/bd_038_0_4_nrmr.tex.760230703 (deflate)
Wrote re_chunk_000.pak.patch_055\natives/stm/streaming/character/_kit/_equipment/tops/506/bd_506_0_3_nrmr.tex.760230703 (deflate)
Wrote re_chunk_000.pak.patch_055\natives/stm/character/_kit/body/body_820_m/body_820_m_high_nrmr.tex.760230703 (deflate)
Wrote re_chunk_000.pak.patch_055\natives/stm/character/ch/ch56_001/ch56_001_head_nrmr.tex.760230703 (deflate)
Wrote re_chunk_000.pak.patch_055\natives/stm/streaming/character/_kit/_equipment/tops/045/bd_045_0_1_nrmr.tex.760230703 (deflate)
Wrote re_chunk_000.pak.patch_055\natives/stm/vfx/texture/meat/13_meat_001_00_nrmr.tex.760230703 (deflate)
Wrote re_chunk_000.pak.patch_055\natives/stm/streaming/character/_kit/body/body_600_f/body_600_f_low_nrm.tex.760230703 (deflate)
Wrote re_chunk_000.pak.patch_055\natives/stm/character/_kit/hair/hair_023/haircap_023_nrmr.tex.760230703 (deflate)
Wrote re_chunk_000.pak.patch_055\natives/stm/character/_kit/_equipment/helm/011/hl_011_0_0_nrmr.tex.760230703 (deflate)
Wrote re_chunk_000.pak.patch_055\natives/stm/streaming/character/_kit/body/body_214_f/body_214_f_low_nrm.tex.760230703 (deflate)
Wrote re_chunk_000.pak.patch_055\natives/stm/character/_kit/head/head_215_f/head_215_f_high_nrmr.tex.760230703 (deflate)
Wrote re_chunk_000.pak.patch_055\natives/stm/streaming/character/ch/ch57_000/ch57_000_eye_nrmr.tex.760230703 (deflate)
Wrote re_chunk_000.pak.patch_055\natives/stm/streaming/character/ch/ch54_000/ch54_000_eyeflatten_nrmr.tex.760230703 (deflate)
Wrote re_chunk_000.pak.patch_055\natives/stm/character/_kit/eyebrows/eyebrows_003/eyebrows_003_skin_nrmr.tex.760230703 (deflate)
Wrote re_chunk_000.pak.patch_055\natives/stm/streaming/character/_kit/_equipment/pants/529/lg_529_0_0_nrmr.tex.760230703 (deflate)
Wrote re_chunk_000.pak.patch_055\natives/stm/streaming/character/_kit/_equipment/pants/622/lg_622_0_0_nrmr.tex.760230703 (deflate)
Wrote re_chunk_000.pak.patch_055\natives/stm/character/wp/wp03/008/wp03_008_0_0_nrmr.tex.760230703 (deflate)
Wrote re_chunk_000.pak.patch_055\natives/stm/character/_kit/_equipment/tops/006/bd_006_0_4_nrmr.tex.760230703 (deflate)
Wrote re_chunk_000.pak.patch_055\natives/stm/gui/model/ui06/01/04/ui06_04_01_wave_nrmr.tex.760230703 (deflate)
Wrote re_chunk_000.pak.patch_055\natives/stm/streaming/character/_kit/body/body_226_f/body_226_f_low_nrm.tex.760230703 (deflate)
Wrote re_chunk_000.pak.patch_055\natives/stm/streaming/character/_kit/body/body_204_f/hand_204_f_low_nrm.tex.760230703 (deflate)
Wrote re_chunk_000.pak.patch_055\natives/stm/character/_kit/_equipment/helm/038/hl_038_0_0_nrmr.tex.760230703 (deflate)
Wrote re_chunk_000.pak.patch_055\natives/stm/streaming/character/_kit/_equipment/pants/220/wl_220_0_0_nrmr.tex.760230703 (deflate)
Wrote re_chunk_000.pak.patch_055\natives/stm/character/_kit/_equipment/tops/236/wb_236_0_1_nrmr.tex.760230703 (deflate)
Wrote re_chunk_000.pak.patch_055\natives/stm/character/_kit/body/body_220_f/body_220_f_high_nrmr.tex.760230703 (deflate)
Wrote re_chunk_000.pak.patch_055\natives/stm/character/ch/ch54_001/ch54_001_body1_nrmr.tex.760230703 (deflate)
Wrote re_chunk_000.pak.patch_055\natives/stm/streaming/character/_kit/body/body_603_f/body_603_f_low_nrm.tex.760230703 (deflate)
Wrote re_chunk_000.pak.patch_055\natives/stm/character/_kit/head/head_201_m/head_201_m_high_nrmr.tex.760230703 (deflate)
Wrote re_chunk_000.pak.patch_055\natives/stm/character/_kit/_equipment/tops/529/wb_529_0_1_nrmr.tex.760230703 (deflate)
Wrote re_chunk_000.pak.patch_055\natives/stm/character/_kit/_equipment/mantle/036/mt_036_0_0_nrmr.tex.760230703 (deflate)
Wrote re_chunk_000.pak.patch_055\natives/stm/streaming/character/_kit/head/head_210_f/head_210_f_low_nrm.tex.760230703 (deflate)
Wrote re_chunk_000.pak.patch_055\natives/stm/streaming/character/_kit/hair/hair_804/hair_804_nrmr.tex.760230703 (deflate)
Wrote re_chunk_000.pak.patch_055\natives/stm/streaming/character/_kit/_equipment/tops/002/bd_002_0_0_nrmr.tex.760230703 (deflate)
Wrote re_chunk_000.pak.patch_055\natives/stm/character/_kit/hair/hair_009/hair_009_nrmr.tex.760230703 (deflate)
Wrote re_chunk_000.pak.patch_055\natives/stm/character/_kit/hair/hair_040/hair_040_fake_nrmr.tex.760230703 (deflate)
Wrote re_chunk_000.pak.patch_055\natives/stm/character/_kit/_equipment/tops/810/bd_810_0_1_nrmr.tex.760230703 (deflate)
Wrote re_chunk_000.pak.patch_055\natives/stm/character/_kit/_equipment/tops/801/bd_801_0_1_nrmr.tex.760230703 (deflate)
Wrote re_chunk_000.pak.patch_055\natives/stm/character/ch/ch53_010/ch53_010_weakpoint_nrmr.tex.760230703 (deflate)
Wrote re_chunk_000.pak.patch_055\natives/stm/streaming/character/_kit/_equipment/tops/007/bd_007_0_4_nrmr.tex.760230703 (deflate)
Wrote re_chunk_000.pak.patch_055\natives/stm/character/ch/ch99_020/ch99_020_body_a_eyeflatten_nrmr.tex.760230703 (deflate)
Wrote re_chunk_000.pak.patch_055\natives/stm/streaming/character/_kit/_equipment/pants/264/lg_264_0_0_nrmr.tex.760230703 (deflate)
Wrote re_chunk_000.pak.patch_055\natives/stm/streaming/character/_kit/head/head_603_m/head_603_m_low_nrm.tex.760230703 (deflate)
Wrote re_chunk_000.pak.patch_055\natives/stm/streaming/character/ch/ch20_003/mantle/05/eq20_003_05_mt_1_nrmr.tex.760230703 (deflate)
Wrote re_chunk_000.pak.patch_055\natives/stm/streaming/character/_kit/_equipment/tops/278/bd_278_0_1_nrmr.tex.760230703 (deflate)
Wrote re_chunk_000.pak.patch_055\natives/stm/character/ch/ch20_001/wp20_001_21/wp20_001_21_1_nrmr.tex.760230703 (deflate)
Wrote re_chunk_000.pak.patch_055\natives/stm/character/_kit/_equipment/tops/049/bd_049_0_2_nrmr.tex.760230703 (deflate)
Wrote re_chunk_000.pak.patch_055\natives/stm/character/_kit/body/body_001_m/body_001_m_high_nrmr.tex.760230703 (deflate)
Wrote re_chunk_000.pak.patch_055\natives/stm/streaming/character/_kit/_equipment/mantle/002/mt_002_0_1_nrmr.tex.760230703 (deflate)
Wrote re_chunk_000.pak.patch_055\natives/stm/streaming/character/_kit/body/body_212_f/hand_212_f_low_nrm.tex.760230703 (deflate)
Wrote re_chunk_000.pak.patch_055\natives/stm/character/_kit/_equipment/tops/036/bd_036_0_1_nrmr.tex.760230703 (deflate)
Wrote re_chunk_000.pak.patch_055\natives/stm/character/wp/wp05/003/wp05_003_0_0_nrmr.tex.760230703 (deflate)
Wrote re_chunk_000.pak.patch_055\natives/stm/character/_kit/_equipment/pants/530/lg_530_0_0_nrmr.tex.760230703 (deflate)
Wrote re_chunk_000.pak.patch_055\natives/stm/character/wp/wp03/011/wp03_011_0_0_nrmr.tex.760230703 (deflate)
Wrote re_chunk_000.pak.patch_055\natives/stm/streaming/character/_kit/_equipment/tops/022/bd_022_embroidery_nrmr.tex.760230703 (deflate)
Wrote re_chunk_000.pak.patch_055\natives/stm/character/_kit/_equipment/tops/286/wb_286_0_0_nrmr.tex.760230703 (deflate)
Wrote re_chunk_000.pak.patch_055\natives/stm/character/_kit/_equipment/mantle/632/mt_632_0_0_nrmr.tex.760230703 (deflate)
Wrote re_chunk_000.pak.patch_055\natives/stm/character/_kit/head/head_600_f/head_600_f_high_nrmr.tex.760230703 (deflate)
Wrote re_chunk_000.pak.patch_055\natives/stm/character/_kit/body/body_212_f/hand_212_f_low_nrm.tex.760230703 (deflate)
Wrote re_chunk_000.pak.patch_055\natives/stm/character/_kit/_equipment/tops/519/am_519_0_0_nrmr.tex.760230703 (deflate)
Wrote re_chunk_000.pak.patch_055\natives/stm/streaming/character/ch/ch22_000/ch22_000_feather_nrmr.tex.760230703 (deflate)
Wrote re_chunk_000.pak.patch_055\natives/stm/streaming/character/_kit/_equipment/tops/050/bd_050_0_3_nrmr.tex.760230703 (deflate)
Wrote re_chunk_000.pak.patch_055\natives/stm/streaming/character/_kit/body/body_208_m/hand_208_m_low_nrm.tex.760230703 (deflate)
Wrote re_chunk_000.pak.patch_055\natives/stm/streaming/character/_kit/_equipment/pants/222/wl_222_0_0_nrmr.tex.760230703 (deflate)
Wrote re_chunk_000.pak.patch_055\natives/stm/streaming/character/_kit/body/body_210_f/body_210_f_low_nrm.tex.760230703 (deflate)
Wrote re_chunk_000.pak.patch_055\natives/stm/streaming/character/_kit/body/body_604_m/body_604_m_high_nrmr.tex.760230703 (deflate)
Wrote re_chunk_000.pak.patch_055\natives/stm/streaming/character/_kit/body/body_220_f/hand_220_f_high_nrmr.tex.760230703 (deflate)
Wrote re_chunk_000.pak.patch_055\natives/stm/character/_kit/head/head_214_f/head_214_f_low_nrm.tex.760230703 (deflate)
Wrote re_chunk_000.pak.patch_055\natives/stm/streaming/character/_kit/_equipment/tops/048/bd_048_0_3_nrmr.tex.760230703 (deflate)
Wrote re_chunk_000.pak.patch_055\natives/stm/character/_kit/_equipment/pants/545/wl_545_0_0_nrmr.tex.760230703 (deflate)
Wrote re_chunk_000.pak.patch_055\natives/stm/streaming/character/_kit/_equipment/mantle/817/mt_817_0_0_nrmr.tex.760230703 (deflate)
Wrote re_chunk_000.pak.patch_055\natives/stm/character/_kit/_equipment/tops/049/bd_049_0_3_nrmr.tex.760230703 (deflate)
Wrote re_chunk_000.pak.patch_055\natives/stm/streaming/character/_kit/body/body_604_f/body_604_f_high_nrmr.tex.760230703 (deflate)
Wrote re_chunk_000.pak.patch_055\natives/stm/character/_kit/_equipment/pants/012/lg_012_0_1_nrmr.tex.760230703 (deflate)
Wrote re_chunk_000.pak.patch_055\natives/stm/character/_kit/_equipment/tops/246/bd_246_0_5_nrmr.tex.760230703 (deflate)
Wrote re_chunk_000.pak.patch_055\natives/stm/streaming/character/_kit/_equipment/tops/809/am_809_0_0_nrmr.tex.760230703 (deflate)
Wrote re_chunk_000.pak.patch_055\natives/stm/character/_kit/_equipment/tops/045/045_embroidery_1_nrmr.tex.760230703 (deflate)
Wrote re_chunk_000.pak.patch_055\natives/stm/streaming/character/_kit/body/body_216_m/hand_216_m_low_nrm.tex.760230703 (deflate)
Wrote re_chunk_000.pak.patch_055\natives/stm/streaming/character/_kit/body/body_225_f/body_225_f_high_nrmr.tex.760230703 (deflate)
Wrote re_chunk_000.pak.patch_055\natives/stm/character/wp/wp02/001/wp02_001_0_0_nrmr.tex.760230703 (deflate)
Wrote re_chunk_000.pak.patch_055\natives/stm/character/_kit/_equipment/tops/614/embroidery_32_nrmr.tex.760230703 (deflate)
Wrote re_chunk_000.pak.patch_055\natives/stm/character/_kit/_equipment/tops/630/am_630_0_0_nrmr.tex.760230703 (deflate)
Wrote re_chunk_000.pak.patch_055\natives/stm/vfx/texture/lives/gm80_129/13_butterfly_001_00_nrmr.tex.760230703 (deflate)
Wrote re_chunk_000.pak.patch_055\natives/stm/streaming/character/_kit/hair/hair_000/hair_000_fake_nrmr.tex.760230703 (deflate)
Wrote re_chunk_000.pak.patch_055\natives/stm/character/_kit/body/body_219_f/hand_219_f_high_nrmr.tex.760230703 (deflate)
Wrote re_chunk_000.pak.patch_055\natives/stm/streaming/character/ch/ch53_000/ch53_000_nictitatingmembrane_nrmr.tex.760230703 (deflate)
Wrote re_chunk_000.pak.patch_055\natives/stm/streaming/character/_kit/body/body_202_f/hand_202_f_high_nrmr.tex.760230703 (deflate)
Wrote re_chunk_000.pak.patch_055\natives/stm/streaming/character/_kit/body/body_600_m/hand_600_m_low_nrm.tex.760230703 (deflate)
Wrote re_chunk_000.pak.patch_055\natives/stm/streaming/character/_kit/eyebrows/eyebrows_002/eyebrows_002_skin_nrmr.tex.760230703 (deflate)
Wrote re_chunk_000.pak.patch_055\natives/stm/character/_kit/_equipment/tops/274/wb_274_0_2_nrmr.tex.760230703 (deflate)
Wrote re_chunk_000.pak.patch_055\natives/stm/streaming/character/_kit/body/body_002_f/body_002_f_high_nrmr.tex.760230703 (deflate)
Wrote re_chunk_000.pak.patch_055\natives/stm/streaming/character/_kit/_equipment/tops/001/bd_001_0_4_nrmr.tex.760230703 (deflate)
Wrote re_chunk_000.pak.patch_055\natives/stm/streaming/character/_kit/_equipment/tops/037/bd_037_0_4_nrmr.tex.760230703 (deflate)
Wrote re_chunk_000.pak.patch_055\natives/stm/character/_kit/hair/hair_049/hair_049_fake_nrmr.tex.760230703 (deflate)
Wrote re_chunk_000.pak.patch_055\natives/stm/character/_kit/_equipment/tops/512/wb_512_0_1_nrmr.tex.760230703 (deflate)
Wrote re_chunk_000.pak.patch_055\natives/stm/streaming/character/ch/ch20_001/wp20_001_20/wp20_001_20_0_0_nrmr.tex.760230703 (deflate)
Wrote re_chunk_000.pak.patch_055\natives/stm/character/_kit/_equipment/helm/246/hl_246_0_1_nrmr.tex.760230703 (deflate)
Wrote re_chunk_000.pak.patch_055\natives/stm/streaming/character/ch/ch99_031/ch99_031_body_a_nrmr.tex.760230703 (deflate)
Wrote re_chunk_000.pak.patch_055\natives/stm/character/_kit/hair/hair_027/hair_027_fake_nrmr.tex.760230703 (deflate)
Wrote re_chunk_000.pak.patch_055\natives/stm/streaming/character/_kit/body/body_219_m/body_219_m_low_nrm.tex.760230703 (deflate)
Wrote re_chunk_000.pak.patch_055\natives/stm/streaming/character/ch/ch26_000/eq26_000_01/eq26_000_01_1_nrmr.tex.760230703 (deflate)
Wrote re_chunk_000.pak.patch_055\natives/stm/character/wp/wp04/010/wp04_010_0_0_nrmr.tex.760230703 (deflate)
Wrote re_chunk_000.pak.patch_055\natives/stm/character/_kit/_equipment/tops/520/wb_520_0_1_nrmr.tex.760230703 (deflate)
Wrote re_chunk_000.pak.patch_055\natives/stm/character/_kit/_equipment/helm/249/hl_249_0_1_nrmr.tex.760230703 (deflate)
Wrote re_chunk_000.pak.patch_055\natives/stm/streaming/character/_kit/_equipment/tops/012/wb_012_0_0_nrmr.tex.760230703 (deflate)
Wrote re_chunk_000.pak.patch_055\natives/stm/streaming/environment/textures/sm82_032_nrmr.tex.760230703 (deflate)
Wrote re_chunk_000.pak.patch_055\natives/stm/character/_kit/_equipment/mantle/011/mt_011_0_0_nrmr.tex.760230703 (deflate)
Wrote re_chunk_000.pak.patch_055\natives/stm/streaming/character/_kit/_equipment/tops/265/wb_265_0_0_nrmr.tex.760230703 (deflate)
Wrote re_chunk_000.pak.patch_055\natives/stm/character/_kit/_equipment/tops/506/bd_506_0_0_nrmr.tex.760230703 (deflate)
Wrote re_chunk_000.pak.patch_055\natives/stm/streaming/character/_kit/head/head_607_f/head_607_f_low_nrm.tex.760230703 (deflate)
Wrote re_chunk_000.pak.patch_055\natives/stm/streaming/character/wp/wp00/015/wp00_015_0_0_nrmr.tex.760230703 (deflate)
Wrote re_chunk_000.pak.patch_055\natives/stm/streaming/character/_kit/_equipment/tops/211/bd_211_0_2_nrmr.tex.760230703 (deflate)
Wrote re_chunk_000.pak.patch_055\natives/stm/character/_kit/head/head_219_f/head_219_f_low_nrm.tex.760230703 (deflate)
Wrote re_chunk_000.pak.patch_055\natives/stm/environment/textures/sm82_052_nrmr.tex.760230703 (deflate)
Wrote re_chunk_000.pak.patch_055\natives/stm/streaming/character/_kit/body/body_200_m/body_200_m_low_nrm.tex.760230703 (deflate)
Wrote re_chunk_000.pak.patch_055\natives/stm/character/_kit/_equipment/tops/017/bd_017_0_3_nrmr.tex.760230703 (deflate)
Wrote re_chunk_000.pak.patch_055\natives/stm/character/ch/ch54_001/ch54_001_face_nrmr.tex.760230703 (deflate)
Wrote re_chunk_000.pak.patch_055\natives/stm/character/ch/ch20_000/wp20_000_02/wp20_000_02_0_nrmr.tex.760230703 (deflate)
Wrote re_chunk_000.pak.patch_055\natives/stm/character/_kit/_equipment/pants/510/wl_510_0_0_nrmr.tex.760230703 (deflate)
Wrote re_chunk_000.pak.patch_055\natives/stm/streaming/character/_kit/body/body_209_m/body_209_m_high_nrmr.tex.760230703 (deflate)
Wrote re_chunk_000.pak.patch_055\natives/stm/streaming/character/_kit/_equipment/tops/527/bd_527_0_0_nrmr.tex.760230703 (deflate)
Wrote re_chunk_000.pak.patch_055\natives/stm/character/_kit/_equipment/helm/608/hl_608_0_0_nrmr.tex.760230703 (deflate)
Wrote re_chunk_000.pak.patch_055\natives/stm/streaming/character/ch/ch26_000/wp26_000_20/wp26_000_20_00_0_nrmr.tex.760230703 (deflate)
Wrote re_chunk_000.pak.patch_055\natives/stm/character/_kit/_equipment/tops/805/lace_805_0_0_nrmr.tex.760230703 (deflate)
Wrote re_chunk_000.pak.patch_055\natives/stm/streaming/character/_kit/_equipment/tops/039/am_039_0_1_nrmr.tex.760230703 (deflate)
Wrote re_chunk_000.pak.patch_055\natives/stm/character/ch/ch54_000/ch54_000_eye2_nrmr.tex.760230703 (deflate)
Wrote re_chunk_000.pak.patch_055\natives/stm/character/_kit/_equipment/pants/211/wl_211_0_1_nrmr.tex.760230703 (deflate)
Wrote re_chunk_000.pak.patch_055\natives/stm/streaming/character/_kit/_equipment/tops/210/bd_210_0_5_nrmr.tex.760230703 (deflate)
Wrote re_chunk_000.pak.patch_055\natives/stm/streaming/character/_kit/_equipment/tops/630/bd_630_1_0_nrmr.tex.760230703 (deflate)
Wrote re_chunk_000.pak.patch_055\natives/stm/gui/model/ui06/00/01/ui06_00_01_nrmr.tex.760230703 (deflate)
Wrote re_chunk_000.pak.patch_055\natives/stm/streaming/character/_kit/hair/hair_034/hair_034_nrmr.tex.760230703 (deflate)
Wrote re_chunk_000.pak.patch_055\natives/stm/streaming/character/_kit/_equipment/helm/247/helm_247_01_nrmr.tex.760230703 (deflate)
Wrote re_chunk_000.pak.patch_055\natives/stm/character/_kit/body/body_002_m/hand_002_m_high_nrmr.tex.760230703 (deflate)
Wrote re_chunk_000.pak.patch_055\natives/stm/character/ch/ch26_000/wp26_000_21/wp26_000_21_00_0_nrmr.tex.760230703 (deflate)
Wrote re_chunk_000.pak.patch_055\natives/stm/streaming/character/_kit/body/body_612_m/hand_612_m_low_nrm.tex.760230703 (deflate)
Wrote re_chunk_000.pak.patch_055\natives/stm/streaming/character/wp/wp07/050/wp07_050_0_0_nrmr.tex.760230703 (deflate)
Wrote re_chunk_000.pak.patch_055\natives/stm/character/_kit/_equipment/tops/518/am_518_0_0_nrmr.tex.760230703 (deflate)
Wrote re_chunk_000.pak.patch_055\natives/stm/character/ch/ch23_000/ch23_000_angryhead_nrmr.tex.760230703 (deflate)
Wrote re_chunk_000.pak.patch_055\natives/stm/streaming/character/_kit/_equipment/pants/225/lg_225_0_0_nrmr.tex.760230703 (deflate)
Wrote re_chunk_000.pak.patch_055\natives/stm/character/_kit/body/body_213_m/body_213_m_low_nrm.tex.760230703 (deflate)
Wrote re_chunk_000.pak.patch_055\natives/stm/character/ch/ch54_001/ch54_001_fur_nrmr.tex.760230703 (deflate)
Wrote re_chunk_000.pak.patch_055\natives/stm/character/_kit/_equipment/tops/257/bd_257_0_1_nrmr.tex.760230703 (deflate)
Wrote re_chunk_000.pak.patch_055\natives/stm/character/ch/ch20_001/wp20_001_04/wp20_001_04_0_nrmr.tex.760230703 (deflate)
Wrote re_chunk_000.pak.patch_055\natives/stm/streaming/character/_kit/head/head_601_m/head_601_m_low_nrm.tex.760230703 (deflate)
Wrote re_chunk_000.pak.patch_055\natives/stm/streaming/character/_kit/_equipment/tops/801/am_801_0_0_nrmr.tex.760230703 (deflate)
Wrote re_chunk_000.pak.patch_055\natives/stm/streaming/character/ch/ch26_000/wp26_000_22/wp26_000_22_00_0_nrmr.tex.760230703 (deflate)
Wrote re_chunk_000.pak.patch_055\natives/stm/character/_kit/_equipment/tops/839/bd_839_0_1_nrmr.tex.760230703 (deflate)
Wrote re_chunk_000.pak.patch_055\natives/stm/character/_kit/_equipment/tops/309/bd_309_0_5_nrmr.tex.760230703 (deflate)
Wrote re_chunk_000.pak.patch_055\natives/stm/character/_kit/body/body_220_m/body_220_m_high_nrmr.tex.760230703 (deflate)
Wrote re_chunk_000.pak.patch_055\natives/stm/character/_kit/body/body_208_f/hand_208_f_high_nrmr.tex.760230703 (deflate)
Wrote re_chunk_000.pak.patch_055\natives/stm/streaming/character/wp/wp06/004/wp06_004_0_0_nrmr.tex.760230703 (deflate)
Wrote re_chunk_000.pak.patch_055\natives/stm/streaming/character/_kit/body/body_206_f/hand_206_f_low_nrm.tex.760230703 (deflate)
Wrote re_chunk_000.pak.patch_055\natives/stm/streaming/character/wp/wp02/000/wp02_000_0_0_nrmr.tex.760230703 (deflate)
Wrote re_chunk_000.pak.patch_055\natives/stm/character/_kit/_equipment/tops/805/am_805_0_0_nrmr.tex.760230703 (deflate)
Wrote re_chunk_000.pak.patch_055\natives/stm/streaming/character/_kit/_equipment/tops/512/am_512_0_0_nrmr.tex.760230703 (deflate)
Wrote re_chunk_000.pak.patch_055\natives/stm/character/_kit/_equipment/tops/522/am_522_0_0_nrmr.tex.760230703 (deflate)
Wrote re_chunk_000.pak.patch_055\natives/stm/streaming/character/wp/wp01/050/wp01_050_0_0_nrmr.tex.760230703 (deflate)
Wrote re_chunk_000.pak.patch_055\natives/stm/streaming/character/_kit/_equipment/tops/009/bd_009_0_1_nrmr.tex.760230703 (deflate)
Wrote re_chunk_000.pak.patch_055\natives/stm/streaming/character/ch/ch57_001/ch57_001_body3_nrmr.tex.760230703 (deflate)
Wrote re_chunk_000.pak.patch_055\natives/stm/streaming/character/_kit/hair/hair_023/hair_023_fake_nrmr.tex.760230703 (deflate)
Wrote re_chunk_000.pak.patch_055\natives/stm/streaming/character/_kit/body/body_203_m/hand_203_m_low_nrm.tex.760230703 (deflate)
Wrote re_chunk_000.pak.patch_055\natives/stm/character/_kit/body/body_209_m/hand_209_m_low_nrm.tex.760230703 (deflate)
Wrote re_chunk_000.pak.patch_055\natives/stm/character/ch/ch50_000/eq50_000_01/eq50_000_01_0_0_nrmr.tex.760230703 (deflate)
Wrote re_chunk_000.pak.patch_055\natives/stm/character/_kit/body/body_605_m/hand_605_m_low_nrm.tex.760230703 (deflate)
Wrote re_chunk_000.pak.patch_055\natives/stm/gui/model/ui06/01/04/ui06_04_01_direction_nrmr.tex.760230703 (deflate)
Wrote re_chunk_000.pak.patch_055\natives/stm/streaming/character/_kit/_equipment/helm/009/hl_009_0_0_nrmr.tex.760230703 (deflate)
Wrote re_chunk_000.pak.patch_055\natives/stm/character/it/it10/033/it10_033_nrmr.tex.760230703 (deflate)
Wrote re_chunk_000.pak.patch_055\natives/stm/streaming/character/_kit/_equipment/helm/017/hl_017_0_0_nrmr.tex.760230703 (deflate)
Wrote re_chunk_000.pak.patch_055\natives/stm/character/wp/wp02/007/wp02_007_0_0_nrmr.tex.760230703 (deflate)
Wrote re_chunk_000.pak.patch_055\natives/stm/streaming/character/ch/ch53_000/ch53_000_body2_nrmr.tex.760230703 (deflate)
Wrote re_chunk_000.pak.patch_055\natives/stm/character/_kit/_equipment/tops/520/am_520_0_0_nrmr.tex.760230703 (deflate)
Wrote re_chunk_000.pak.patch_055\natives/stm/streaming/character/_kit/_equipment/mantle/006/mt_006_0_0_nrmr.tex.760230703 (deflate)
Wrote re_chunk_000.pak.patch_055\natives/stm/character/wp/wp01/009/wp01_009_0_0_nrmr.tex.760230703 (deflate)
Wrote re_chunk_000.pak.patch_055\natives/stm/character/ch/ch20_001/wp20_001_00/wp20_001_00_0_nrmr.tex.760230703 (deflate)
Wrote re_chunk_000.pak.patch_055\natives/stm/character/wp/wp09/009/wp09_009_0_0_nrmr.tex.760230703 (deflate)
Wrote re_chunk_000.pak.patch_055\natives/stm/streaming/character/ch/ch58_001/ch58_001_wing1_nrmr.tex.760230703 (deflate)
Wrote re_chunk_000.pak.patch_055\natives/stm/streaming/character/ch/ch26_000/eq26_000_04/eq26_000_04_4_nrmr.tex.760230703 (deflate)
Wrote re_chunk_000.pak.patch_055\natives/stm/streaming/character/_kit/beard/beard_125/beard_125_fake_nrmr.tex.760230703 (deflate)
Wrote re_chunk_000.pak.patch_055\natives/stm/streaming/character/wp/wp08/007/wp08_007_0_0_nrmr.tex.760230703 (deflate)
Wrote re_chunk_000.pak.patch_055\natives/stm/character/_kit/hair/hair_047/haircap_047_nrmr.tex.760230703 (deflate)
Wrote re_chunk_000.pak.patch_055\natives/stm/character/_kit/_equipment/tops/806/bd_806_0_1_nrmr.tex.760230703 (deflate)
Wrote re_chunk_000.pak.patch_055\natives/stm/character/_kit/_equipment/tops/001/wb_001_0_0_nrmr.tex.760230703 (deflate)
Wrote re_chunk_000.pak.patch_055\natives/stm/streaming/character/_kit/_equipment/tops/249/wb_249_0_0_nrmr.tex.760230703 (deflate)
Wrote re_chunk_000.pak.patch_055\natives/stm/character/_kit/_equipment/helm/056/hl_056_0_0_mask_nrmr.tex.760230703 (deflate)
Wrote re_chunk_000.pak.patch_055\natives/stm/streaming/character/wp/wp03/015/wp03_015_0_0_nrmr.tex.760230703 (deflate)
Wrote re_chunk_000.pak.patch_055\natives/stm/streaming/character/ch/ch28_000/body/body_902_m/nail_902_m_nrmr.tex.760230703 (deflate)
Wrote re_chunk_000.pak.patch_055\natives/stm/streaming/character/_kit/_equipment/tops/804/804_embroidery_00_nrmr.tex.760230703 (deflate)
Wrote re_chunk_000.pak.patch_055\natives/stm/streaming/character/_kit/head/head_224_f/head_224_f_high_nrmr.tex.760230703 (deflate)
Wrote re_chunk_000.pak.patch_055\natives/stm/character/_kit/body/body_214_m/body_214_m_low_nrm.tex.760230703 (deflate)
Wrote re_chunk_000.pak.patch_055\natives/stm/streaming/character/wp/wp09/002/wp09_002_0_0_nrmr.tex.760230703 (deflate)
Wrote re_chunk_000.pak.patch_055\natives/stm/streaming/character/ch/ch50_000/ch50_000_eyeflatten_nrmr.tex.760230703 (deflate)
Wrote re_chunk_000.pak.patch_055\natives/stm/character/_kit/_equipment/tops/614/bd_614_0_0_nrmr.tex.760230703 (deflate)
Wrote re_chunk_000.pak.patch_055\natives/stm/streaming/character/_kit/head/head_217_f/head_217_f_low_nrm.tex.760230703 (deflate)
Wrote re_chunk_000.pak.patch_055\natives/stm/character/_kit/body/body_605_f/body_605_f_high_nrmr.tex.760230703 (deflate)
Wrote re_chunk_000.pak.patch_055\natives/stm/character/_kit/_equipment/mantle/047/mt_047_0_0_nrmr.tex.760230703 (deflate)
Wrote re_chunk_000.pak.patch_055\natives/stm/streaming/character/wp/wp02/001/wp02_001_0_0_nrmr.tex.760230703 (deflate)
Wrote re_chunk_000.pak.patch_055\natives/stm/streaming/character/_kit/body/body_217_m/hand_217_m_high_nrmr.tex.760230703 (deflate)
Wrote re_chunk_000.pak.patch_055\natives/stm/streaming/character/_kit/_equipment/tops/506/bd_506_0_1_nrmr.tex.760230703 (deflate)
Wrote re_chunk_000.pak.patch_055\natives/stm/character/_kit/hair/hair_056/hair_056_fake_nrmr.tex.760230703 (deflate)
Wrote re_chunk_000.pak.patch_055\natives/stm/streaming/character/_kit/_equipment/tops/021/am_021_0_1_nrmr.tex.760230703 (deflate)
Wrote re_chunk_000.pak.patch_055\natives/stm/streaming/character/_kit/_equipment/tops/278/wb_278_0_0_nrmr.tex.760230703 (deflate)
Wrote re_chunk_000.pak.patch_055\natives/stm/character/_kit/head/head_215_m/head_215_m_low_nrm.tex.760230703 (deflate)
Wrote re_chunk_000.pak.patch_055\natives/stm/streaming/character/_kit/_equipment/helm/541/hl_541_0_0_nrmr.tex.760230703 (deflate)
Wrote re_chunk_000.pak.patch_055\natives/stm/streaming/character/_kit/head/head_202_m/head_202_m_high_nrmr.tex.760230703 (deflate)
Wrote re_chunk_000.pak.patch_055\natives/stm/streaming/character/ch/ch27_001/ch27_001_body1_nrmr.tex.760230703 (deflate)
Wrote re_chunk_000.pak.patch_055\natives/stm/character/wp/wp01/006/wp01_006_0_0_nrmr.tex.760230703 (deflate)
Wrote re_chunk_000.pak.patch_055\natives/stm/streaming/character/_kit/_equipment/tops/049/bd_049_0_2_nrmr.tex.760230703 (deflate)
Wrote re_chunk_000.pak.patch_055\natives/stm/streaming/character/_kit/_equipment/helm/532/hl_532_0_0_nrmr.tex.760230703 (deflate)
Wrote re_chunk_000.pak.patch_055\natives/stm/streaming/character/ch/ch50_000/eq50_000_00/eq50_000_parts1_nrmr.tex.760230703 (deflate)
Wrote re_chunk_000.pak.patch_055\natives/stm/streaming/character/_kit/body/body_209_m/body_209_m_low_nrm.tex.760230703 (deflate)
Wrote re_chunk_000.pak.patch_055\natives/stm/streaming/character/_kit/_equipment/tops/051/bd_051_0_2_nrmr.tex.760230703 (deflate)
Wrote re_chunk_000.pak.patch_055\natives/stm/character/ch/ch58_000/ch58_000_wing_nrmr.tex.760230703 (deflate)
Wrote re_chunk_000.pak.patch_055\natives/stm/streaming/character/ch/ch99_011/ch99_011_body_a_eyeflatten_nrmr.tex.760230703 (deflate)
Wrote re_chunk_000.pak.patch_055\natives/stm/streaming/character/_kit/head/head_201_f/head_201_f_low_nrm.tex.760230703 (deflate)
Wrote re_chunk_000.pak.patch_055\natives/stm/character/ch/ch50_000/eq50_000_02/eq50_000_02_0_nrmr.tex.760230703 (deflate)
Wrote re_chunk_000.pak.patch_055\natives/stm/streaming/character/ch/ch20_002/tops/01/eq20_002_01_am_1_nrmr.tex.760230703 (deflate)
Wrote re_chunk_000.pak.patch_055\natives/stm/character/_kit/_equipment/tops/300/bd_300_0_3_nrmr.tex.760230703 (deflate)
Wrote re_chunk_000.pak.patch_055\natives/stm/character/wp/wp06/016/wp06_016_0_0_nrmr.tex.760230703 (deflate)
Wrote re_chunk_000.pak.patch_055\natives/stm/character/wp/wp05/000/wp05_000_0_0_nrmr.tex.760230703 (deflate)
Wrote re_chunk_000.pak.patch_055\natives/stm/gui/model/ui06/00/02/ui06_00_02_01_nrmr.tex.760230703 (deflate)
Wrote re_chunk_000.pak.patch_055\natives/stm/streaming/character/_kit/body/body_215_m/body_215_m_low_nrm.tex.760230703 (deflate)
Wrote re_chunk_000.pak.patch_055\natives/stm/streaming/character/ch/ch28_000/body/body_901_f/hand_901_f_nrmr.tex.760230703 (deflate)
Wrote re_chunk_000.pak.patch_055\natives/stm/character/_kit/_equipment/tops/047/bd_047_0_4_nrmr.tex.760230703 (deflate)
Wrote re_chunk_000.pak.patch_055\natives/stm/character/_kit/_equipment/tops/630/am_630_0_1_nrmr.tex.760230703 (deflate)
Wrote re_chunk_000.pak.patch_055\natives/stm/streaming/character/wp/wp01/006/wp01_006_0_0_nrmr.tex.760230703 (deflate)
Wrote re_chunk_000.pak.patch_055\natives/stm/streaming/character/_kit/_equipment/tops/803/bd_803_0_3_nrmr.tex.760230703 (deflate)
Wrote re_chunk_000.pak.patch_055\natives/stm/streaming/character/_kit/_equipment/tops/516/wb_516_0_0_nrmr.tex.760230703 (deflate)
Wrote re_chunk_000.pak.patch_055\natives/stm/streaming/character/_kit/hair/hair_027/hair_027_nrmr.tex.760230703 (deflate)
Wrote re_chunk_000.pak.patch_055\natives/stm/character/_kit/_equipment/tops/509/wb_509_0_0_nrmr.tex.760230703 (deflate)
Wrote re_chunk_000.pak.patch_055\natives/stm/streaming/character/ch/ch22_002/ch22_002_feather_nrmr.tex.760230703 (deflate)
Wrote re_chunk_000.pak.patch_055\natives/stm/streaming/character/wp/wp10/002/wp10_002_0_0_nrmr.tex.760230703 (deflate)
Wrote re_chunk_000.pak.patch_055\natives/stm/streaming/character/_kit/_equipment/tops/278/bd_278_0_2_nrmr.tex.760230703 (deflate)
Wrote re_chunk_000.pak.patch_055\natives/stm/streaming/character/_kit/_equipment/tops/631/am_631_0_0_nrmr.tex.760230703 (deflate)
Wrote re_chunk_000.pak.patch_055\natives/stm/character/_kit/_equipment/pants/001/lg_001_0_1_nrmr.tex.760230703 (deflate)
Wrote re_chunk_000.pak.patch_055\natives/stm/character/_kit/_equipment/pants/602/lg_602_0_0_nrmr.tex.760230703 (deflate)
Wrote re_chunk_000.pak.patch_055\natives/stm/streaming/character/ch/ch23_000/ch23_000_angryhead_nrmr.tex.760230703 (deflate)
Wrote re_chunk_000.pak.patch_055\natives/stm/streaming/character/_kit/_equipment/tops/806/am_806_0_0_nrmr.tex.760230703 (deflate)
Wrote re_chunk_000.pak.patch_055\natives/stm/streaming/character/_kit/hair/hair_023/hair_023_nrmr.tex.760230703 (deflate)
Wrote re_chunk_000.pak.patch_055\natives/stm/streaming/character/_kit/_equipment/tops/002/am_002_0_0_nrmr.tex.760230703 (deflate)
Wrote re_chunk_000.pak.patch_055\natives/stm/character/ch/ch60_000/ch60_000_body2_nrmr.tex.760230703 (deflate)
Wrote re_chunk_000.pak.patch_055\natives/stm/streaming/character/_kit/_equipment/tops/015/am_015_0_1_nrmr.tex.760230703 (deflate)
Wrote re_chunk_000.pak.patch_055\natives/stm/streaming/character/_kit/_equipment/tops/001/wb_001_0_1_nrmr.tex.760230703 (deflate)
Wrote re_chunk_000.pak.patch_055\natives/stm/character/ch/ch22_001/ch22_001_feather_nrmr.tex.760230703 (deflate)
Wrote re_chunk_000.pak.patch_055\natives/stm/streaming/character/ch/ch20_000/ch20_000_body_nrmr.tex.760230703 (deflate)
Wrote re_chunk_000.pak.patch_055\natives/stm/character/_kit/special_scar/special_scar_000/special_scar_000_body_m_nrmr.tex.760230703 (deflate)
Wrote re_chunk_000.pak.patch_055\natives/stm/character/_kit/_equipment/tops/005/bd_005_0_2_nrmr.tex.760230703 (deflate)
Wrote re_chunk_000.pak.patch_055\natives/stm/streaming/character/_kit/_equipment/tops/017/bd_017_0_3_nrmr.tex.760230703 (deflate)
Wrote re_chunk_000.pak.patch_055\natives/stm/streaming/character/wp/wp04/014/wp04_014_0_0_nrmr.tex.760230703 (deflate)
Wrote re_chunk_000.pak.patch_055\natives/stm/streaming/character/ch/ch99_240/ch99_240_body_a_nrmr.tex.760230703 (deflate)
Wrote re_chunk_000.pak.patch_055\natives/stm/streaming/character/_kit/head/head_002_f/head_002_f_low_nrm.tex.760230703 (deflate)
Wrote re_chunk_000.pak.patch_055\natives/stm/character/_kit/_equipment/pants/249/lg_249_0_0_nrmr.tex.760230703 (deflate)
Wrote re_chunk_000.pak.patch_055\natives/stm/character/wp/wp07/008/wp07_008_0_1_nrmr.tex.760230703 (deflate)
Wrote re_chunk_000.pak.patch_055\natives/stm/streaming/character/_kit/_equipment/tops/807/bd_807_0_0_nrmr.tex.760230703 (deflate)
Wrote re_chunk_000.pak.patch_055\natives/stm/streaming/character/_kit/_equipment/tops/006/bd_006_0_1_nrmr.tex.760230703 (deflate)
Wrote re_chunk_000.pak.patch_055\natives/stm/streaming/character/_kit/_equipment/pants/524/wl_524_0_0_nrmr.tex.760230703 (deflate)
Wrote re_chunk_000.pak.patch_055\natives/stm/streaming/character/ch/ch58_000/ch58_000_eye_nrmr.tex.760230703 (deflate)
Wrote re_chunk_000.pak.patch_055\natives/stm/character/_kit/_equipment/pants/222/wl_222_0_1_nrmr.tex.760230703 (deflate)
Wrote re_chunk_000.pak.patch_055\natives/stm/character/ch/ch57_001/ch57_001_eye_nrmr.tex.760230703 (deflate)
Wrote re_chunk_000.pak.patch_055\natives/stm/streaming/character/_kit/_equipment/mantle/506/mt_506_0_0_nrmr.tex.760230703 (deflate)
Wrote re_chunk_000.pak.patch_055\natives/stm/character/_kit/_equipment/mantle/528/mt_528_0_0_nrmr.tex.760230703 (deflate)
Wrote re_chunk_000.pak.patch_055\natives/stm/streaming/character/_kit/hair/hair_073/band_nrmr.tex.760230703 (deflate)
Wrote re_chunk_000.pak.patch_055\natives/stm/character/_kit/head/head_608_m/head_608_m_low_nrm.tex.760230703 (deflate)
Wrote re_chunk_000.pak.patch_055\natives/stm/character/_kit/body/body_820_m/hand_820_m_high_nrmr.tex.760230703 (deflate)
Wrote re_chunk_000.pak.patch_055\natives/stm/streaming/character/ch/ch27_000/ch27_000_body2_nrmr.tex.760230703 (deflate)
Wrote re_chunk_000.pak.patch_055\natives/stm/character/_kit/body/body_222_m/body_222_m_low_nrm.tex.760230703 (deflate)
Wrote re_chunk_000.pak.patch_055\natives/stm/streaming/character/ch/ch51_000/ch51_000_angryface_nrmr.tex.760230703 (deflate)
Wrote re_chunk_000.pak.patch_055\natives/stm/streaming/character/_kit/_equipment/pants/012/lg_012_0_1_nrmr.tex.760230703 (deflate)
Wrote re_chunk_000.pak.patch_055\natives/stm/character/ch/ch56_001/ch56_001_props_nrmr.tex.760230703 (deflate)
Wrote re_chunk_000.pak.patch_055\natives/stm/streaming/character/_kit/_equipment/tops/274/am_274_0_0_nrmr.tex.760230703 (deflate)
Wrote re_chunk_000.pak.patch_055\natives/stm/streaming/character/_kit/_equipment/tops/050/am_050_0_2_nrmr.tex.760230703 (deflate)
Wrote re_chunk_000.pak.patch_055\natives/stm/character/_kit/_equipment/tops/246/bd_246_0_4_nrmr.tex.760230703 (deflate)
Wrote re_chunk_000.pak.patch_055\natives/stm/streaming/character/_kit/_equipment/tops/041/bd_041_0_2_nrmr.tex.760230703 (deflate)
Wrote re_chunk_000.pak.patch_055\natives/stm/streaming/character/_kit/head/head_002_m/head_002_m_low_nrm.tex.760230703 (deflate)
Wrote re_chunk_000.pak.patch_055\natives/stm/character/_kit/head/head_204_m/head_204_m_high_nrmr.tex.760230703 (deflate)
Wrote re_chunk_000.pak.patch_055\natives/stm/streaming/character/ch/ch29_000/ch29_000_hair_nrmr.tex.760230703 (deflate)
Wrote re_chunk_000.pak.patch_055\natives/stm/streaming/character/_kit/_equipment/tops/522/am_522_0_0_nrmr.tex.760230703 (deflate)
Wrote re_chunk_000.pak.patch_055\natives/stm/character/wp/wp01/002/wp01_002_0_1_nrmr.tex.760230703 (deflate)
Wrote re_chunk_000.pak.patch_055\natives/stm/streaming/character/ch/ch27_000/ch27_000_face1_array00_nrmr.tex.760230703 (deflate)
Wrote re_chunk_000.pak.patch_055\natives/stm/streaming/character/_kit/_equipment/tops/036/036_embroidery_01_nrmr.tex.760230703 (deflate)
Wrote re_chunk_000.pak.patch_055\natives/stm/character/wp/wp01/012/wp01_012_0_1_nrmr.tex.760230703 (deflate)
Wrote re_chunk_000.pak.patch_055\natives/stm/streaming/character/_kit/head/head_205_f/head_205_f_low_nrm.tex.760230703 (deflate)
Wrote re_chunk_000.pak.patch_055\natives/stm/streaming/character/_kit/hair/hair_053/hair_053_fake_nrmr.tex.760230703 (deflate)
Wrote re_chunk_000.pak.patch_055\natives/stm/streaming/character/_kit/_equipment/tops/534/bd_534_0_0_nrmr.tex.760230703 (deflate)
Wrote re_chunk_000.pak.patch_055\natives/stm/streaming/character/wp/wp11/000/wp11_000_0_0_nrmr.tex.760230703 (deflate)
Wrote re_chunk_000.pak.patch_055\natives/stm/streaming/character/_kit/hair/hair_000/hair_000_nrmr.tex.760230703 (deflate)
Wrote re_chunk_000.pak.patch_055\natives/stm/streaming/character/ch/ch26_000/eq26_000_03/eq26_000_03_6_nrmr.tex.760230703 (deflate)
Wrote re_chunk_000.pak.patch_055\natives/stm/character/_kit/_equipment/tops/832/bd_832_0_0_nrmr.tex.760230703 (deflate)
Wrote re_chunk_000.pak.patch_055\natives/stm/character/_kit/body/body_219_f/hand_219_f_low_nrm.tex.760230703 (deflate)
Wrote re_chunk_000.pak.patch_055\natives/stm/streaming/character/_kit/hair/hair_047/hair_047_fake_nrmr.tex.760230703 (deflate)
Wrote re_chunk_000.pak.patch_055\natives/stm/character/_kit/_equipment/tops/009/bd_009_0_1_nrmr.tex.760230703 (deflate)
Wrote re_chunk_000.pak.patch_055\natives/stm/streaming/character/_kit/_equipment/tops/021/bd_021_0_0_nrmr.tex.760230703 (deflate)
Wrote re_chunk_000.pak.patch_055\natives/stm/streaming/character/_kit/body/body_218_f/hand_218_f_low_nrm.tex.760230703 (deflate)
Wrote re_chunk_000.pak.patch_055\natives/stm/streaming/character/wp/wp04/002/wp04_002_0_0_nrmr.tex.760230703 (deflate)
Wrote re_chunk_000.pak.patch_055\natives/stm/character/_kit/head/head_209_f/head_209_f_low_nrm.tex.760230703 (deflate)
Wrote re_chunk_000.pak.patch_055\natives/stm/character/_kit/head/head_609_m/head_609_m_low_nrm.tex.760230703 (deflate)
Wrote re_chunk_000.pak.patch_055\natives/stm/character/_kit/head/head_202_f/head_202_f_low_nrm.tex.760230703 (deflate)
Wrote re_chunk_000.pak.patch_055\natives/stm/character/_kit/hair/hair_051/hair_051_nrmr.tex.760230703 (deflate)
Wrote re_chunk_000.pak.patch_055\natives/stm/character/_kit/_equipment/mantle/021/mt_021_0_1_nrmr.tex.760230703 (deflate)
Wrote re_chunk_000.pak.patch_055\natives/stm/character/_kit/_equipment/helm/518/hl_518_0_0_nrmr.tex.760230703 (deflate)
Wrote re_chunk_000.pak.patch_055\natives/stm/streaming/character/ch/ch27_000/ch27_000_body3_nrmr.tex.760230703 (deflate)
Wrote re_chunk_000.pak.patch_055\natives/stm/streaming/character/_kit/_equipment/pants/237/lg_237_0_1_nrmr.tex.760230703 (deflate)
Wrote re_chunk_000.pak.patch_055\natives/stm/character/_kit/_equipment/tops/037/am_037_0_0_nrmr.tex.760230703 (deflate)
Wrote re_chunk_000.pak.patch_055\natives/stm/streaming/character/_kit/_equipment/tops/801/bd_801_0_1_nrmr.tex.760230703 (deflate)
Wrote re_chunk_000.pak.patch_055\natives/stm/streaming/character/_kit/_equipment/tops/246/bd_246_0_4_nrmr.tex.760230703 (deflate)
Wrote re_chunk_000.pak.patch_055\natives/stm/character/_kit/_equipment/tops/202/bd_202_0_0_nrmr.tex.760230703 (deflate)
Wrote re_chunk_000.pak.patch_055\natives/stm/streaming/character/_kit/body/body_218_m/body_218_m_high_nrmr.tex.760230703 (deflate)
Wrote re_chunk_000.pak.patch_055\natives/stm/character/_kit/_equipment/pants/501/wl_501_0_1_nrmr.tex.760230703 (deflate)
Wrote re_chunk_000.pak.patch_055\natives/stm/streaming/character/_kit/beard/beard_151/beard_151_fake_nrmr.tex.760230703 (deflate)
Wrote re_chunk_000.pak.patch_055\natives/stm/character/_kit/_equipment/tops/035/bd_035_0_1_m_nrmr.tex.760230703 (deflate)
Wrote re_chunk_000.pak.patch_055\natives/stm/character/_kit/body/body_202_f/body_202_f_high_nrmr.tex.760230703 (deflate)
Wrote re_chunk_000.pak.patch_055\natives/stm/streaming/character/_kit/_equipment/tops/210/bd_210_0_3_nrmr.tex.760230703 (deflate)
Wrote re_chunk_000.pak.patch_055\natives/stm/streaming/character/_kit/hair/hair_806/haircap_806_nrmr.tex.760230703 (deflate)
Wrote re_chunk_000.pak.patch_055\natives/stm/character/_kit/head/head_603_m/head_603_m_high_nrmr.tex.760230703 (deflate)
Wrote re_chunk_000.pak.patch_055\natives/stm/character/ch/ch23_001/ch23_001_head_nrmr.tex.760230703 (deflate)
Wrote re_chunk_000.pak.patch_055\natives/stm/character/_kit/hair/hair_049/haircap_049_nrmr.tex.760230703 (deflate)
Wrote re_chunk_000.pak.patch_055\natives/stm/character/ch/ch56_001/ch56_001_body_nrmr.tex.760230703 (deflate)
Wrote re_chunk_000.pak.patch_055\natives/stm/character/_kit/_equipment/tops/013/wb_013_0_0_nrmr.tex.760230703 (deflate)
Wrote re_chunk_000.pak.patch_055\natives/stm/character/_kit/_equipment/tops/828/bd_828_0_2_nrmr.tex.760230703 (deflate)
Wrote re_chunk_000.pak.patch_055\natives/stm/streaming/character/ch/ch56_001/ch56_001_eyeflatten_nrmr.tex.760230703 (deflate)
Wrote re_chunk_000.pak.patch_055\natives/stm/character/ch/ch20_002/wp20_002_21/wp20_002_21_1_nrmr.tex.760230703 (deflate)
Wrote re_chunk_000.pak.patch_055\natives/stm/character/_kit/_equipment/tops/020/wb_020_0_0_nrmr.tex.760230703 (deflate)
Wrote re_chunk_000.pak.patch_055\natives/stm/character/_kit/_equipment/tops/808/bd_808_0_2_nrmr.tex.760230703 (deflate)
Wrote re_chunk_000.pak.patch_055\natives/stm/character/ch/ch56_000/wp56_000_00/wp56_000_00_0_nrmr.tex.760230703 (deflate)
Wrote re_chunk_000.pak.patch_055\natives/stm/streaming/character/ch/ch55_000/wp55_000_00/wp55_000_00_0_nrmr.tex.760230703 (deflate)
Wrote re_chunk_000.pak.patch_055\natives/stm/character/_kit/_equipment/tops/022/wb_022_0_1_nrmr.tex.760230703 (deflate)
Wrote re_chunk_000.pak.patch_055\natives/stm/character/_kit/_equipment/tops/808/am_808_0_0_nrmr.tex.760230703 (deflate)
Wrote re_chunk_000.pak.patch_055\natives/stm/streaming/character/_kit/_equipment/tops/051/am_051_0_0_nrmr.tex.760230703 (deflate)
Wrote re_chunk_000.pak.patch_055\natives/stm/character/_kit/_equipment/tops/814/wb_814_0_0_nrmr.tex.760230703 (deflate)
Wrote re_chunk_000.pak.patch_055\natives/stm/streaming/character/_kit/hair/hair_059/hair_059_fake_nrmr.tex.760230703 (deflate)
Wrote re_chunk_000.pak.patch_055\natives/stm/environment/textures/tx_044_nrmr.tex.760230703 (deflate)
Wrote re_chunk_000.pak.patch_055\natives/stm/character/_kit/_equipment/_common/bt_001_0_0_nrmr.tex.760230703 (deflate)
Wrote re_chunk_000.pak.patch_055\natives/stm/character/_kit/_equipment/tops/806/bd_806_0_0_nrmr.tex.760230703 (deflate)
Wrote re_chunk_000.pak.patch_055\natives/stm/vfx/texture/decal/13_frostdecal_000_00_nrmr.tex.760230703 (deflate)
Wrote re_chunk_000.pak.patch_055\natives/stm/character/ch/ch28_000/body/body_902_m/body_902_m_nrmr.tex.760230703 (deflate)
Wrote re_chunk_000.pak.patch_055\natives/stm/character/_kit/body/body_606_f/hand_606_f_high_nrmr.tex.760230703 (deflate)
Wrote re_chunk_000.pak.patch_055\natives/stm/character/_kit/_equipment/pants/506/lg_506_0_0_nrmr.tex.760230703 (deflate)
Wrote re_chunk_000.pak.patch_055\natives/stm/streaming/character/_kit/_equipment/tops/520/wb_520_0_0_nrmr.tex.760230703 (deflate)
Wrote re_chunk_000.pak.patch_055\natives/stm/character/_kit/_equipment/tops/015/am_015_0_0_nrmr.tex.760230703 (deflate)
Wrote re_chunk_000.pak.patch_055\natives/stm/streaming/character/_kit/hair/hair_060/hair_060_fake_nrmr.tex.760230703 (deflate)
Wrote re_chunk_000.pak.patch_055\natives/stm/character/_kit/_equipment/tops/532/bd_532_0_3_nrmr.tex.760230703 (deflate)
Wrote re_chunk_000.pak.patch_055\natives/stm/character/_kit/_equipment/tops/814/am_814_0_0_nrmr.tex.760230703 (deflate)
Wrote re_chunk_000.pak.patch_055\natives/stm/streaming/character/_kit/hair/hair_041/band_nrmr.tex.760230703 (deflate)
Wrote re_chunk_000.pak.patch_055\natives/stm/streaming/character/_kit/head/head_203_m/head_203_m_low_nrm.tex.760230703 (deflate)
Wrote re_chunk_000.pak.patch_055\natives/stm/character/_kit/_equipment/tops/047/bd_047_0_3_nrmr.tex.760230703 (deflate)
Wrote re_chunk_000.pak.patch_055\natives/stm/character/_kit/hair/hair_021/hair_021_nrmr.tex.760230703 (deflate)
Wrote re_chunk_000.pak.patch_055\natives/stm/character/_kit/hair/hair_027/himo2_nrmr.tex.760230703 (deflate)
Wrote re_chunk_000.pak.patch_055\natives/stm/character/_kit/hair/hair_062/hair_062_fake_nrmr.tex.760230703 (deflate)
Wrote re_chunk_000.pak.patch_055\natives/stm/character/ch/ch20_000/wp20_000_20/wp20_000_20_2_nrmr.tex.760230703 (deflate)
Wrote re_chunk_000.pak.patch_055\natives/stm/character/ch/ch53_000/ch53_000_body1_nrmr.tex.760230703 (deflate)
Wrote re_chunk_000.pak.patch_055\natives/stm/streaming/character/_kit/hair/hair_001/hair_001_fake_nrmr.tex.760230703 (deflate)
Wrote re_chunk_000.pak.patch_055\natives/stm/character/_kit/_equipment/tops/210/am_210_0_0_nrmr.tex.760230703 (deflate)
Wrote re_chunk_000.pak.patch_055\natives/stm/character/_kit/_equipment/tops/249/wb_249_0_0_nrmr.tex.760230703 (deflate)
Wrote re_chunk_000.pak.patch_055\natives/stm/character/_kit/body/body_220_f/body_220_f_low_nrm.tex.760230703 (deflate)
Wrote re_chunk_000.pak.patch_055\natives/stm/streaming/character/ch/ch22_001/ch22_001_feather_nrmr.tex.760230703 (deflate)
Wrote re_chunk_000.pak.patch_055\natives/stm/character/_kit/body/body_207_m/hand_207_m_low_nrm.tex.760230703 (deflate)
Wrote re_chunk_000.pak.patch_055\natives/stm/character/_kit/body/_common/textures/nail_bm_common_nrmr.tex.760230703 (deflate)
Wrote re_chunk_000.pak.patch_055\natives/stm/character/ch/ch26_000/eq26_000_03/eq26_000_03_1_nrmr.tex.760230703 (deflate)
Wrote re_chunk_000.pak.patch_055\natives/stm/character/_kit/_equipment/tops/621/am_621_0_0_nrmr.tex.760230703 (deflate)
Wrote re_chunk_000.pak.patch_055\natives/stm/character/ch/ch59_000/wp59_000_00/wp59_000_00_0_nrmr.tex.760230703 (deflate)
Wrote re_chunk_000.pak.patch_055\natives/stm/character/_kit/hair/hair_029/hair_029_fake_nrmr.tex.760230703 (deflate)
Wrote re_chunk_000.pak.patch_055\natives/stm/streaming/character/_kit/body/body_218_f/body_218_f_low_nrm.tex.760230703 (deflate)
Wrote re_chunk_000.pak.patch_055\natives/stm/streaming/character/_kit/_equipment/tops/828/bd_828_0_2_nrmr.tex.760230703 (deflate)
Wrote re_chunk_000.pak.patch_055\natives/stm/streaming/character/ch/ch28_000/body/body_902_f/body_902_f_nrmr.tex.760230703 (deflate)
Wrote re_chunk_000.pak.patch_055\natives/stm/streaming/character/wp/wp05/000/wp05_000_0_0_nrmr.tex.760230703 (deflate)
Wrote re_chunk_000.pak.patch_055\natives/stm/character/ch/ch99_200/ch99_200_body_a_eyeflatten_nrmr.tex.760230703 (deflate)
Wrote re_chunk_000.pak.patch_055\natives/stm/vfx/texture/decal/13_ch57_001_decal_blood_nrmr.tex.760230703 (deflate)
Wrote re_chunk_000.pak.patch_055\natives/stm/streaming/character/_kit/_equipment/pants/037/lg_037_0_1_nrmr.tex.760230703 (deflate)
Wrote re_chunk_000.pak.patch_055\natives/stm/character/_kit/_equipment/helm/602/hl_602_0_0_nrmr.tex.760230703 (deflate)
Wrote re_chunk_000.pak.patch_055\natives/stm/character/_kit/_equipment/tops/257/wb_257_nrmr.tex.760230703 (deflate)
Wrote re_chunk_000.pak.patch_055\natives/stm/streaming/character/ch/ch53_010/ch53_010_weakpoint_nrmr.tex.760230703 (deflate)
Wrote re_chunk_000.pak.patch_055\natives/stm/streaming/character/ch/ch21_003/ch21_003_rock_nrmr.tex.760230703 (deflate)
Wrote re_chunk_000.pak.patch_055\natives/stm/character/_kit/hair/hair_022/hair_022_fake_nrmr.tex.760230703 (deflate)
Wrote re_chunk_000.pak.patch_055\natives/stm/character/_kit/body/body_222_m/body_222_m_high_nrmr.tex.760230703 (deflate)
Wrote re_chunk_000.pak.patch_055\natives/stm/streaming/character/_kit/body/body_222_f/body_222_f_low_nrm.tex.760230703 (deflate)
Wrote re_chunk_000.pak.patch_055\natives/stm/character/_kit/_equipment/helm/005/hl_005_0_0_nrmr.tex.760230703 (deflate)
Wrote re_chunk_000.pak.patch_055\natives/stm/character/_kit/head/head_226_f/head_226_f_high_nrmr.tex.760230703 (deflate)
Wrote re_chunk_000.pak.patch_055\natives/stm/streaming/character/_kit/_equipment/pants/607/lg_607_0_0_nrmr.tex.760230703 (deflate)
Wrote re_chunk_000.pak.patch_055\natives/stm/character/wp/wp04/015/wp04_015_0_0_nrmr.tex.760230703 (deflate)
Wrote re_chunk_000.pak.patch_055\natives/stm/character/_kit/hair/hair_049/hair_049_nrmr.tex.760230703 (deflate)
Wrote re_chunk_000.pak.patch_055\natives/stm/character/_kit/_equipment/tops/616/wb_616_0_0_nrmr.tex.760230703 (deflate)
Wrote re_chunk_000.pak.patch_055\natives/stm/character/_kit/_equipment/tops/035/bd_035_0_4_nrmr.tex.760230703 (deflate)
Wrote re_chunk_000.pak.patch_055\natives/stm/character/ch/ch28_000/body/body_902_m/hand_902_m_nrmr.tex.760230703 (deflate)
Wrote re_chunk_000.pak.patch_055\natives/stm/streaming/character/_kit/_equipment/mantle/602/mt_602_0_0_nrmr.tex.760230703 (deflate)
Wrote re_chunk_000.pak.patch_055\natives/stm/streaming/character/_kit/_equipment/tops/048/am_048_0_1_nrmr.tex.760230703 (deflate)
Wrote re_chunk_000.pak.patch_055\natives/stm/streaming/character/_kit/body/body_210_m/body_210_m_high_nrmr.tex.760230703 (deflate)
Wrote re_chunk_000.pak.patch_055\natives/stm/character/_kit/head/head_211_m/head_211_m_low_nrm.tex.760230703 (deflate)
Wrote re_chunk_000.pak.patch_055\natives/stm/character/ch/ch56_000/ch56_000_eye_nrmr.tex.760230703 (deflate)
Wrote re_chunk_000.pak.patch_055\natives/stm/streaming/character/_kit/_equipment/mantle/006/mt_006_0_1_nrmr.tex.760230703 (deflate)
Wrote re_chunk_000.pak.patch_055\natives/stm/character/_kit/_equipment/pants/286/wl_286_0_0_nrmr.tex.760230703 (deflate)
Wrote re_chunk_000.pak.patch_055\natives/stm/streaming/character/ch/ch51_000/ch51_000_head_nrmr.tex.760230703 (deflate)
Wrote re_chunk_000.pak.patch_055\natives/stm/streaming/character/it/it02/005/it02_005_0_0_nrmr.tex.760230703 (deflate)
Wrote re_chunk_000.pak.patch_055\natives/stm/character/_kit/_equipment/tops/808/bd_808_0_4_nrmr.tex.760230703 (deflate)
Wrote re_chunk_000.pak.patch_055\natives/stm/character/_kit/_equipment/tops/630/bd_630_0_2_nrmr.tex.760230703 (deflate)
Wrote re_chunk_000.pak.patch_055\natives/stm/character/_kit/body/body_611_m/hand_611_m_low_nrm.tex.760230703 (deflate)
Wrote re_chunk_000.pak.patch_055\natives/stm/character/_kit/head/head_207_m/head_207_m_low_nrm.tex.760230703 (deflate)
Wrote re_chunk_000.pak.patch_055\natives/stm/character/_kit/_equipment/pants/246/lg_246_0_1_nrmr.tex.760230703 (deflate)
Wrote re_chunk_000.pak.patch_055\natives/stm/character/_kit/body/body_226_f/body_226_f_high_nrmr.tex.760230703 (deflate)
Wrote re_chunk_000.pak.patch_055\natives/stm/character/ch/ch58_000/ch58_000_head_nrmr.tex.760230703 (deflate)
Wrote re_chunk_000.pak.patch_055\natives/stm/streaming/character/ch/ch58_001/ch58_001_breakchest_nrmr.tex.760230703 (deflate)
Wrote re_chunk_000.pak.patch_055\natives/stm/character/_kit/body/body_216_f/body_216_f_low_nrm.tex.760230703 (deflate)
Wrote re_chunk_000.pak.patch_055\natives/stm/streaming/character/_kit/_equipment/tops/048/bd_048_0_0_nrmr.tex.760230703 (deflate)
Wrote re_chunk_000.pak.patch_055\natives/stm/streaming/character/wp/wp06/000/wp06_000_0_0_nrmr.tex.760230703 (deflate)
Wrote re_chunk_000.pak.patch_055\natives/stm/streaming/character/_kit/body/body_605_m/hand_605_m_low_nrm.tex.760230703 (deflate)
Wrote re_chunk_000.pak.patch_055\natives/stm/streaming/character/ch/ch57_001/ch57_001_body4_nrmr.tex.760230703 (deflate)
Wrote re_chunk_000.pak.patch_055\natives/stm/streaming/character/_kit/body/body_211_f/hand_211_f_high_nrmr.tex.760230703 (deflate)
Wrote re_chunk_000.pak.patch_055\natives/stm/streaming/character/_kit/beard/beard_134/beard_134_fake_nrmr.tex.760230703 (deflate)
Wrote re_chunk_000.pak.patch_055\natives/stm/streaming/character/_kit/_equipment/tops/828/bd_828_0_1_nrmr.tex.760230703 (deflate)
Wrote re_chunk_000.pak.patch_055\natives/stm/character/ch/ch20_000/wp20_000_03/wp20_000_03_0_nrmr.tex.760230703 (deflate)
Wrote re_chunk_000.pak.patch_055\natives/stm/character/ch/ch20_000/wp20_000_20/wp20_000_20_0_0_nrmr.tex.760230703 (deflate)
Wrote re_chunk_000.pak.patch_055\natives/stm/streaming/character/_kit/_equipment/tops/628/am_628_0_0_nrmr.tex.760230703 (deflate)
Wrote re_chunk_000.pak.patch_055\natives/stm/character/ch/ch58_001/ch58_001_wing2_nrmr.tex.760230703 (deflate)
Wrote re_chunk_000.pak.patch_055\natives/stm/character/_kit/_equipment/tops/301/bd_301_0_1_nrmr.tex.760230703 (deflate)
Wrote re_chunk_000.pak.patch_055\natives/stm/character/_kit/_equipment/tops/210/am_210_0_1_nrmr.tex.760230703 (deflate)
Wrote re_chunk_000.pak.patch_055\natives/stm/character/_kit/_equipment/helm/514/hl_514_embroidery_01_nrmr.tex.760230703 (deflate)
Wrote re_chunk_000.pak.patch_055\natives/stm/character/_kit/_equipment/pants/509/wl_509_0_0_nrmr.tex.760230703 (deflate)
Wrote re_chunk_000.pak.patch_055\natives/stm/streaming/character/ch/ch28_000/head/head_901_f/head_901_f_nrmr.tex.760230703 (deflate)
Wrote re_chunk_000.pak.patch_055\natives/stm/streaming/character/ch/ch29_000/wp29_000_00/wp29_000_00_nrmr.tex.760230703 (deflate)
Wrote re_chunk_000.pak.patch_055\natives/stm/character/_kit/body/body_608_f/hand_608_f_low_nrm.tex.760230703 (deflate)
Wrote re_chunk_000.pak.patch_055\natives/stm/character/_kit/_equipment/pants/004/lg_004_0_0_nrmr.tex.760230703 (deflate)
Wrote re_chunk_000.pak.patch_055\natives/stm/streaming/character/ch/ch28_000/body/body_910_m/pants2_910_m_nrmr.tex.760230703 (deflate)
Wrote re_chunk_000.pak.patch_055\natives/stm/character/_kit/_equipment/tops/525/am_525_0_0_nrmr.tex.760230703 (deflate)
Wrote re_chunk_000.pak.patch_055\natives/stm/character/ch/ch56_000/ch56_000_eyeflatten_nrmr.tex.760230703 (deflate)
Wrote re_chunk_000.pak.patch_055\natives/stm/character/_kit/head/head_220_f/head_220_f_low_nrm.tex.760230703 (deflate)
Wrote re_chunk_000.pak.patch_055\natives/stm/character/ch/ch26_000/eq26_000_03/eq26_000_03_6_nrmr.tex.760230703 (deflate)
Wrote re_chunk_000.pak.patch_055\natives/stm/character/wp/wp00/014/wp00_014_0_0_nrmr.tex.760230703 (deflate)
Wrote re_chunk_000.pak.patch_055\natives/stm/character/ch/ch99_410/ch99_410_body_a_eyeflatten_nrmr.tex.760230703 (deflate)
Wrote re_chunk_000.pak.patch_055\natives/stm/streaming/character/_kit/_equipment/helm/027/hl_027_0_1_nrmr.tex.760230703 (deflate)
Wrote re_chunk_000.pak.patch_055\natives/stm/streaming/character/_kit/_equipment/tops/038/bd_038_0_2_nrmr.tex.760230703 (deflate)
Wrote re_chunk_000.pak.patch_055\natives/stm/character/_kit/body/body_204_m/hand_204_m_high_nrmr.tex.760230703 (deflate)
Wrote re_chunk_000.pak.patch_055\natives/stm/streaming/character/_kit/head/head_207_f/head_207_f_low_nrm.tex.760230703 (deflate)
Wrote re_chunk_000.pak.patch_055\natives/stm/character/_kit/_equipment/tops/039/bd_039_0_1_nrmr.tex.760230703 (deflate)
Wrote re_chunk_000.pak.patch_055\natives/stm/character/ch/ch99_030/ch99_030_eyeflatten_nrmr.tex.760230703 (deflate)
Wrote re_chunk_000.pak.patch_055\natives/stm/streaming/character/ch/ch99_400/ch99_400_body_a_eyeflatten_nrmr.tex.760230703 (deflate)
Wrote re_chunk_000.pak.patch_055\natives/stm/character/_kit/_equipment/tops/834/bd_834_decal_nrmr.tex.760230703 (deflate)
Wrote re_chunk_000.pak.patch_055\natives/stm/character/_kit/_equipment/helm/631/hl_631_0_1_nrmr.tex.760230703 (deflate)
Wrote re_chunk_000.pak.patch_055\natives/stm/streaming/character/_kit/_equipment/pants/041/wl_041_0_0_nrmr.tex.760230703 (deflate)
Wrote re_chunk_000.pak.patch_055\natives/stm/character/_kit/_equipment/helm/541/hl_541_0_0_nrmr.tex.760230703 (deflate)
Wrote re_chunk_000.pak.patch_055\natives/stm/vfx/texture/vector/13_vector_000_01_nrmr.tex.760230703 (deflate)
Wrote re_chunk_000.pak.patch_055\natives/stm/character/_kit/_equipment/helm/630/630_decal_0_nrmr.tex.760230703 (deflate)
Wrote re_chunk_000.pak.patch_055\natives/stm/streaming/character/_kit/body/body_211_m/hand_211_m_high_nrmr.tex.760230703 (deflate)
Wrote re_chunk_000.pak.patch_055\natives/stm/character/_kit/body/body_001_f/hand_001_f_low_nrm.tex.760230703 (deflate)
Wrote re_chunk_000.pak.patch_055\natives/stm/character/_kit/_equipment/mantle/502/mt_502_0_0_nrmr.tex.760230703 (deflate)
Wrote re_chunk_000.pak.patch_055\natives/stm/streaming/character/ch/ch54_000/ch54_000_face2_nrmr.tex.760230703 (deflate)
Wrote re_chunk_000.pak.patch_055\natives/stm/streaming/character/_kit/_equipment/tops/831/bd_831_0_5_nrmr.tex.760230703 (deflate)
Wrote re_chunk_000.pak.patch_055\natives/stm/character/ch/ch26_000/wp26_000_20/wp26_000_20_00_0_nrmr.tex.760230703 (deflate)
Wrote re_chunk_000.pak.patch_055\natives/stm/character/ch/ch21_002/ch21_002_eye_nrmr.tex.760230703 (deflate)
Wrote re_chunk_000.pak.patch_055\natives/stm/character/_kit/_equipment/tops/523/am_523_0_0_nrmr.tex.760230703 (deflate)
Wrote re_chunk_000.pak.patch_055\natives/stm/streaming/character/ch/ch99_400/ch99_400_body_a_nrmr.tex.760230703 (deflate)
Wrote re_chunk_000.pak.patch_055\natives/stm/streaming/character/_kit/hair/hair_004/hair_004_fake_nrmr.tex.760230703 (deflate)
Wrote re_chunk_000.pak.patch_055\natives/stm/character/wp/wp06/011/wp06_011_0_0_nrmr.tex.760230703 (deflate)
Wrote re_chunk_000.pak.patch_055\natives/stm/character/_kit/head/head_212_f/head_212_f_low_nrm.tex.760230703 (deflate)
Wrote re_chunk_000.pak.patch_055\natives/stm/streaming/character/_kit/_equipment/tops/051/bd_051_0_3_nrmr.tex.760230703 (deflate)
Wrote re_chunk_000.pak.patch_055\natives/stm/character/_kit/body/body_203_f/body_203_f_low_nrm.tex.760230703 (deflate)
Wrote re_chunk_000.pak.patch_055\natives/stm/streaming/character/_kit/_equipment/helm/232/hl_232_0_0_nrmr.tex.760230703 (deflate)
Wrote re_chunk_000.pak.patch_055\natives/stm/streaming/character/_kit/_equipment/pants/805/wl_805_0_0_nrmr.tex.760230703 (deflate)
Wrote re_chunk_000.pak.patch_055\natives/stm/streaming/character/_kit/hair/hair_073/hair_073_nrmr.tex.760230703 (deflate)
Wrote re_chunk_000.pak.patch_055\natives/stm/character/_kit/hair/hair_053/hair_053_fake_nrmr.tex.760230703 (deflate)
Wrote re_chunk_000.pak.patch_055\natives/stm/character/_kit/_equipment/tops/509/bd_509_0_0_nrmr.tex.760230703 (deflate)
Wrote re_chunk_000.pak.patch_055\natives/stm/character/_kit/_equipment/tops/242/wb_242_0_0_nrmr.tex.760230703 (deflate)
Wrote re_chunk_000.pak.patch_055\natives/stm/character/ch/ch58_000/ch58_000_eye_nrmr.tex.760230703 (deflate)
Wrote re_chunk_000.pak.patch_055\natives/stm/streaming/character/_kit/head/head_820_m/head_820_m_low_nrm.tex.760230703 (deflate)
Wrote re_chunk_000.pak.patch_055\natives/stm/character/_kit/body/body_206_m/body_206_m_low_nrm.tex.760230703 (deflate)
Wrote re_chunk_000.pak.patch_055\natives/stm/character/ch/ch59_000/ch59_000_crystal_nrmr.tex.760230703 (deflate)
Wrote re_chunk_000.pak.patch_055\natives/stm/character/ch/ch99_430/ch99_430_body_a_nrmr.tex.760230703 (deflate)
Wrote re_chunk_000.pak.patch_055\natives/stm/character/_kit/_equipment/tops/625/wb_625_0_0_nrmr.tex.760230703 (deflate)
Wrote re_chunk_000.pak.patch_055\natives/stm/streaming/character/shared/pattern/pattern_knittedleather_03_nrmr.tex.760230703 (deflate)
Wrote re_chunk_000.pak.patch_055\natives/stm/character/_kit/_equipment/pants/511/wl_511_0_0_nrmr.tex.760230703 (deflate)
Wrote re_chunk_000.pak.patch_055\natives/stm/character/_kit/_equipment/tops/048/bd_048_0_3_nrmr.tex.760230703 (deflate)
Wrote re_chunk_000.pak.patch_055\natives/stm/character/_kit/_equipment/tops/539/wb_539_0_0_nrmr.tex.760230703 (deflate)
Wrote re_chunk_000.pak.patch_055\natives/stm/streaming/character/_kit/_equipment/tops/012/bd_012_0_3_nrmr.tex.760230703 (deflate)
Wrote re_chunk_000.pak.patch_055\natives/stm/character/_kit/_equipment/pants/246/lg_246_0_0_nrmr.tex.760230703 (deflate)
Wrote re_chunk_000.pak.patch_055\natives/stm/character/_kit/body/body_600_f/hand_600_f_low_nrm.tex.760230703 (deflate)
Wrote re_chunk_000.pak.patch_055\natives/stm/streaming/character/wp/wp00/019/wp00_019_0_0_nrmr.tex.760230703 (deflate)
Wrote re_chunk_000.pak.patch_055\natives/stm/character/_kit/_equipment/pants/500/wl_500_0_0_nrmr.tex.760230703 (deflate)
Wrote re_chunk_000.pak.patch_055\natives/stm/character/it/it10/011/it10_011_0_0_nrmr.tex.760230703 (deflate)
Wrote re_chunk_000.pak.patch_055\natives/stm/streaming/character/_kit/_equipment/tops/257/am_257_0_1_nrmr.tex.760230703 (deflate)
Wrote re_chunk_000.pak.patch_055\natives/stm/character/_kit/_equipment/pants/007/lg_007_0_0_nrmr.tex.760230703 (deflate)
Wrote re_chunk_000.pak.patch_055\natives/stm/streaming/character/_kit/body/body_224_f/hand_224_f_high_nrmr.tex.760230703 (deflate)
Wrote re_chunk_000.pak.patch_055\natives/stm/streaming/character/_kit/body/body_607_f/hand_607_f_low_nrm.tex.760230703 (deflate)
Wrote re_chunk_000.pak.patch_055\natives/stm/character/_kit/_equipment/tops/045/wb_045_0_1_nrmr.tex.760230703 (deflate)
Wrote re_chunk_000.pak.patch_055\natives/stm/character/_kit/body/body_002_f/body_002_f_high_nrmr.tex.760230703 (deflate)
Wrote re_chunk_000.pak.patch_055\natives/stm/streaming/character/_kit/_equipment/mantle/004/mt_004_0_0_nrmr.tex.760230703 (deflate)
Wrote re_chunk_000.pak.patch_055\natives/stm/streaming/character/ch/ch59_000/ch59_000_crystal_nrmr.tex.760230703 (deflate)
Wrote re_chunk_000.pak.patch_055\natives/stm/character/_kit/head/head_206_f/head_206_f_high_nrmr.tex.760230703 (deflate)
Wrote re_chunk_000.pak.patch_055\natives/stm/streaming/character/wp/wp10/005/wp10_005_0_0_nrmr.tex.760230703 (deflate)
Wrote re_chunk_000.pak.patch_055\natives/stm/character/_kit/_equipment/tops/001/bd_001_0_0_nrmr.tex.760230703 (deflate)
Wrote re_chunk_000.pak.patch_055\natives/stm/character/_kit/_equipment/helm/237/hl_237_0_0_nrmr.tex.760230703 (deflate)
Wrote re_chunk_000.pak.patch_055\natives/stm/streaming/character/_kit/body/body_206_m/body_206_m_low_nrm.tex.760230703 (deflate)
Wrote re_chunk_000.pak.patch_055\natives/stm/character/wp/wp04/001/wp04_001_0_0_nrmr.tex.760230703 (deflate)
Wrote re_chunk_000.pak.patch_055\natives/stm/streaming/character/wp/wp07/003/wp07_003_0_0_nrmr.tex.760230703 (deflate)
Wrote re_chunk_000.pak.patch_055\natives/stm/character/_kit/body/body_821_f/body_821_f_high_nrmr.tex.760230703 (deflate)
Wrote re_chunk_000.pak.patch_055\natives/stm/streaming/character/_kit/head/head_820_m/head_820_m_high_nrmr.tex.760230703 (deflate)
Wrote re_chunk_000.pak.patch_055\natives/stm/character/_kit/_equipment/helm/502/hl_502_0_0_nrmr.tex.760230703 (deflate)
Wrote re_chunk_000.pak.patch_055\natives/stm/streaming/character/_kit/head/head_212_m/head_212_m_high_nrmr.tex.760230703 (deflate)
Wrote re_chunk_000.pak.patch_055\natives/stm/streaming/character/_kit/_equipment/tops/249/bd_249_0_2_nrmr.tex.760230703 (deflate)
Wrote re_chunk_000.pak.patch_055\natives/stm/streaming/character/ch/ch99_010/ch99_010_body_a_nrmr.tex.760230703 (deflate)
Wrote re_chunk_000.pak.patch_055\natives/stm/streaming/character/ch/ch55_000/ch55_000_atlasangryface_nrmr.tex.760230703 (deflate)
Wrote re_chunk_000.pak.patch_055\natives/stm/streaming/character/_kit/hair/hair_034/hair_034_fake_nrmr.tex.760230703 (deflate)
Wrote re_chunk_000.pak.patch_055\natives/stm/streaming/character/_kit/_equipment/tops/618/wb_618_0_0_nrmr.tex.760230703 (deflate)
Wrote re_chunk_000.pak.patch_055\natives/stm/streaming/character/_kit/hair/hair_037/hair_037_nrmr.tex.760230703 (deflate)
Wrote re_chunk_000.pak.patch_055\natives/stm/character/wp/wp05/002/wp05_002_0_0_nrmr.tex.760230703 (deflate)
Wrote re_chunk_000.pak.patch_055\natives/stm/character/_kit/_equipment/tops/008/bd_008_0_1_nrmr.tex.760230703 (deflate)
Wrote re_chunk_000.pak.patch_055\natives/stm/streaming/character/_kit/body/body_605_f/hand_605_f_low_nrm.tex.760230703 (deflate)
Wrote re_chunk_000.pak.patch_055\natives/stm/character/_kit/_equipment/helm/513/hl_513_0_0_nrmr.tex.760230703 (deflate)
Wrote re_chunk_000.pak.patch_055\natives/stm/character/_kit/_equipment/pants/523/wl_523_0_0_nrmr.tex.760230703 (deflate)
Wrote re_chunk_000.pak.patch_055\natives/stm/character/_kit/body/body_611_m/body_611_m_low_nrm.tex.760230703 (deflate)
Wrote re_chunk_000.pak.patch_055\natives/stm/streaming/character/_kit/body/body_201_f/body_201_f_high_nrmr.tex.760230703 (deflate)
Wrote re_chunk_000.pak.patch_055\natives/stm/streaming/character/_kit/_equipment/tops/809/wb_809_0_0_nrmr.tex.760230703 (deflate)
Wrote re_chunk_000.pak.patch_055\natives/stm/character/_kit/_equipment/mantle/012/mt_012_0_0_nrmr.tex.760230703 (deflate)
Wrote re_chunk_000.pak.patch_055\natives/stm/character/_kit/_equipment/tops/801/am_801_0_0_nrmr.tex.760230703 (deflate)
Wrote re_chunk_000.pak.patch_055\natives/stm/character/_kit/head/head_607_f/head_607_f_high_nrmr.tex.760230703 (deflate)
Wrote re_chunk_000.pak.patch_055\natives/stm/character/_kit/eyelashes/eyelashes_000/eyelashes_000_nrmr.tex.760230703 (deflate)
Wrote re_chunk_000.pak.patch_055\natives/stm/vfx/texture/decal/13_hyuzibuliquid_000_00_nrmr.tex.760230703 (deflate)
Wrote re_chunk_000.pak.patch_055\natives/stm/character/_kit/_equipment/tops/604/wb_604_0_0_nrmr.tex.760230703 (deflate)
Wrote re_chunk_000.pak.patch_055\natives/stm/character/_kit/head/head_604_f/head_604_f_low_nrm.tex.760230703 (deflate)
Wrote re_chunk_000.pak.patch_055\natives/stm/streaming/character/_kit/head/head_221_f/head_221_f_high_nrmr.tex.760230703 (deflate)
Wrote re_chunk_000.pak.patch_055\natives/stm/environment/textures/tx_046_nrmr.tex.760230703 (deflate)
Wrote re_chunk_000.pak.patch_055\natives/stm/streaming/character/_kit/body/body_602_f/hand_602_f_high_nrmr.tex.760230703 (deflate)
Wrote re_chunk_000.pak.patch_055\natives/stm/character/ch/ch20_000/wp20_000_02/wp20_000_02_1_nrmr.tex.760230703 (deflate)
Wrote re_chunk_000.pak.patch_055\natives/stm/streaming/character/_kit/_equipment/pants/049/lg_049_0_0_nrmr.tex.760230703 (deflate)
Wrote re_chunk_000.pak.patch_055\natives/stm/streaming/character/ch/ch22_003/ch22_003_hair_nrmr.tex.760230703 (deflate)
Wrote re_chunk_000.pak.patch_055\natives/stm/streaming/character/wp/wp00/050/wp00_050_0_0_nrmr.tex.760230703 (deflate)
Wrote re_chunk_000.pak.patch_055\natives/stm/streaming/character/_kit/head/head_200_f/head_200_f_high_nrmr.tex.760230703 (deflate)
Wrote re_chunk_000.pak.patch_055\natives/stm/streaming/character/_kit/_equipment/tops/520/am_520_0_0_nrmr.tex.760230703 (deflate)
Wrote re_chunk_000.pak.patch_055\natives/stm/streaming/character/_kit/_equipment/helm/264/hl_264_0_0_nrmr.tex.760230703 (deflate)
Wrote re_chunk_000.pak.patch_055\natives/stm/streaming/character/_kit/body/body_222_m/body_222_m_low_nrm.tex.760230703 (deflate)
Wrote re_chunk_000.pak.patch_055\natives/stm/character/_kit/hair/hair_001/hair_001_fake_nrmr.tex.760230703 (deflate)
Wrote re_chunk_000.pak.patch_055\natives/stm/streaming/character/ch/ch57_000/ch57_000_body1_nrmr.tex.760230703 (deflate)
Wrote re_chunk_000.pak.patch_055\natives/stm/streaming/character/_kit/_equipment/tops/521/am_521_0_0_nrmr.tex.760230703 (deflate)
Wrote re_chunk_000.pak.patch_055\natives/stm/character/_kit/body/body_607_m/hand_607_m_low_nrm.tex.760230703 (deflate)
Wrote re_chunk_000.pak.patch_055\natives/stm/streaming/character/_kit/_equipment/tops/039/bd_039_0_0_nrmr.tex.760230703 (deflate)
Wrote re_chunk_000.pak.patch_055\natives/stm/character/ch/ch99_030/ch99_030_body_a_nrmr.tex.760230703 (deflate)
Wrote re_chunk_000.pak.patch_055\natives/stm/character/ch/ch55_000/ch55_000_eye_nrmr.tex.760230703 (deflate)
Wrote re_chunk_000.pak.patch_055\natives/stm/vfx/texture/decal/13_areadecal_000_00_nrmr.tex.760230703 (deflate)
Wrote re_chunk_000.pak.patch_055\natives/stm/streaming/character/_kit/_equipment/helm/028/hl_028_0_1_nrmr.tex.760230703 (deflate)
Wrote re_chunk_000.pak.patch_055\natives/stm/streaming/character/ch/ch26_000/eq26_000_02/eq26_000_02_3_nrmr.tex.760230703 (deflate)
Wrote re_chunk_000.pak.patch_055\natives/stm/streaming/character/_kit/body/body_220_f/hand_220_f_low_nrm.tex.760230703 (deflate)
Wrote re_chunk_000.pak.patch_055\natives/stm/streaming/character/_kit/_equipment/tops/622/wb_622_0_2_nrmr.tex.760230703 (deflate)
Wrote re_chunk_000.pak.patch_055\natives/stm/character/_kit/body/body_611_m/hand_611_m_high_nrmr.tex.760230703 (deflate)
Wrote re_chunk_000.pak.patch_055\natives/stm/character/_kit/head/head_208_m/head_208_m_high_nrmr.tex.760230703 (deflate)
Wrote re_chunk_000.pak.patch_055\natives/stm/streaming/character/_kit/hair/hair_073/hair_073_fake_nrmr.tex.760230703 (deflate)
Wrote re_chunk_000.pak.patch_055\natives/stm/streaming/character/_kit/body/body_221_f/body_221_f_low_nrm.tex.760230703 (deflate)
Wrote re_chunk_000.pak.patch_055\natives/stm/character/_kit/_equipment/pants/015/lg_015_0_0_nrmr.tex.760230703 (deflate)
Wrote re_chunk_000.pak.patch_055\natives/stm/character/_kit/head/head_209_m/head_209_m_high_nrmr.tex.760230703 (deflate)
Wrote re_chunk_000.pak.patch_055\natives/stm/streaming/character/wp/wp07/009/wp07_009_0_0_nrmr.tex.760230703 (deflate)
Wrote re_chunk_000.pak.patch_055\natives/stm/character/_kit/_equipment/helm/056/hl_056_0_0_fur_nrmr.tex.760230703 (deflate)
Wrote re_chunk_000.pak.patch_055\natives/stm/character/_kit/_equipment/tops/264/am_264_0_0_nrmr.tex.760230703 (deflate)
Wrote re_chunk_000.pak.patch_055\natives/stm/character/ch/ch50_000/ch50_000_eye_nrmr.tex.760230703 (deflate)
Wrote re_chunk_000.pak.patch_055\natives/stm/character/_kit/head/head_221_m/head_221_m_low_nrm.tex.760230703 (deflate)
Wrote re_chunk_000.pak.patch_055\natives/stm/character/_kit/_equipment/facewear/308/facewear_308_0_0_nrmr.tex.760230703 (deflate)
Wrote re_chunk_000.pak.patch_055\natives/stm/streaming/environment/textures/tx_038_nrmr.tex.760230703 (deflate)
Wrote re_chunk_000.pak.patch_055\natives/stm/streaming/character/_kit/_equipment/helm/045/hl_045_0_0_nrmr.tex.760230703 (deflate)
Wrote re_chunk_000.pak.patch_055\natives/stm/character/_kit/head/head_206_m/head_206_m_low_nrm.tex.760230703 (deflate)
Wrote re_chunk_000.pak.patch_055\natives/stm/streaming/character/ch/ch21_000/ch21_000_body_nrmr.tex.760230703 (deflate)
Wrote re_chunk_000.pak.patch_055\natives/stm/character/_kit/_equipment/helm/008/hl_008_0_0_nrmr.tex.760230703 (deflate)
Wrote re_chunk_000.pak.patch_055\natives/stm/streaming/character/_kit/_equipment/tops/630/bd_630_0_1_nrmr.tex.760230703 (deflate)
Wrote re_chunk_000.pak.patch_055\natives/stm/character/_kit/hair/hair_059/band_nrmr.tex.760230703 (deflate)
Wrote re_chunk_000.pak.patch_055\natives/stm/character/_kit/body/body_224_f/body_224_f_high_nrmr.tex.760230703 (deflate)
Wrote re_chunk_000.pak.patch_055\natives/stm/streaming/character/ch/ch20_001/wp20_001_04/wp20_001_04_1_nrmr.tex.760230703 (deflate)
Wrote re_chunk_000.pak.patch_055\natives/stm/character/_kit/_equipment/helm/236/hl_236_0_0_nrmr.tex.760230703 (deflate)
Wrote re_chunk_000.pak.patch_055\natives/stm/streaming/character/_kit/body/body_218_m/hand_218_m_high_nrmr.tex.760230703 (deflate)
Wrote re_chunk_000.pak.patch_055\natives/stm/character/ch/ch52_000/ch52_000_body6_nrmr.tex.760230703 (deflate)
Wrote re_chunk_000.pak.patch_055\natives/stm/character/_kit/_equipment/pants/501/lg_501_0_0_nrmr.tex.760230703 (deflate)
Wrote re_chunk_000.pak.patch_055\natives/stm/character/_kit/body/body_207_f/hand_207_f_low_nrm.tex.760230703 (deflate)
Wrote re_chunk_000.pak.patch_055\natives/stm/streaming/character/_kit/_equipment/mantle/805/mt_805_0_0_nrmr.tex.760230703 (deflate)
Wrote re_chunk_000.pak.patch_055\natives/stm/streaming/character/ch/ch28_000/body/body_900_f/body_900_f_nrmr.tex.760230703 (deflate)
Wrote re_chunk_000.pak.patch_055\natives/stm/character/_kit/_equipment/tops/805/lace_805_0_1_nrmr.tex.760230703 (deflate)
Wrote re_chunk_000.pak.patch_055\natives/stm/vfx/texture/decal/13_stonedecal_001_02_nrmr.tex.760230703 (deflate)
Wrote re_chunk_000.pak.patch_055\natives/stm/streaming/character/_kit/body/body_202_m/hand_202_m_low_nrm.tex.760230703 (deflate)
Wrote re_chunk_000.pak.patch_055\natives/stm/vfx/texture/decal/13_soildecal_000_00_nrmr.tex.760230703 (deflate)
Wrote re_chunk_000.pak.patch_055\natives/stm/character/_kit/_equipment/pants/002/lg_002_0_1_nrmr.tex.760230703 (deflate)
Wrote re_chunk_000.pak.patch_055\natives/stm/streaming/character/_kit/_equipment/helm/514/hl_514_embroidery_01_nrmr.tex.760230703 (deflate)
Wrote re_chunk_000.pak.patch_055\natives/stm/streaming/character/ch/ch51_000/ch51_000_eye_nrmr.tex.760230703 (deflate)
Wrote re_chunk_000.pak.patch_055\natives/stm/streaming/character/_kit/_equipment/pants/537/lg_537_0_0_nrmr.tex.760230703 (deflate)
Wrote re_chunk_000.pak.patch_055\natives/stm/character/_kit/_equipment/pants/242/wl_242_0_0_nrmr.tex.760230703 (deflate)
Wrote re_chunk_000.pak.patch_055\natives/stm/character/_kit/_equipment/mantle/051/mt_051_0_0_nrmr.tex.760230703 (deflate)
Wrote re_chunk_000.pak.patch_055\natives/stm/streaming/character/ch/ch55_000/ch55_000_eye_nrmr.tex.760230703 (deflate)
Wrote re_chunk_000.pak.patch_055\natives/stm/character/_kit/_equipment/tops/807/bd_807_0_0_nrmr.tex.760230703 (deflate)
Wrote re_chunk_000.pak.patch_055\natives/stm/character/_kit/hair/hair_025/hair_025_nrmr.tex.760230703 (deflate)
Wrote re_chunk_000.pak.patch_055\natives/stm/character/_kit/body/body_222_m/hand_222_m_low_nrm.tex.760230703 (deflate)
Wrote re_chunk_000.pak.patch_055\natives/stm/streaming/character/_kit/_equipment/tops/801/bd_801_0_0_nrmr.tex.760230703 (deflate)
Wrote re_chunk_000.pak.patch_055\natives/stm/streaming/character/_kit/_equipment/tops/034/wb_034_0_0_nrmr.tex.760230703 (deflate)
Wrote re_chunk_000.pak.patch_055\natives/stm/streaming/character/_kit/_equipment/tops/529/wb_529_0_0_nrmr.tex.760230703 (deflate)
Wrote re_chunk_000.pak.patch_055\natives/stm/streaming/character/_kit/body/body_221_m/body_221_m_low_nrm.tex.760230703 (deflate)
Wrote re_chunk_000.pak.patch_055\natives/stm/character/_kit/_equipment/tops/038/am_038_0_0_nrmr.tex.760230703 (deflate)
Wrote re_chunk_000.pak.patch_055\natives/stm/streaming/character/ch/ch20_002/wp20_002_01/wp20_002_01_0_nrmr.tex.760230703 (deflate)
Wrote re_chunk_000.pak.patch_055\natives/stm/character/_kit/head/head_217_m/head_217_m_high_nrmr.tex.760230703 (deflate)
Wrote re_chunk_000.pak.patch_055\natives/stm/character/_kit/_equipment/tops/039/am_039_0_0_nrmr.tex.760230703 (deflate)
Wrote re_chunk_000.pak.patch_055\natives/stm/character/wp/wp09/008/wp09_008_0_0_nrmr.tex.760230703 (deflate)
Wrote re_chunk_000.pak.patch_055\natives/stm/streaming/character/wp/wp06/011/wp06_011_0_0_nrmr.tex.760230703 (deflate)
Wrote re_chunk_000.pak.patch_055\natives/stm/streaming/character/_kit/beard/beard_853/beard_853_fake_nrmr.tex.760230703 (deflate)
Wrote re_chunk_000.pak.patch_055\natives/stm/streaming/character/it/it10/003/it10_003_0_0_nrmr.tex.760230703 (deflate)
Wrote re_chunk_000.pak.patch_055\natives/stm/streaming/character/ch/ch26_000/eq26_000_05/eq26_000_05_2_nrmr.tex.760230703 (deflate)
Wrote re_chunk_000.pak.patch_055\natives/stm/character/ch/ch26_000/wp26_000_06/wp26_000_06_0_nrmr.tex.760230703 (deflate)
Wrote re_chunk_000.pak.patch_055\natives/stm/character/_kit/head/head_606_m/head_606_m_low_nrm.tex.760230703 (deflate)
Wrote re_chunk_000.pak.patch_055\natives/stm/character/wp/wp02/014/wp02_014_0_0_nrmr.tex.760230703 (deflate)
Wrote re_chunk_000.pak.patch_055\natives/stm/character/ch/ch99_011/ch99_011_body_a_eyeflatten_nrmr.tex.760230703 (deflate)
Wrote re_chunk_000.pak.patch_055\natives/stm/streaming/character/ch/ch99_210/ch99_210_body_a_nrmr.tex.760230703 (deflate)
Wrote re_chunk_000.pak.patch_055\natives/stm/streaming/character/_kit/_equipment/mantle/524/mt_524_0_0_nrmr.tex.760230703 (deflate)
Wrote re_chunk_000.pak.patch_055\natives/stm/streaming/character/_kit/_equipment/pants/013/lg_013_0_1_nrmr.tex.760230703 (deflate)
Wrote re_chunk_000.pak.patch_055\natives/stm/character/_kit/_equipment/pants/529/lg_529_0_0_nrmr.tex.760230703 (deflate)
Wrote re_chunk_000.pak.patch_055\natives/stm/character/ch/ch20_002/wp20_002_22/wp20_002_22_1_nrmr.tex.760230703 (deflate)
Wrote re_chunk_000.pak.patch_055\natives/stm/character/ch/ch56_001/ch56_001_fur_nrmr.tex.760230703 (deflate)
Wrote re_chunk_000.pak.patch_055\natives/stm/character/ch/ch28_000/body/body_910_m/pants1_910_m_inflation_nrmr.tex.760230703 (deflate)
Wrote re_chunk_000.pak.patch_055\natives/stm/streaming/character/_kit/_equipment/mantle/021/mt_021_0_1_nrmr.tex.760230703 (deflate)
Wrote re_chunk_000.pak.patch_055\natives/stm/character/_kit/_equipment/tops/220/am_220_0_0_nrmr.tex.760230703 (deflate)
Wrote re_chunk_000.pak.patch_055\natives/stm/character/wp/wp10/000/wp10_000_0_0_nrmr.tex.760230703 (deflate)
Wrote re_chunk_000.pak.patch_055\natives/stm/streaming/character/_kit/_equipment/tops/036/bd_036_0_3_nrmr.tex.760230703 (deflate)
Wrote re_chunk_000.pak.patch_055\natives/stm/streaming/character/wp/wp05/004/wp05_004_0_0_nrmr.tex.760230703 (deflate)
Wrote re_chunk_000.pak.patch_055\natives/stm/streaming/character/_kit/body/body_213_m/body_213_m_high_nrmr.tex.760230703 (deflate)
Wrote re_chunk_000.pak.patch_055\natives/stm/streaming/character/_kit/body/body_210_f/hand_210_f_high_nrmr.tex.760230703 (deflate)
Wrote re_chunk_000.pak.patch_055\natives/stm/character/wp/wp10/001/wp10_001_0_0_nrmr.tex.760230703 (deflate)
Wrote re_chunk_000.pak.patch_055\natives/stm/character/_kit/_equipment/pants/811/lg_811_0_1_nrmr.tex.760230703 (deflate)
Wrote re_chunk_000.pak.patch_055\natives/stm/character/_kit/head/head_223_f/head_223_f_high_nrmr.tex.760230703 (deflate)
Wrote re_chunk_000.pak.patch_055\natives/stm/streaming/character/ch/ch28_000/hair/hair_911/hair_911_nrmr.tex.760230703 (deflate)
Wrote re_chunk_000.pak.patch_055\natives/stm/character/ch/ch26_000/wp26_000_03/wp26_000_03_0_nrmr.tex.760230703 (deflate)
Wrote re_chunk_000.pak.patch_055\natives/stm/character/_kit/head/head_601_m/head_601_m_high_nrmr.tex.760230703 (deflate)
Wrote re_chunk_000.pak.patch_055\natives/stm/streaming/character/_kit/_equipment/tops/008/008_ embroidery_01_nrmr.tex.760230703 (deflate)
Wrote re_chunk_000.pak.patch_055\natives/stm/streaming/character/_kit/_equipment/mantle/036/mt_036_0_0_nrmr.tex.760230703 (deflate)
Wrote re_chunk_000.pak.patch_055\natives/stm/streaming/character/wp/wp01/009/wp01_009_0_0_nrmr.tex.760230703 (deflate)
Wrote re_chunk_000.pak.patch_055\natives/stm/character/_kit/body/body_225_f/body_225_f_high_nrmr.tex.760230703 (deflate)
Wrote re_chunk_000.pak.patch_055\natives/stm/streaming/character/_kit/head/head_211_m/head_211_m_high_nrmr.tex.760230703 (deflate)
Wrote re_chunk_000.pak.patch_055\natives/stm/character/_kit/body/body_603_f/body_603_f_low_nrm.tex.760230703 (deflate)
Wrote re_chunk_000.pak.patch_055\natives/stm/character/wp/wp03/014/wp03_014_0_0_nrmr.tex.760230703 (deflate)
Wrote re_chunk_000.pak.patch_055\natives/stm/streaming/character/ch/ch99_020/ch99_020_body_a_eyeflatten_nrmr.tex.760230703 (deflate)
Wrote re_chunk_000.pak.patch_055\natives/stm/streaming/character/_kit/_equipment/pants/813/wl_813_0_1_nrmr.tex.760230703 (deflate)
Wrote re_chunk_000.pak.patch_055\natives/stm/character/_kit/_equipment/tops/247/tops_247_bd_00_nrmr.tex.760230703 (deflate)
Wrote re_chunk_000.pak.patch_055\natives/stm/streaming/character/_kit/_equipment/pants/625/wl_625_0_0_nrmr.tex.760230703 (deflate)
Wrote re_chunk_000.pak.patch_055\natives/stm/streaming/character/_kit/body/body_213_f/hand_213_f_high_nrmr.tex.760230703 (deflate)
Wrote re_chunk_000.pak.patch_055\natives/stm/streaming/character/ch/ch58_001/ch58_001_heart_nrmr.tex.760230703 (deflate)
Wrote re_chunk_000.pak.patch_055\natives/stm/streaming/character/_kit/_equipment/tops/817/bd_817_0_1_nrmr.tex.760230703 (deflate)
Wrote re_chunk_000.pak.patch_055\natives/stm/streaming/character/_kit/hair/hair_043/hair_043_nrmr.tex.760230703 (deflate)
Wrote re_chunk_000.pak.patch_055\natives/stm/character/_kit/_equipment/tops/012/bd_012_0_2_nrmr.tex.760230703 (deflate)
Wrote re_chunk_000.pak.patch_055\natives/stm/character/_kit/body/body_223_f/body_223_f_low_nrm.tex.760230703 (deflate)
Wrote re_chunk_000.pak.patch_055\natives/stm/streaming/character/ch/ch28_000/hair/hair_908/hair_908_nrmr.tex.760230703 (deflate)
Wrote re_chunk_000.pak.patch_055\natives/stm/streaming/character/ch/ch26_000/wp26_000_04/wp26_000_04_0_nrmr.tex.760230703 (deflate)
Wrote re_chunk_000.pak.patch_055\natives/stm/streaming/character/ch/ch20_000/ch20_000_eyeflatten_nrmr.tex.760230703 (deflate)
Wrote re_chunk_000.pak.patch_055\natives/stm/character/_kit/body/body_003_f/body_003_f_high_nrmr.tex.760230703 (deflate)
Wrote re_chunk_000.pak.patch_055\natives/stm/streaming/character/wp/wp01/005/wp01_005_0_0_nrmr.tex.760230703 (deflate)
Wrote re_chunk_000.pak.patch_055\natives/stm/streaming/character/ch/ch56_000/ch56_000_fur_nrmr.tex.760230703 (deflate)
Wrote re_chunk_000.pak.patch_055\natives/stm/streaming/character/_kit/body/body_215_m/body_215_m_high_nrmr.tex.760230703 (deflate)
Wrote re_chunk_000.pak.patch_055\natives/stm/character/ch/ch20_001/helm/00/eq20_001_00_hl_1_nrmr.tex.760230703 (deflate)
Wrote re_chunk_000.pak.patch_055\natives/stm/character/_kit/hair/hair_064/hair_064_fake_nrmr.tex.760230703 (deflate)
Wrote re_chunk_000.pak.patch_055\natives/stm/streaming/character/_kit/body/body_605_m/body_605_m_high_nrmr.tex.760230703 (deflate)
Wrote re_chunk_000.pak.patch_055\natives/stm/streaming/character/_kit/hair/hair_039/hair_039_fake_nrmr.tex.760230703 (deflate)
Wrote re_chunk_000.pak.patch_055\natives/stm/streaming/character/_kit/hair/hair_055/hair_055_fake_nrmr.tex.760230703 (deflate)
Wrote re_chunk_000.pak.patch_055\natives/stm/streaming/character/_kit/body/body_224_f/body_224_f_high_nrmr.tex.760230703 (deflate)
Wrote re_chunk_000.pak.patch_055\natives/stm/character/_kit/_equipment/tops/051/bd_051_0_2_nrmr.tex.760230703 (deflate)
Wrote re_chunk_000.pak.patch_055\natives/stm/character/_kit/body/body_223_f/body_223_f_high_nrmr.tex.760230703 (deflate)
Wrote re_chunk_000.pak.patch_055\natives/stm/streaming/character/ch/ch26_000/eq26_000_01/eq26_000_01_3_nrmr.tex.760230703 (deflate)
Wrote re_chunk_000.pak.patch_055\natives/stm/character/wp/wp02/010/wp02_010_0_0_nrmr.tex.760230703 (deflate)
Wrote re_chunk_000.pak.patch_055\natives/stm/streaming/vfx/texture/liquid/13_ch57_001_liquid02_nrmr.tex.760230703 (deflate)
Wrote re_chunk_000.pak.patch_055\natives/stm/streaming/character/_kit/_equipment/tops/001/am_001_0_0_nrmr.tex.760230703 (deflate)
Wrote re_chunk_000.pak.patch_055\natives/stm/character/it/it02/000/it02_000_0_0_nrmr.tex.760230703 (deflate)
Wrote re_chunk_000.pak.patch_055\natives/stm/streaming/character/ch/ch56_000/ch56_000_head_nrmr.tex.760230703 (deflate)
Wrote re_chunk_000.pak.patch_055\natives/stm/character/_kit/_equipment/pants/253/lg_253_0_1_nrmr.tex.760230703 (deflate)
Wrote re_chunk_000.pak.patch_055\natives/stm/streaming/character/_kit/_equipment/tops/257/bd_257_0_0_nrmr.tex.760230703 (deflate)
Wrote re_chunk_000.pak.patch_055\natives/stm/streaming/character/_kit/_equipment/tops/222/bd_222_0_2_m_nrmr.tex.760230703 (deflate)
Wrote re_chunk_000.pak.patch_055\natives/stm/character/_kit/head/head_220_f/head_220_f_high_nrmr.tex.760230703 (deflate)
Wrote re_chunk_000.pak.patch_055\natives/stm/streaming/character/_kit/hair/hair_054/hair_054_nrmr.tex.760230703 (deflate)
Wrote re_chunk_000.pak.patch_055\natives/stm/character/_kit/_equipment/pants/809/wl_809_0_0_nrmr.tex.760230703 (deflate)
Wrote re_chunk_000.pak.patch_055\natives/stm/character/_kit/_equipment/tops/004/wb_004_0_0_nrmr.tex.760230703 (deflate)
Wrote re_chunk_000.pak.patch_055\natives/stm/character/ch/ch21_000/ch21_000_blendbody_nrmr.tex.760230703 (deflate)
Wrote re_chunk_000.pak.patch_055\natives/stm/character/_kit/head/head_600_m/head_600_m_high_nrmr.tex.760230703 (deflate)
Wrote re_chunk_000.pak.patch_055\natives/stm/streaming/character/_kit/body/body_202_m/body_202_m_low_nrm.tex.760230703 (deflate)
Wrote re_chunk_000.pak.patch_055\natives/stm/streaming/character/_kit/head/head_609_m/head_609_m_low_nrm.tex.760230703 (deflate)
Wrote re_chunk_000.pak.patch_055\natives/stm/character/_kit/_equipment/tops/303/bd_303_0_0_nrmr.tex.760230703 (deflate)
Wrote re_chunk_000.pak.patch_055\natives/stm/streaming/character/ch/ch22_000/ch22_000_eyeflatten_nrmr.tex.760230703 (deflate)
Wrote re_chunk_000.pak.patch_055\natives/stm/streaming/character/_kit/beard/beard_007/beard_007_fake_nrmr.tex.760230703 (deflate)
Wrote re_chunk_000.pak.patch_055\natives/stm/character/wp/wp01/006/wp01_006_0_1_nrmr.tex.760230703 (deflate)
Wrote re_chunk_000.pak.patch_055\natives/stm/streaming/character/_kit/beard/beard_001/beard_001_fake_nrmr.tex.760230703 (deflate)
Wrote re_chunk_000.pak.patch_055\natives/stm/streaming/character/_kit/body/body_608_f/hand_608_f_high_nrmr.tex.760230703 (deflate)
Wrote re_chunk_000.pak.patch_055\natives/stm/character/_kit/hair/hair_036/hair_036_nrmr.tex.760230703 (deflate)
Wrote re_chunk_000.pak.patch_055\natives/stm/character/_kit/_equipment/mantle/529/529_embroidery_00_nrmr.tex.760230703 (deflate)
Wrote re_chunk_000.pak.patch_055\natives/stm/character/wp/wp00/007/wp00_007_0_0_nrmr.tex.760230703 (deflate)
Wrote re_chunk_000.pak.patch_055\natives/stm/streaming/character/wp/wp02/006/wp02_006_0_0_nrmr.tex.760230703 (deflate)
Wrote re_chunk_000.pak.patch_055\natives/stm/environment/textures/tx_035_nrmr.tex.760230703 (deflate)
Wrote re_chunk_000.pak.patch_055\natives/stm/character/_kit/_equipment/tops/809/bd_809_0_0_nrmr.tex.760230703 (deflate)
Wrote re_chunk_000.pak.patch_055\natives/stm/character/_kit/_equipment/mantle/541/mt_541_0_0_nrmr.tex.760230703 (deflate)
Wrote re_chunk_000.pak.patch_055\natives/stm/streaming/character/ch/ch20_002/wp20_002_21/wp20_002_21_1_nrmr.tex.760230703 (deflate)
Wrote re_chunk_000.pak.patch_055\natives/stm/character/_kit/body/body_218_m/hand_218_m_low_nrm.tex.760230703 (deflate)
Wrote re_chunk_000.pak.patch_055\natives/stm/streaming/character/wp/wp01/003/wp01_003_0_0_nrmr.tex.760230703 (deflate)
Wrote re_chunk_000.pak.patch_055\natives/stm/character/_kit/head/head_606_f/head_606_f_low_nrm.tex.760230703 (deflate)
Wrote re_chunk_000.pak.patch_055\natives/stm/streaming/character/_kit/_equipment/helm/504/hl_504_0_0_nrmr.tex.760230703 (deflate)
Wrote re_chunk_000.pak.patch_055\natives/stm/character/wp/wp03/010/wp03_010_0_0_nrmr.tex.760230703 (deflate)
Wrote re_chunk_000.pak.patch_055\natives/stm/character/wp/wp00/017/wp00_017_0_0_nrmr.tex.760230703 (deflate)
Wrote re_chunk_000.pak.patch_055\natives/stm/streaming/character/ch/ch60_001/ch60_001_hair_nrmr.tex.760230703 (deflate)
Wrote re_chunk_000.pak.patch_055\natives/stm/streaming/character/ch/ch53_010/ch53_010_body4_nrmr.tex.760230703 (deflate)
Wrote re_chunk_000.pak.patch_055\natives/stm/streaming/character/ch/ch53_000/ch53_000_body1_nrmr.tex.760230703 (deflate)
Wrote re_chunk_000.pak.patch_055\natives/stm/streaming/character/wp/wp04/005/wp04_005_0_0_nrmr.tex.760230703 (deflate)
Wrote re_chunk_000.pak.patch_055\natives/stm/streaming/character/_kit/_equipment/tops/050/bd_050_0_2_nrmr.tex.760230703 (deflate)
Wrote re_chunk_000.pak.patch_055\natives/stm/streaming/character/_kit/body/body_607_m/hand_607_m_low_nrm.tex.760230703 (deflate)
Wrote re_chunk_000.pak.patch_055\natives/stm/streaming/character/wp/wp07/016/wp07_016_0_0_nrmr.tex.760230703 (deflate)
Wrote re_chunk_000.pak.patch_055\natives/stm/character/ch/ch58_001/ch58_001_heart_nrmr.tex.760230703 (deflate)
Wrote re_chunk_000.pak.patch_055\natives/stm/character/_kit/_equipment/tops/830/bd_830_0_1_nrmr.tex.760230703 (deflate)
Wrote re_chunk_000.pak.patch_055\natives/stm/streaming/character/_kit/hair/hair_034/haircap_034_nrmr.tex.760230703 (deflate)
Wrote re_chunk_000.pak.patch_055\natives/stm/character/wp/wp05/007/wp05_007_0_0_nrmr.tex.760230703 (deflate)
Wrote re_chunk_000.pak.patch_055\natives/stm/character/_kit/body/body_220_f/hand_220_f_high_nrmr.tex.760230703 (deflate)
Wrote re_chunk_000.pak.patch_055\natives/stm/character/_kit/beard/beard_102/beard_102_fake_nrmr.tex.760230703 (deflate)
Wrote re_chunk_000.pak.patch_055\natives/stm/character/_kit/hair/hair_005/hair_005_fake_nrmr.tex.760230703 (deflate)
Wrote re_chunk_000.pak.patch_055\natives/stm/streaming/vfx/texture/decal/13_crack_000_00_nrmr.tex.760230703 (deflate)
Wrote re_chunk_000.pak.patch_055\natives/stm/character/_kit/head/head_004_m/head_004_m_low_nrm.tex.760230703 (deflate)
Wrote re_chunk_000.pak.patch_055\natives/stm/character/ch/ch26_000/eq26_000_01/eq26_000_01_3_nrmr.tex.760230703 (deflate)
Wrote re_chunk_000.pak.patch_055\natives/stm/character/ch/ch20_002/wp20_002_21/wp20_002_21_0_nrmr.tex.760230703 (deflate)
Wrote re_chunk_000.pak.patch_055\natives/stm/streaming/character/_kit/_equipment/pants/621/wl_621_0_0_nrmr.tex.760230703 (deflate)
Wrote re_chunk_000.pak.patch_055\natives/stm/streaming/character/_kit/eyebrows/eyebrows_009/eyebrows_009_skin_nrmr.tex.760230703 (deflate)
Wrote re_chunk_000.pak.patch_055\natives/stm/character/ch/ch20_000/wp20_000_04/wp20_000_04_2_nrmr.tex.760230703 (deflate)
Wrote re_chunk_000.pak.patch_055\natives/stm/streaming/character/ch/ch99_410/ch99_410_body_a_nrmr.tex.760230703 (deflate)
Wrote re_chunk_000.pak.patch_055\natives/stm/character/_kit/_equipment/tops/817/bd_817_0_0_nrmr.tex.760230703 (deflate)
Wrote re_chunk_000.pak.patch_055\natives/stm/streaming/character/ch/ch56_001/ch56_001_fur_nrmr.tex.760230703 (deflate)
Wrote re_chunk_000.pak.patch_055\natives/stm/streaming/character/_kit/body/body_603_f/hand_603_f_high_nrmr.tex.760230703 (deflate)
Wrote re_chunk_000.pak.patch_055\natives/stm/streaming/character/ch/ch20_003/wp20_003_00/wp20_003_00_0_nrmr.tex.760230703 (deflate)
Wrote re_chunk_000.pak.patch_055\natives/stm/streaming/character/ch/ch58_001/ch58_001_tail2_nrmr.tex.760230703 (deflate)
Wrote re_chunk_000.pak.patch_055\natives/stm/streaming/character/ch/ch28_000/body/body_910_m/hand_910_m_nrmr.tex.760230703 (deflate)
Wrote re_chunk_000.pak.patch_055\natives/stm/character/_kit/_equipment/helm/534/hl_534_0_0_nrmr.tex.760230703 (deflate)
Wrote re_chunk_000.pak.patch_055\natives/stm/character/ch/ch55_010/ch55_010_body2_nrmr.tex.760230703 (deflate)
Wrote re_chunk_000.pak.patch_055\natives/stm/streaming/character/_kit/_equipment/helm/221/hl_221_0_0_nrmr.tex.760230703 (deflate)
Wrote re_chunk_000.pak.patch_055\natives/stm/character/wp/wp06/003/wp06_003_0_0_nrmr.tex.760230703 (deflate)
Wrote re_chunk_000.pak.patch_055\natives/stm/streaming/character/_kit/_equipment/helm/039/hl_039_0_0_nrmr.tex.760230703 (deflate)
Wrote re_chunk_000.pak.patch_055\natives/stm/character/_kit/_equipment/mantle/002/mt_002_0_1_nrmr.tex.760230703 (deflate)
Wrote re_chunk_000.pak.patch_055\natives/stm/streaming/character/_kit/_equipment/_common/bt_006_0_1_nrmr.tex.760230703 (deflate)
Wrote re_chunk_000.pak.patch_055\natives/stm/character/_kit/_equipment/tops/809/am_809_0_1_nrmr.tex.760230703 (deflate)
Wrote re_chunk_000.pak.patch_055\natives/stm/streaming/character/_kit/_equipment/pants/005/lg_005_0_1_nrmr.tex.760230703 (deflate)
Wrote re_chunk_000.pak.patch_055\natives/stm/character/_kit/_equipment/helm/249/hl_249_0_0_nrmr.tex.760230703 (deflate)
Wrote re_chunk_000.pak.patch_055\natives/stm/character/_kit/body/body_211_m/hand_211_m_low_nrm.tex.760230703 (deflate)
Wrote re_chunk_000.pak.patch_055\natives/stm/character/_kit/_equipment/tops/236/bd_236_0_3_nrmr.tex.760230703 (deflate)
Wrote re_chunk_000.pak.patch_055\natives/stm/character/_kit/_equipment/tops/806/am_806_0_0_nrmr.tex.760230703 (deflate)
Wrote re_chunk_000.pak.patch_055\natives/stm/streaming/character/_kit/head/head_218_f/head_218_f_low_nrm.tex.760230703 (deflate)
Wrote re_chunk_000.pak.patch_055\natives/stm/streaming/character/wp/wp07/015/wp07_015_0_0_nrmr.tex.760230703 (deflate)
Wrote re_chunk_000.pak.patch_055\natives/stm/streaming/character/it/it10/033/it10_033_nrmr.tex.760230703 (deflate)
Wrote re_chunk_000.pak.patch_055\natives/stm/character/_kit/body/body_602_f/hand_602_f_high_nrmr.tex.760230703 (deflate)
Wrote re_chunk_000.pak.patch_055\natives/stm/vfx/texture/decal/13_stonedecal_000_00_nrmr.tex.760230703 (deflate)
Wrote re_chunk_000.pak.patch_055\natives/stm/character/ch/ch28_000/body/body_902_f/body_902_f_nrmr.tex.760230703 (deflate)
Wrote re_chunk_000.pak.patch_055\natives/stm/character/_kit/_equipment/pants/622/lg_622_0_0_nrmr.tex.760230703 (deflate)
Wrote re_chunk_000.pak.patch_055\natives/stm/streaming/character/_kit/body/body_211_f/body_211_f_low_nrm.tex.760230703 (deflate)
Wrote re_chunk_000.pak.patch_055\natives/stm/streaming/character/_kit/hair/hair_052/hair_052_fake_nrmr.tex.760230703 (deflate)
Wrote re_chunk_000.pak.patch_055\natives/stm/character/ch/ch28_000/body/body_902_f/hand_902_f_nrmr.tex.760230703 (deflate)
Wrote re_chunk_000.pak.patch_055\natives/stm/character/_kit/_equipment/helm/516/hl_516_0_0_nrmr.tex.760230703 (deflate)
Wrote re_chunk_000.pak.patch_055\natives/stm/streaming/character/_kit/_equipment/tops/804/bd_804_0_0_nrmr.tex.760230703 (deflate)
Wrote re_chunk_000.pak.patch_055\natives/stm/streaming/character/_kit/body/body_210_f/body_210_f_high_nrmr.tex.760230703 (deflate)
Wrote re_chunk_000.pak.patch_055\natives/stm/streaming/character/_kit/_equipment/tops/632/am_632_0_1_nrmr.tex.760230703 (deflate)
Wrote re_chunk_000.pak.patch_055\natives/stm/character/_kit/_equipment/tops/804/bd_804_0_3_nrmr.tex.760230703 (deflate)
Wrote re_chunk_000.pak.patch_055\natives/stm/streaming/character/_kit/body/body_601_f/hand_601_f_low_nrm.tex.760230703 (deflate)
Wrote re_chunk_000.pak.patch_055\natives/stm/character/_kit/_equipment/helm/545/hl_545_0_0_nrmr.tex.760230703 (deflate)
Wrote re_chunk_000.pak.patch_055\natives/stm/character/_kit/_equipment/tops/509/am_509_0_0_nrmr.tex.760230703 (deflate)
Wrote re_chunk_000.pak.patch_055\natives/stm/streaming/character/_kit/_equipment/pants/511/wl_511_0_0_nrmr.tex.760230703 (deflate)
Wrote re_chunk_000.pak.patch_055\natives/stm/character/_kit/_equipment/tops/035/bd_035_0_3_m_nrmr.tex.760230703 (deflate)
Wrote re_chunk_000.pak.patch_055\natives/stm/character/_kit/_equipment/tops/253/am_253_0_0_nrmr.tex.760230703 (deflate)
Wrote re_chunk_000.pak.patch_055\natives/stm/streaming/character/wp/wp04/013/wp04_013_0_0_nrmr.tex.760230703 (deflate)
Wrote re_chunk_000.pak.patch_055\natives/stm/streaming/character/_kit/_equipment/helm/274/hl_274_0_0_nrmr.tex.760230703 (deflate)
Wrote re_chunk_000.pak.patch_055\natives/stm/character/it/it10/003/it10_003_0_0_nrmr.tex.760230703 (deflate)
Wrote re_chunk_000.pak.patch_055\natives/stm/streaming/character/wp/wp09/009/wp09_009_0_0_nrmr.tex.760230703 (deflate)
Wrote re_chunk_000.pak.patch_055\natives/stm/character/_kit/_equipment/pants/001/wl_001_0_0_nrmr.tex.760230703 (deflate)
Wrote re_chunk_000.pak.patch_055\natives/stm/character/_kit/_equipment/tops/529/bd_529_0_1_nrmr.tex.760230703 (deflate)
Wrote re_chunk_000.pak.patch_055\natives/stm/character/_kit/_equipment/tops/814/wb_814_0_2_nrmr.tex.760230703 (deflate)
Wrote re_chunk_000.pak.patch_055\natives/stm/character/_kit/_equipment/tops/276/wb_276_0_1_nrmr.tex.760230703 (deflate)
Wrote re_chunk_000.pak.patch_055\natives/stm/streaming/character/_kit/_equipment/helm/279/hl_279_0_1_nrmr.tex.760230703 (deflate)
Wrote re_chunk_000.pak.patch_055\natives/stm/streaming/character/_kit/hair/hair_009/hair_009_nrmr.tex.760230703 (deflate)
Wrote re_chunk_000.pak.patch_055\natives/stm/streaming/character/_kit/_equipment/tops/247/tops_247_bd_02_nrmr.tex.760230703 (deflate)
Wrote re_chunk_000.pak.patch_055\natives/stm/character/_kit/head/head_820_f/head_820_f_low_nrm.tex.760230703 (deflate)
Wrote re_chunk_000.pak.patch_055\natives/stm/character/_kit/head/head_801_f/head_801_f_high_nrmr.tex.760230703 (deflate)
Wrote re_chunk_000.pak.patch_055\natives/stm/character/_kit/_equipment/tops/273/bd_273_0_0_nrmr.tex.760230703 (deflate)
Wrote re_chunk_000.pak.patch_055\natives/stm/character/_kit/_equipment/tops/809/wb_809_0_2_nrmr.tex.760230703 (deflate)
Wrote re_chunk_000.pak.patch_055\natives/stm/streaming/character/_kit/hair/hair_004/hair_004_nrmr.tex.760230703 (deflate)
Wrote re_chunk_000.pak.patch_055\natives/stm/character/_kit/head/head_216_m/head_216_m_high_nrmr.tex.760230703 (deflate)
Wrote re_chunk_000.pak.patch_055\natives/stm/character/_kit/_equipment/tops/003/wb_003_0_0_nrmr.tex.760230703 (deflate)
Wrote re_chunk_000.pak.patch_055\natives/stm/character/_kit/_equipment/tops/246/wb_246_0_1_nrmr.tex.760230703 (deflate)
Wrote re_chunk_000.pak.patch_055\natives/stm/streaming/character/_kit/head/head_608_f/head_608_f_high_nrmr.tex.760230703 (deflate)
Wrote re_chunk_000.pak.patch_055\natives/stm/streaming/character/_kit/_equipment/helm/037/hl_037_0_1_nrmr.tex.760230703 (deflate)
Wrote re_chunk_000.pak.patch_055\natives/stm/streaming/character/_kit/body/body_207_m/hand_207_m_low_nrm.tex.760230703 (deflate)
Wrote re_chunk_000.pak.patch_055\natives/stm/streaming/character/_kit/_equipment/helm/257/hl_257_0_1_nrmr.tex.760230703 (deflate)
Wrote re_chunk_000.pak.patch_055\natives/stm/streaming/character/ch/ch54_001/ch54_001_face_nrmr.tex.760230703 (deflate)
Wrote re_chunk_000.pak.patch_055\natives/stm/streaming/character/_kit/body/body_200_f/body_200_f_high_nrmr.tex.760230703 (deflate)
Wrote re_chunk_000.pak.patch_055\natives/stm/character/_kit/body/body_210_m/hand_210_m_high_nrmr.tex.760230703 (deflate)
Wrote re_chunk_000.pak.patch_055\natives/stm/streaming/character/_kit/_equipment/tops/238/am_238_0_0_nrmr.tex.760230703 (deflate)
Wrote re_chunk_000.pak.patch_055\natives/stm/streaming/character/_kit/_equipment/tops/267/am_267_0_0_nrmr.tex.760230703 (deflate)
Wrote re_chunk_000.pak.patch_055\natives/stm/character/ch/ch55_000/ch55_000_body2_nrmr.tex.760230703 (deflate)
Wrote re_chunk_000.pak.patch_055\natives/stm/character/ch/ch29_000/ch29_000_body1_nrmr.tex.760230703 (deflate)
Wrote re_chunk_000.pak.patch_055\natives/stm/streaming/character/_kit/_equipment/tops/805/wb_805_0_2_nrmr.tex.760230703 (deflate)
Wrote re_chunk_000.pak.patch_055\natives/stm/streaming/character/_kit/_equipment/tops/506/am_506_0_0_nrmr.tex.760230703 (deflate)
Wrote re_chunk_000.pak.patch_055\natives/stm/streaming/character/_kit/head/head_222_m/head_222_m_high_nrmr.tex.760230703 (deflate)
Wrote re_chunk_000.pak.patch_055\natives/stm/character/wp/wp01/003/wp01_003_0_1_nrmr.tex.760230703 (deflate)
Wrote re_chunk_000.pak.patch_055\natives/stm/streaming/character/_kit/hair/hair_048/hair_048_nrmr.tex.760230703 (deflate)
Wrote re_chunk_000.pak.patch_055\natives/stm/character/_kit/head/head_210_m/head_210_m_high_nrmr.tex.760230703 (deflate)
Wrote re_chunk_000.pak.patch_055\natives/stm/character/wp/wp00/013/wp00_013_0_0_nrmr.tex.760230703 (deflate)
Wrote re_chunk_000.pak.patch_055\natives/stm/character/ch/ch99_410/ch99_410_body_a_nrmr.tex.760230703 (deflate)
Wrote re_chunk_000.pak.patch_055\natives/stm/character/_kit/_equipment/helm/029/hl_029_0_0_nrmr.tex.760230703 (deflate)
Wrote re_chunk_000.pak.patch_055\natives/stm/streaming/character/ch/ch21_004/ch21_004_eyeflatten_nrmr.tex.760230703 (deflate)
Wrote re_chunk_000.pak.patch_055\natives/stm/character/_kit/_equipment/pants/618/lg_618_0_0_nrmr.tex.760230703 (deflate)
Wrote re_chunk_000.pak.patch_055\natives/stm/streaming/character/ch/ch22_000/ch22_000_creature_nrmr.tex.760230703 (deflate)
Wrote re_chunk_000.pak.patch_055\natives/stm/character/_kit/hair/hair_059/hair_059_nrmr.tex.760230703 (deflate)
Wrote re_chunk_000.pak.patch_055\natives/stm/character/_kit/_equipment/tops/015/bd_015_0_2_nrmr.tex.760230703 (deflate)
Wrote re_chunk_000.pak.patch_055\natives/stm/character/_kit/body/body_205_f/body_205_f_low_nrm.tex.760230703 (deflate)
Wrote re_chunk_000.pak.patch_055\natives/stm/streaming/character/_kit/_equipment/tops/020/wb_020_0_0_nrmr.tex.760230703 (deflate)
Wrote re_chunk_000.pak.patch_055\natives/stm/character/_kit/_equipment/helm/031/hl_031_0_0_nrmr.tex.760230703 (deflate)
Wrote re_chunk_000.pak.patch_055\natives/stm/character/_kit/_equipment/tops/039/wb_039_0_0_nrmr.tex.760230703 (deflate)
Wrote re_chunk_000.pak.patch_055\natives/stm/vfx/event/texture/decal/13_bloodstain_001_00_nrmr.tex.760230703 (deflate)
Wrote re_chunk_000.pak.patch_055\natives/stm/streaming/character/ch/ch52_000/ch52_000_medal_nrmr.tex.760230703 (deflate)
Wrote re_chunk_000.pak.patch_055\natives/stm/streaming/character/_kit/_equipment/tops/812/bd_812_0_0_nrmr.tex.760230703 (deflate)
Wrote re_chunk_000.pak.patch_055\natives/stm/character/_kit/hair/hair_011/hair_011_fake_nrmr.tex.760230703 (deflate)
Wrote re_chunk_000.pak.patch_055\natives/stm/character/_kit/head/head_215_f/head_215_f_low_nrm.tex.760230703 (deflate)
Wrote re_chunk_000.pak.patch_055\natives/stm/character/_kit/head/head_217_f/head_217_f_high_nrmr.tex.760230703 (deflate)
Wrote re_chunk_000.pak.patch_055\natives/stm/gui/model/ui06/01/04/ui06_04_01_mount_nrmr.tex.760230703 (deflate)
Wrote re_chunk_000.pak.patch_055\natives/stm/character/_kit/body/body_205_f/hand_205_f_high_nrmr.tex.760230703 (deflate)
Wrote re_chunk_000.pak.patch_055\natives/stm/character/ch/ch99_430/ch99_430_body_a_eyeflatten_nrmr.tex.760230703 (deflate)
Wrote re_chunk_000.pak.patch_055\natives/stm/streaming/character/_kit/body/body_204_m/body_204_m_low_nrm.tex.760230703 (deflate)
Wrote re_chunk_000.pak.patch_055\natives/stm/character/ch/ch54_001/ch54_001_body2_nrmr.tex.760230703 (deflate)
Wrote re_chunk_000.pak.patch_055\natives/stm/character/ch/ch55_010/ch55_010_body5_nrmr.tex.760230703 (deflate)
Wrote re_chunk_000.pak.patch_055\natives/stm/streaming/character/it/it10/025/it10_025_0_0_nrmr.tex.760230703 (deflate)
Wrote re_chunk_000.pak.patch_055\natives/stm/character/ch/ch22_000/ch22_000_creature_nrmr.tex.760230703 (deflate)
Wrote re_chunk_000.pak.patch_055\natives/stm/character/_kit/_equipment/tops/832/bd_832_0_1_nrmr.tex.760230703 (deflate)
Wrote re_chunk_000.pak.patch_055\natives/stm/character/_kit/_equipment/tops/309/bd_309_0_4_nrmr.tex.760230703 (deflate)
Wrote re_chunk_000.pak.patch_055\natives/stm/streaming/character/_kit/_equipment/_common/bt_001_0_0_nrmr.tex.760230703 (deflate)
Wrote re_chunk_000.pak.patch_055\natives/stm/character/_kit/_equipment/tops/023/wb_023_0_0_nrmr.tex.760230703 (deflate)
Wrote re_chunk_000.pak.patch_055\natives/stm/character/_kit/_equipment/mantle/020/mt_020_0_0_nrmr.tex.760230703 (deflate)
Wrote re_chunk_000.pak.patch_055\natives/stm/character/_kit/_equipment/helm/526/hl_526_0_0_nrmr.tex.760230703 (deflate)
Wrote re_chunk_000.pak.patch_055\natives/stm/character/ch/ch99_210/ch99_210_body_a_eyeflatten_nrmr.tex.760230703 (deflate)
Wrote re_chunk_000.pak.patch_055\natives/stm/streaming/character/_kit/_equipment/pants/008/lg_008_0_0_nrmr.tex.760230703 (deflate)
Wrote re_chunk_000.pak.patch_055\natives/stm/character/_kit/_equipment/pants/264/lg_264_0_0_nrmr.tex.760230703 (deflate)
Wrote re_chunk_000.pak.patch_055\natives/stm/character/ch/ch28_000/hair/hair_904/hair_904_nrmr.tex.760230703 (deflate)
Wrote re_chunk_000.pak.patch_055\natives/stm/streaming/character/_kit/_equipment/pants/011/wl_011_0_0_nrmr.tex.760230703 (deflate)
Wrote re_chunk_000.pak.patch_055\natives/stm/streaming/character/_kit/eyebrows/eyebrows_010/eyebrows_010_skin_nrmr.tex.760230703 (deflate)
Wrote re_chunk_000.pak.patch_055\natives/stm/streaming/character/_kit/_equipment/tops/222/wb_222_0_0_nrmr.tex.760230703 (deflate)
Wrote re_chunk_000.pak.patch_055\natives/stm/character/_kit/body/body_211_f/hand_211_f_high_nrmr.tex.760230703 (deflate)
Wrote re_chunk_000.pak.patch_055\natives/stm/character/wp/wp08/006/wp08_006_0_0_nrmr.tex.760230703 (deflate)
Wrote re_chunk_000.pak.patch_055\natives/stm/streaming/character/_kit/_equipment/tops/618/am_618_0_0_nrmr.tex.760230703 (deflate)
Wrote re_chunk_000.pak.patch_055\natives/stm/streaming/character/_kit/body/body_607_f/body_607_f_low_nrm.tex.760230703 (deflate)
Wrote re_chunk_000.pak.patch_055\natives/stm/streaming/character/_kit/_equipment/tops/009/bd_009_0_4_nrmr.tex.760230703 (deflate)
Wrote re_chunk_000.pak.patch_055\natives/stm/streaming/environment/textures/tx_024_a_nrmr.tex.760230703 (deflate)
Wrote re_chunk_000.pak.patch_055\natives/stm/streaming/character/wp/wp01/005/wp01_005_0_1_nrmr.tex.760230703 (deflate)
Wrote re_chunk_000.pak.patch_055\natives/stm/streaming/character/_kit/_equipment/tops/535/am_535_0_0_nrmr.tex.760230703 (deflate)
Wrote re_chunk_000.pak.patch_055\natives/stm/character/_kit/_equipment/pants/018/wl_018_0_0_nrmr.tex.760230703 (deflate)
Wrote re_chunk_000.pak.patch_055\natives/stm/streaming/character/_kit/body/body_203_f/hand_203_f_low_nrm.tex.760230703 (deflate)
Wrote re_chunk_000.pak.patch_055\natives/stm/character/_kit/_equipment/mantle/833/mt_833_0_0_nrmr.tex.760230703 (deflate)
Wrote re_chunk_000.pak.patch_055\natives/stm/streaming/character/_kit/_equipment/tops/045/wb_045_0_0_nrmr.tex.760230703 (deflate)
Wrote re_chunk_000.pak.patch_055\natives/stm/character/_kit/_equipment/pants/805/wl_805_0_0_nrmr.tex.760230703 (deflate)
Wrote re_chunk_000.pak.patch_055\natives/stm/streaming/character/ch/ch56_001/ch56_001_eyes_nrmr.tex.760230703 (deflate)
Wrote re_chunk_000.pak.patch_055\natives/stm/streaming/character/_kit/_equipment/pants/011/lg_011_0_0_nrmr.tex.760230703 (deflate)
Wrote re_chunk_000.pak.patch_055\natives/stm/streaming/character/_kit/head/head_004_m/head_004_m_high_nrmr.tex.760230703 (deflate)
Wrote re_chunk_000.pak.patch_055\natives/stm/character/_kit/body/body_004_m/body_004_m_high_nrmr.tex.760230703 (deflate)
Wrote re_chunk_000.pak.patch_055\natives/stm/streaming/character/_kit/body/body_217_m/body_217_m_low_nrm.tex.760230703 (deflate)
Wrote re_chunk_000.pak.patch_055\natives/stm/streaming/character/wp/wp09/011/wp09_011_0_0_nrmr.tex.760230703 (deflate)
Wrote re_chunk_000.pak.patch_055\natives/stm/streaming/character/_kit/_equipment/helm/621/hl_621_0_0_nrmr.tex.760230703 (deflate)
Wrote re_chunk_000.pak.patch_055\natives/stm/streaming/character/_kit/_equipment/tops/036/am_036_0_0_nrmr.tex.760230703 (deflate)
Wrote re_chunk_000.pak.patch_055\natives/stm/character/_kit/_equipment/tops/228/am_228_0_2_nrmr.tex.760230703 (deflate)
Wrote re_chunk_000.pak.patch_055\natives/stm/streaming/character/_kit/body/body_219_f/body_219_f_high_nrmr.tex.760230703 (deflate)
Wrote re_chunk_000.pak.patch_055\natives/stm/character/_kit/hair/hair_040/haircap_040_nrmr.tex.760230703 (deflate)
Wrote re_chunk_000.pak.patch_055\natives/stm/character/_kit/_equipment/tops/800/bd_800_0_0_nrmr.tex.760230703 (deflate)
Wrote re_chunk_000.pak.patch_055\natives/stm/character/ch/ch58_001/ch58_001_head_nrmr.tex.760230703 (deflate)
Wrote re_chunk_000.pak.patch_055\natives/stm/streaming/character/ch/ch28_000/hair/hair_903/hair_903_nrmr.tex.760230703 (deflate)
Wrote re_chunk_000.pak.patch_055\natives/stm/streaming/character/_kit/_equipment/pants/630/lg_630_0_1_nrmr.tex.760230703 (deflate)
Wrote re_chunk_000.pak.patch_055\natives/stm/character/_kit/_equipment/mantle/501/mt_501_0_0_nrmr.tex.760230703 (deflate)
Wrote re_chunk_000.pak.patch_055\natives/stm/streaming/character/_kit/head/head_601_f/head_601_f_low_nrm.tex.760230703 (deflate)
Wrote re_chunk_000.pak.patch_055\natives/stm/streaming/character/_kit/body/body_605_f/body_605_f_high_nrmr.tex.760230703 (deflate)
Wrote re_chunk_000.pak.patch_055\natives/stm/streaming/character/_kit/_equipment/mantle/048/mt_048_0_0_nrmr.tex.760230703 (deflate)
Wrote re_chunk_000.pak.patch_055\natives/stm/streaming/character/_kit/_equipment/pants/003/lg_003_0_0_nrmr.tex.760230703 (deflate)
Wrote re_chunk_000.pak.patch_055\natives/stm/character/_kit/_equipment/helm/030/hl_030_0_0_nrmr.tex.760230703 (deflate)
Wrote re_chunk_000.pak.patch_055\natives/stm/character/_kit/head/head_215_m/head_215_m_high_nrmr.tex.760230703 (deflate)
Wrote re_chunk_000.pak.patch_055\natives/stm/character/_kit/_equipment/tops/220/wb_220_0_0_nrmr.tex.760230703 (deflate)
Wrote re_chunk_000.pak.patch_055\natives/stm/character/_kit/_equipment/tops/833/bd_833_0_1_nrmr.tex.760230703 (deflate)
Wrote re_chunk_000.pak.patch_055\natives/stm/character/_kit/_equipment/pants/008/lg_008_0_0_nrmr.tex.760230703 (deflate)
Wrote re_chunk_000.pak.patch_055\natives/stm/character/_kit/head/head_208_m/head_208_m_low_nrm.tex.760230703 (deflate)
Wrote re_chunk_000.pak.patch_055\natives/stm/character/ch/ch54_000/ch54_000_eye1_nrmr.tex.760230703 (deflate)
Wrote re_chunk_000.pak.patch_055\natives/stm/character/_kit/_equipment/pants/038/lg_038_0_0_nrmr.tex.760230703 (deflate)
Wrote re_chunk_000.pak.patch_055\natives/stm/streaming/character/ch/ch27_000/ch27_000_eye_nrmr.tex.760230703 (deflate)
Wrote re_chunk_000.pak.patch_055\natives/stm/character/_kit/body/body_609_m/hand_609_m_low_nrm.tex.760230703 (deflate)
Wrote re_chunk_000.pak.patch_055\natives/stm/streaming/character/ch/ch28_000/hair/hair_904/hair_904_nrmr.tex.760230703 (deflate)
Wrote re_chunk_000.pak.patch_055\natives/stm/streaming/character/_kit/body/body_224_f/hand_224_f_low_nrm.tex.760230703 (deflate)
Wrote re_chunk_000.pak.patch_055\natives/stm/streaming/character/_kit/_equipment/pants/050/lg_050_0_0_nrmr.tex.760230703 (deflate)
Wrote re_chunk_000.pak.patch_055\natives/stm/character/ch/ch20_000/wp20_000_81/wp20_000_81_1_nrmr.tex.760230703 (deflate)
Wrote re_chunk_000.pak.patch_055\natives/stm/streaming/character/_kit/head/head_211_f/head_211_f_high_nrmr.tex.760230703 (deflate)
Wrote re_chunk_000.pak.patch_055\natives/stm/streaming/character/_kit/_equipment/pants/035/wl_035_0_0_m_nrmr.tex.760230703 (deflate)
Wrote re_chunk_000.pak.patch_055\natives/stm/character/_kit/_equipment/tops/266/am_266_0_0_nrmr.tex.760230703 (deflate)
Wrote re_chunk_000.pak.patch_055\natives/stm/streaming/character/_kit/body/body_226_f/body_226_f_high_nrmr.tex.760230703 (deflate)
Wrote re_chunk_000.pak.patch_055\natives/stm/character/_kit/_equipment/mantle/038/mt_038_0_1_nrmr.tex.760230703 (deflate)
Wrote re_chunk_000.pak.patch_055\natives/stm/streaming/character/_kit/beard/beard_004/beard_004_fake_nrmr.tex.760230703 (deflate)
Wrote re_chunk_000.pak.patch_055\natives/stm/character/_kit/_equipment/tops/005/wb_005_0_0_nrmr.tex.760230703 (deflate)
Wrote re_chunk_000.pak.patch_055\natives/stm/streaming/character/_kit/head/head_222_m/head_222_m_low_nrm.tex.760230703 (deflate)
Wrote re_chunk_000.pak.patch_055\natives/stm/streaming/character/_kit/_equipment/tops/309/am_309_0_1_nrmr.tex.760230703 (deflate)
Wrote re_chunk_000.pak.patch_055\natives/stm/streaming/character/wp/wp04/003/wp04_003_0_0_nrmr.tex.760230703 (deflate)
Wrote re_chunk_000.pak.patch_055\natives/stm/streaming/character/_kit/_equipment/mantle/803/mt_803_0_0_nrmr.tex.760230703 (deflate)
Wrote re_chunk_000.pak.patch_055\natives/stm/streaming/character/_kit/_equipment/pants/012/lg_012_0_0_nrmr.tex.760230703 (deflate)
Wrote re_chunk_000.pak.patch_055\natives/stm/character/wp/wp02/003/wp02_003_0_0_nrmr.tex.760230703 (deflate)
Wrote re_chunk_000.pak.patch_055\natives/stm/character/wp/wp01/007/wp01_007_0_0_nrmr.tex.760230703 (deflate)
Wrote re_chunk_000.pak.patch_055\natives/stm/character/_kit/_equipment/pants/253/lg_253_0_0_nrmr.tex.760230703 (deflate)
Wrote re_chunk_000.pak.patch_055\natives/stm/streaming/character/_kit/hair/hair_053/hair_053_nrmr.tex.760230703 (deflate)
Wrote re_chunk_000.pak.patch_055\natives/stm/character/_kit/_equipment/tops/537/wb_537_0_0_nrmr.tex.760230703 (deflate)
Wrote re_chunk_000.pak.patch_055\natives/stm/character/ch/ch52_000/ch52_000_body2_nrmr.tex.760230703 (deflate)
Wrote re_chunk_000.pak.patch_055\natives/stm/character/_kit/head/head_601_m/head_601_m_low_nrm.tex.760230703 (deflate)
Wrote re_chunk_000.pak.patch_055\natives/stm/streaming/character/ch/ch50_000/eq50_000_00/eq50_000_parts2_nrmr.tex.760230703 (deflate)
Wrote re_chunk_000.pak.patch_055\natives/stm/streaming/character/_kit/beard/beard_003/beard_003_fake_nrmr.tex.760230703 (deflate)
Wrote re_chunk_000.pak.patch_055\natives/stm/streaming/character/_kit/_equipment/tops/276/bd_276_0_1_nrmr.tex.760230703 (deflate)
Wrote re_chunk_000.pak.patch_055\natives/stm/character/ch/ch57_000/ch57_000_nictitatingmembrane_nrmr.tex.760230703 (deflate)
Wrote re_chunk_000.pak.patch_055\natives/stm/streaming/character/_kit/head/head_611_m/head_611_m_low_nrm.tex.760230703 (deflate)
Wrote re_chunk_000.pak.patch_055\natives/stm/streaming/character/_kit/head/head_609_m/head_609_m_high_nrmr.tex.760230703 (deflate)
Wrote re_chunk_000.pak.patch_055\natives/stm/streaming/character/ch/ch54_001/ch54_001_fur_nrmr.tex.760230703 (deflate)
Wrote re_chunk_000.pak.patch_055\natives/stm/character/_kit/hair/hair_023/hair_023_nrmr.tex.760230703 (deflate)
Wrote re_chunk_000.pak.patch_055\natives/stm/streaming/character/_kit/body/body_210_f/hand_210_f_low_nrm.tex.760230703 (deflate)
Wrote re_chunk_000.pak.patch_055\natives/stm/character/ch/ch28_000/head/head_910_m/teeth_910_m_nrmr.tex.760230703 (deflate)
Wrote re_chunk_000.pak.patch_055\natives/stm/streaming/character/_kit/_equipment/tops/808/bd_808_0_2_nrmr.tex.760230703 (deflate)
Wrote re_chunk_000.pak.patch_055\natives/stm/streaming/character/_kit/body/body_202_f/hand_202_f_low_nrm.tex.760230703 (deflate)
Wrote re_chunk_000.pak.patch_055\natives/stm/character/wp/wp06/000/wp06_000_0_0_nrmr.tex.760230703 (deflate)
Wrote re_chunk_000.pak.patch_055\natives/stm/character/ch/ch53_001/ch53_001_hairfeather_nrmr.tex.760230703 (deflate)
Wrote re_chunk_000.pak.patch_055\natives/stm/streaming/character/it/it10/030/it10_030_nrmr.tex.760230703 (deflate)
Wrote re_chunk_000.pak.patch_055\natives/stm/character/_kit/_equipment/tops/242/wb_242_0_1_nrmr.tex.760230703 (deflate)
Wrote re_chunk_000.pak.patch_055\natives/stm/streaming/character/_kit/_equipment/tops/839/am_839_0_0_nrmr.tex.760230703 (deflate)
Wrote re_chunk_000.pak.patch_055\natives/stm/character/ch/ch53_001/ch53_001_lowerbody_nrmr.tex.760230703 (deflate)
Wrote re_chunk_000.pak.patch_055\natives/stm/character/_kit/head/head_221_m/head_221_m_high_nrmr.tex.760230703 (deflate)
Wrote re_chunk_000.pak.patch_055\natives/stm/character/_kit/_equipment/pants/035/lg_035_0_0_m_nrmr.tex.760230703 (deflate)
Wrote re_chunk_000.pak.patch_055\natives/stm/streaming/character/ch/ch57_001/ch57_001_wing_nrmr.tex.760230703 (deflate)
Wrote re_chunk_000.pak.patch_055\natives/stm/streaming/character/wp/wp09/008/wp09_008_0_0_nrmr.tex.760230703 (deflate)
Wrote re_chunk_000.pak.patch_055\natives/stm/character/wp/wp06/007/wp06_007_0_0_nrmr.tex.760230703 (deflate)
Wrote re_chunk_000.pak.patch_055\natives/stm/character/ch/ch53_000/ch53_000_eye_nrmr.tex.760230703 (deflate)
Wrote re_chunk_000.pak.patch_055\natives/stm/streaming/character/_kit/body/body_210_m/hand_210_m_low_nrm.tex.760230703 (deflate)
Wrote re_chunk_000.pak.patch_055\natives/stm/streaming/character/_kit/hair/hair_062/hair_062_fake_nrmr.tex.760230703 (deflate)
Wrote re_chunk_000.pak.patch_055\natives/stm/character/_kit/_equipment/facewear/306/facewear_306_0_0_nrmr.tex.760230703 (deflate)
Wrote re_chunk_000.pak.patch_055\natives/stm/streaming/character/_kit/hair/hair_010/hair_010_fake_nrmr.tex.760230703 (deflate)
Wrote re_chunk_000.pak.patch_055\natives/stm/streaming/character/_kit/_equipment/helm/630/630_decal_1_nrmr.tex.760230703 (deflate)
Wrote re_chunk_000.pak.patch_055\natives/stm/streaming/character/_kit/_equipment/pants/509/wl_509_0_0_nrmr.tex.760230703 (deflate)
Wrote re_chunk_000.pak.patch_055\natives/stm/streaming/character/_kit/_equipment/facewear/308/facewear_308_0_0_nrmr.tex.760230703 (deflate)
Wrote re_chunk_000.pak.patch_055\natives/stm/character/_kit/body/body_613_m/hand_613_m_high_nrmr.tex.760230703 (deflate)
Wrote re_chunk_000.pak.patch_055\natives/stm/character/_kit/_equipment/tops/246/am_246_0_0_nrmr.tex.760230703 (deflate)
Wrote re_chunk_000.pak.patch_055\natives/stm/streaming/character/_kit/body/body_221_f/hand_221_f_high_nrmr.tex.760230703 (deflate)
Wrote re_chunk_000.pak.patch_055\natives/stm/streaming/character/_kit/_equipment/helm/276/hl_276_0_0_nrmr.tex.760230703 (deflate)
Wrote re_chunk_000.pak.patch_055\natives/stm/vfx/event/mesh/feather/13_feather_100_01_nrmr.tex.760230703 (deflate)
Wrote re_chunk_000.pak.patch_055\natives/stm/character/_kit/head/head_212_m/head_212_m_low_nrm.tex.760230703 (deflate)
Wrote re_chunk_000.pak.patch_055\natives/stm/streaming/character/_kit/head/head_224_f/head_224_f_low_nrm.tex.760230703 (deflate)
Wrote re_chunk_000.pak.patch_055\natives/stm/character/_kit/body/body_608_m/hand_608_m_high_nrmr.tex.760230703 (deflate)
Wrote re_chunk_000.pak.patch_055\natives/stm/streaming/character/_kit/head/head_821_m/head_821_m_high_nrmr.tex.760230703 (deflate)
Wrote re_chunk_000.pak.patch_055\natives/stm/character/_kit/_equipment/pants/813/wl_813_0_1_nrmr.tex.760230703 (deflate)
Wrote re_chunk_000.pak.patch_055\natives/stm/gui/model/ui06/00/02/ui06_00_02_05_nrmr.tex.760230703 (deflate)
Wrote re_chunk_000.pak.patch_055\natives/stm/character/_kit/_equipment/tops/042/am_042_0_0_nrmr.tex.760230703 (deflate)
Wrote re_chunk_000.pak.patch_055\natives/stm/streaming/character/wp/wp08/011/wp08_011_0_0_nrmr.tex.760230703 (deflate)
Wrote re_chunk_000.pak.patch_055\natives/stm/character/_kit/_equipment/tops/012/am_012_0_1_nrmr.tex.760230703 (deflate)
Wrote re_chunk_000.pak.patch_055\natives/stm/materiallibrary/original/surface/meat_decay_01_001/meat_decay_01_001_nrmr.tex.760230703 (deflate)
Wrote re_chunk_000.pak.patch_055\natives/stm/character/_kit/_equipment/helm/037/hl_037_0_1_nrmr.tex.760230703 (deflate)
Wrote re_chunk_000.pak.patch_055\natives/stm/streaming/character/_kit/body/body_603_f/hand_603_f_low_nrm.tex.760230703 (deflate)
Wrote re_chunk_000.pak.patch_055\natives/stm/vfx/texture/decal/13_hugecrack_000_00_nrmr.tex.760230703 (deflate)
Wrote re_chunk_000.pak.patch_055\natives/stm/character/ch/ch57_000/ch57_000_body2_nrmr.tex.760230703 (deflate)
Wrote re_chunk_000.pak.patch_055\natives/stm/character/_kit/body/body_218_m/body_218_m_high_nrmr.tex.760230703 (deflate)
Wrote re_chunk_000.pak.patch_055\natives/stm/character/_kit/_equipment/helm/006/hl_006_0_0_nrmr.tex.760230703 (deflate)
Wrote re_chunk_000.pak.patch_055\natives/stm/character/_kit/_equipment/tops/274/wb_274_0_3_nrmr.tex.760230703 (deflate)
Wrote re_chunk_000.pak.patch_055\natives/stm/character/ch/ch60_001/ch60_001_eyeflatten_nrmr.tex.760230703 (deflate)
Wrote re_chunk_000.pak.patch_055\natives/stm/streaming/character/ch/ch99_030/ch99_030_eyeflatten_nrmr.tex.760230703 (deflate)
Wrote re_chunk_000.pak.patch_055\natives/stm/character/_kit/body/body_201_f/hand_201_f_high_nrmr.tex.760230703 (deflate)
Wrote re_chunk_000.pak.patch_055\natives/stm/streaming/character/_kit/_equipment/tops/035/bd_035_0_2_m_nrmr.tex.760230703 (deflate)
Wrote re_chunk_000.pak.patch_055\natives/stm/character/wp/wp04/008/wp04_008_0_0_nrmr.tex.760230703 (deflate)
Wrote re_chunk_000.pak.patch_055\natives/stm/streaming/character/_kit/body/body_200_m/body_200_m_high_nrmr.tex.760230703 (deflate)
Wrote re_chunk_000.pak.patch_055\natives/stm/character/_kit/_equipment/pants/606/wl_606_0_0_nrmr.tex.760230703 (deflate)
Wrote re_chunk_000.pak.patch_055\natives/stm/character/wp/wp06/015/wp06_015_0_0_nrmr.tex.760230703 (deflate)
Wrote re_chunk_000.pak.patch_055\natives/stm/character/_kit/_equipment/tops/814/wb_814_0_1_nrmr.tex.760230703 (deflate)
Wrote re_chunk_000.pak.patch_055\natives/stm/streaming/character/_kit/beard/beard_104/beard_104_fake_nrmr.tex.760230703 (deflate)
Wrote re_chunk_000.pak.patch_055\natives/stm/streaming/character/_kit/_equipment/tops/025/bd_025_0_2_nrmr.tex.760230703 (deflate)
Wrote re_chunk_000.pak.patch_055\natives/stm/streaming/character/_kit/_equipment/mantle/021/mt_021_0_0_nrmr.tex.760230703 (deflate)
Wrote re_chunk_000.pak.patch_055\natives/stm/character/ch/ch51_001/ch51_001_fur_nrmr.tex.760230703 (deflate)
Wrote re_chunk_000.pak.patch_055\natives/stm/character/_kit/body/body_207_f/body_207_f_high_nrmr.tex.760230703 (deflate)
Wrote re_chunk_000.pak.patch_055\natives/stm/character/_kit/beard/beard_153/beard_153_nrmr.tex.760230703 (deflate)
Wrote re_chunk_000.pak.patch_055\natives/stm/streaming/character/_kit/body/body_001_m/hand_001_m_high_nrmr.tex.760230703 (deflate)
Wrote re_chunk_000.pak.patch_055\natives/stm/streaming/character/_kit/_equipment/tops/824/bd_824_0_0_nrmr.tex.760230703 (deflate)
Wrote re_chunk_000.pak.patch_055\natives/stm/character/_kit/_equipment/helm/017/hl_017_0_0_nrmr.tex.760230703 (deflate)
Wrote re_chunk_000.pak.patch_055\natives/stm/streaming/character/wp/wp02/009/wp02_009_0_0_nrmr.tex.760230703 (deflate)
Wrote re_chunk_000.pak.patch_055\natives/stm/streaming/character/ch/ch22_001/ch22_001_creature_nrmr.tex.760230703 (deflate)
Wrote re_chunk_000.pak.patch_055\natives/stm/streaming/character/_kit/head/head_218_f/head_218_f_high_nrmr.tex.760230703 (deflate)
Wrote re_chunk_000.pak.patch_055\natives/stm/character/_kit/body/body_204_m/body_204_m_low_nrm.tex.760230703 (deflate)
Wrote re_chunk_000.pak.patch_055\natives/stm/streaming/character/_kit/_equipment/tops/506/bd_506_0_6_nrmr.tex.760230703 (deflate)
Wrote re_chunk_000.pak.patch_055\natives/stm/character/wp/wp07/016/wp07_016_0_0_nrmr.tex.760230703 (deflate)
Wrote re_chunk_000.pak.patch_055\natives/stm/streaming/character/ch/ch59_000/ch59_000_body1_nrmr.tex.760230703 (deflate)
Wrote re_chunk_000.pak.patch_055\natives/stm/character/_kit/_equipment/tops/838/wb_838_0_2_nrmr.tex.760230703 (deflate)
Wrote re_chunk_000.pak.patch_055\natives/stm/character/_kit/_equipment/tops/046/am_046_0_0_nrmr.tex.760230703 (deflate)
Wrote re_chunk_000.pak.patch_055\natives/stm/streaming/character/wp/wp03/011/wp03_011_0_0_nrmr.tex.760230703 (deflate)
Wrote re_chunk_000.pak.patch_055\natives/stm/character/_kit/_equipment/tops/264/bd_264_0_1_nrmr.tex.760230703 (deflate)
Wrote re_chunk_000.pak.patch_055\natives/stm/streaming/character/_kit/body/body_216_m/hand_216_m_high_nrmr.tex.760230703 (deflate)
Wrote re_chunk_000.pak.patch_055\natives/stm/streaming/character/_kit/hair/hair_011/hair_011_fake_nrmr.tex.760230703 (deflate)
Wrote re_chunk_000.pak.patch_055\natives/stm/streaming/character/ch/ch20_000/wp20_000_20/wp20_000_20_0_0_nrmr.tex.760230703 (deflate)
Wrote re_chunk_000.pak.patch_055\natives/stm/streaming/character/_kit/beard/beard_111/beard_111_fake_nrmr.tex.760230703 (deflate)
Wrote re_chunk_000.pak.patch_055\natives/stm/character/_kit/body/body_212_m/hand_212_m_low_nrm.tex.760230703 (deflate)
Wrote re_chunk_000.pak.patch_055\natives/stm/streaming/character/_kit/beard/beard_150/beard_150_fake_nrmr.tex.760230703 (deflate)
Wrote re_chunk_000.pak.patch_055\natives/stm/streaming/character/_kit/body/body_225_f/body_225_f_low_nrm.tex.760230703 (deflate)
Wrote re_chunk_000.pak.patch_055\natives/stm/character/_kit/_equipment/tops/211/am_211_0_1_nrmr.tex.760230703 (deflate)
Wrote re_chunk_000.pak.patch_055\natives/stm/character/_kit/body/body_610_m/body_610_m_low_nrm.tex.760230703 (deflate)
Wrote re_chunk_000.pak.patch_055\natives/stm/character/_kit/_equipment/tops/276/am_276_0_0_nrmr.tex.760230703 (deflate)
Wrote re_chunk_000.pak.patch_055\natives/stm/streaming/character/_kit/_equipment/tops/246/bd_246_0_5_nrmr.tex.760230703 (deflate)
Wrote re_chunk_000.pak.patch_055\natives/stm/streaming/character/_kit/body/body_001_m/body_001_m_low_nrm.tex.760230703 (deflate)
Wrote re_chunk_000.pak.patch_055\natives/stm/streaming/character/_kit/_equipment/tops/800/bd_800_0_0_nrmr.tex.760230703 (deflate)
Wrote re_chunk_000.pak.patch_055\natives/stm/character/_kit/body/body_207_f/hand_207_f_high_nrmr.tex.760230703 (deflate)
Wrote re_chunk_000.pak.patch_055\natives/stm/streaming/character/_kit/body/body_215_f/hand_215_f_high_nrmr.tex.760230703 (deflate)
Wrote re_chunk_000.pak.patch_055\natives/stm/streaming/character/_kit/body/body_611_m/body_611_m_low_nrm.tex.760230703 (deflate)
Wrote re_chunk_000.pak.patch_055\natives/stm/streaming/character/_kit/_equipment/helm/506/hl_506_0_0_nrmr.tex.760230703 (deflate)
Wrote re_chunk_000.pak.patch_055\natives/stm/vfx/texture/decal/13_shockwavedecal_000_00_nrmr.tex.760230703 (deflate)
Wrote re_chunk_000.pak.patch_055\natives/stm/character/_kit/_equipment/tops/278/bd_278_0_2_nrmr.tex.760230703 (deflate)
Wrote re_chunk_000.pak.patch_055\natives/stm/streaming/character/_kit/_equipment/pants/048/wl_048_0_0_nrmr.tex.760230703 (deflate)
Wrote re_chunk_000.pak.patch_055\natives/stm/streaming/character/_kit/head/head_204_f/head_204_f_high_nrmr.tex.760230703 (deflate)
Wrote re_chunk_000.pak.patch_055\natives/stm/streaming/character/_kit/_equipment/helm/031/hl_031_0_0_nrmr.tex.760230703 (deflate)
Wrote re_chunk_000.pak.patch_055\natives/stm/character/wp/wp10/002/wp10_002_0_0_nrmr.tex.760230703 (deflate)
Wrote re_chunk_000.pak.patch_055\natives/stm/streaming/character/_kit/body/body_003_m/body_003_m_high_nrmr.tex.760230703 (deflate)
Wrote re_chunk_000.pak.patch_055\natives/stm/streaming/character/ch/ch26_000/wp26_000_06/wp26_000_06_0_nrmr.tex.760230703 (deflate)
Wrote re_chunk_000.pak.patch_055\natives/stm/character/_kit/head/head_218_m/head_218_m_high_nrmr.tex.760230703 (deflate)
Wrote re_chunk_000.pak.patch_055\natives/stm/character/_kit/_equipment/pants/277/lg_277_0_0_nrmr.tex.760230703 (deflate)
Wrote re_chunk_000.pak.patch_055\natives/stm/streaming/character/_kit/_equipment/tops/236/wb_236_0_1_nrmr.tex.760230703 (deflate)
Wrote re_chunk_000.pak.patch_055\natives/stm/environment/textures/tx_057_nrmr.tex.760230703 (deflate)
Wrote re_chunk_000.pak.patch_055\natives/stm/streaming/character/_kit/_equipment/pants/806/wl_806_0_0_nrmr.tex.760230703 (deflate)
Wrote re_chunk_000.pak.patch_055\natives/stm/character/_kit/_equipment/helm/514/hl_514_0_0_nrmr.tex.760230703 (deflate)
Wrote re_chunk_000.pak.patch_055\natives/stm/streaming/character/_kit/_equipment/mantle/007/mt_007_0_0_nrmr.tex.760230703 (deflate)
Wrote re_chunk_000.pak.patch_055\natives/stm/streaming/character/ch/ch22_002/ch22_002_eye_nrmr.tex.760230703 (deflate)
Wrote re_chunk_000.pak.patch_055\natives/stm/streaming/character/_kit/_equipment/tops/621/am_621_0_1_nrmr.tex.760230703 (deflate)
Wrote re_chunk_000.pak.patch_055\natives/stm/streaming/character/ch/ch52_012/ch52_012_head_nrmr.tex.760230703 (deflate)
Wrote re_chunk_000.pak.patch_055\natives/stm/streaming/character/_kit/_equipment/pants/832/lg_832_0_0_nrmr.tex.760230703 (deflate)
Wrote re_chunk_000.pak.patch_055\natives/stm/streaming/character/ch/ch59_000/ch59_000_backplate_nrmr.tex.760230703 (deflate)
Wrote re_chunk_000.pak.patch_055\natives/stm/streaming/character/_kit/body/body_606_f/body_606_f_low_nrm.tex.760230703 (deflate)
Wrote re_chunk_000.pak.patch_055\natives/stm/streaming/character/_kit/_equipment/mantle/038/mt_038_0_0_nrmr.tex.760230703 (deflate)
Wrote re_chunk_000.pak.patch_055\natives/stm/streaming/character/ch/ch20_000/wp20_000_02/wp20_000_02_0_nrmr.tex.760230703 (deflate)
Wrote re_chunk_000.pak.patch_055\natives/stm/streaming/character/ch/ch58_000/ch58_000_body2_nrmr.tex.760230703 (deflate)
Wrote re_chunk_000.pak.patch_055\natives/stm/streaming/character/wp/wp01/009/wp01_009_0_1_nrmr.tex.760230703 (deflate)
Wrote re_chunk_000.pak.patch_055\natives/stm/streaming/character/_kit/_equipment/tops/036/bd_036_0_2_nrmr.tex.760230703 (deflate)
Wrote re_chunk_000.pak.patch_055\natives/stm/streaming/character/_kit/beard/beard_811/beard_811_fake_nrmr.tex.760230703 (deflate)
Wrote re_chunk_000.pak.patch_055\natives/stm/streaming/character/_kit/_equipment/tops/813/bd_813_0_1_nrmr.tex.760230703 (deflate)
Wrote re_chunk_000.pak.patch_055\natives/stm/streaming/character/_kit/hair/hair_041/hair_041_fake_nrmr.tex.760230703 (deflate)
Wrote re_chunk_000.pak.patch_055\natives/stm/character/ch/ch29_000/ch29_000_body2_nrmr.tex.760230703 (deflate)
Wrote re_chunk_000.pak.patch_055\natives/stm/character/ch/ch55_010/ch55_010_body1_nrmr.tex.760230703 (deflate)
Wrote re_chunk_000.pak.patch_055\natives/stm/streaming/character/_kit/_equipment/pants/253/lg_253_0_0_nrmr.tex.760230703 (deflate)
Wrote re_chunk_000.pak.patch_055\natives/stm/character/_kit/_equipment/tops/038/bd_038_0_1_nrmr.tex.760230703 (deflate)
Wrote re_chunk_000.pak.patch_055\natives/stm/streaming/character/_kit/body/body_601_m/body_601_m_high_nrmr.tex.760230703 (deflate)
Wrote re_chunk_000.pak.patch_055\natives/stm/character/_kit/body/body_208_f/hand_208_f_low_nrm.tex.760230703 (deflate)
Wrote re_chunk_000.pak.patch_055\natives/stm/streaming/character/_kit/hair/hair_009/hair_009_fake_nrmr.tex.760230703 (deflate)
Wrote re_chunk_000.pak.patch_055\natives/stm/character/_kit/_equipment/tops/834/wb_834_0_0_nrmr.tex.760230703 (deflate)
Wrote re_chunk_000.pak.patch_055\natives/stm/character/_kit/_equipment/tops/211/wb_211_0_1_nrmr.tex.760230703 (deflate)
Wrote re_chunk_000.pak.patch_055\natives/stm/character/_kit/_equipment/pants/532/lg_532_0_0_nrmr.tex.760230703 (deflate)
Wrote re_chunk_000.pak.patch_055\natives/stm/character/_kit/_equipment/pants/249/lg_249_0_1_nrmr.tex.760230703 (deflate)
Wrote re_chunk_000.pak.patch_055\natives/stm/streaming/character/_kit/body/body_609_m/body_609_m_high_nrmr.tex.760230703 (deflate)
Wrote re_chunk_000.pak.patch_055\natives/stm/character/_kit/_equipment/helm/632/hl_632_0_0_nrmr.tex.760230703 (deflate)
Wrote re_chunk_000.pak.patch_055\natives/stm/streaming/character/wp/wp02/008/wp02_008_0_0_nrmr.tex.760230703 (deflate)
Wrote re_chunk_000.pak.patch_055\natives/stm/streaming/character/_kit/hair/hair_001/hair_001_nrmr.tex.760230703 (deflate)
Wrote re_chunk_000.pak.patch_055\natives/stm/character/_kit/_equipment/tops/813/bd_813_0_0_nrmr.tex.760230703 (deflate)
Wrote re_chunk_000.pak.patch_055\natives/stm/character/_kit/body/body_002_m/hand_002_m_low_nrm.tex.760230703 (deflate)
Wrote re_chunk_000.pak.patch_055\natives/stm/streaming/character/_kit/_equipment/mantle/529/529_embroidery_00_nrmr.tex.760230703 (deflate)
Wrote re_chunk_000.pak.patch_055\natives/stm/character/_kit/_equipment/tops/050/bd_050_0_0_nrmr.tex.760230703 (deflate)
Wrote re_chunk_000.pak.patch_055\natives/stm/character/ch/ch20_003/helm/03/eq20_003_03_hl_1_nrmr.tex.760230703 (deflate)
Wrote re_chunk_000.pak.patch_055\natives/stm/character/ch/ch53_010/ch53_010_body3_nrmr.tex.760230703 (deflate)
Wrote re_chunk_000.pak.patch_055\natives/stm/character/_kit/hair/hair_010/hair_010_nrmr.tex.760230703 (deflate)
Wrote re_chunk_000.pak.patch_055\natives/stm/streaming/character/_kit/_equipment/helm/601/hl_601_0_0_nrmr.tex.760230703 (deflate)
Wrote re_chunk_000.pak.patch_055\natives/stm/character/_kit/body/body_215_m/hand_215_m_low_nrm.tex.760230703 (deflate)
Wrote re_chunk_000.pak.patch_055\natives/stm/vfx/texture/decal/13_footprints_001_00_nrmr.tex.760230703 (deflate)
Wrote re_chunk_000.pak.patch_055\natives/stm/character/_kit/_equipment/helm/302/hl_302_0_0_nrmr.tex.760230703 (deflate)
Wrote re_chunk_000.pak.patch_055\natives/stm/streaming/character/wp/wp00/017/wp00_017_0_0_nrmr.tex.760230703 (deflate)
Wrote re_chunk_000.pak.patch_055\natives/stm/streaming/character/ch/ch54_000/ch54_000_eye3_nrmr.tex.760230703 (deflate)
Wrote re_chunk_000.pak.patch_055\natives/stm/character/ch/ch58_001/ch58_001_tail1_nrmr.tex.760230703 (deflate)
Wrote re_chunk_000.pak.patch_055\natives/stm/character/_kit/hair/hair_012/hair_012_fake_nrmr.tex.760230703 (deflate)
Wrote re_chunk_000.pak.patch_055\natives/stm/character/_kit/_equipment/tops/220/bd_220_0_2_nrmr.tex.760230703 (deflate)
Wrote re_chunk_000.pak.patch_055\natives/stm/streaming/character/_kit/_equipment/mantle/504/mantle_504_m_nrmr.tex.760230703 (deflate)
Wrote re_chunk_000.pak.patch_055\natives/stm/character/_kit/body/body_212_f/body_212_f_high_nrmr.tex.760230703 (deflate)
Wrote re_chunk_000.pak.patch_055\natives/stm/streaming/character/ch/ch26_000/eq26_000_01/eq26_000_01_2_nrmr.tex.760230703 (deflate)
Wrote re_chunk_000.pak.patch_055\natives/stm/streaming/character/ch/ch29_001/ch29_001_mantle_nrmr.tex.760230703 (deflate)
Wrote re_chunk_000.pak.patch_055\natives/stm/streaming/character/_kit/_equipment/tops/828/bd_828_0_3_nrmr.tex.760230703 (deflate)
Wrote re_chunk_000.pak.patch_055\natives/stm/streaming/character/ch/ch60_001/ch60_001_body2_nrmr.tex.760230703 (deflate)
Wrote re_chunk_000.pak.patch_055\natives/stm/character/_kit/_equipment/tops/042/wb_042_0_0_nrmr.tex.760230703 (deflate)
Wrote re_chunk_000.pak.patch_055\natives/stm/streaming/character/_kit/_equipment/helm/242/hl_242_0_0_nrmr.tex.760230703 (deflate)
Wrote re_chunk_000.pak.patch_055\natives/stm/character/wp/wp08/010/wp08_010_0_0_nrmr.tex.760230703 (deflate)
Wrote re_chunk_000.pak.patch_055\natives/stm/character/ch/ch20_001/wp20_001_20/wp20_001_20_1_nrmr.tex.760230703 (deflate)
Wrote re_chunk_000.pak.patch_055\natives/stm/streaming/character/wp/wp05/008/wp05_008_0_0_nrmr.tex.760230703 (deflate)
Wrote re_chunk_000.pak.patch_055\natives/stm/streaming/character/_kit/_equipment/tops/833/bd_833_0_4_nrmr.tex.760230703 (deflate)
Wrote re_chunk_000.pak.patch_055\natives/stm/character/ch/ch28_000/body/body_910_m/body_910_m_inflation_nrmr.tex.760230703 (deflate)
Wrote re_chunk_000.pak.patch_055\natives/stm/streaming/character/_kit/_equipment/pants/510/wl_510_0_0_nrmr.tex.760230703 (deflate)
Wrote re_chunk_000.pak.patch_055\natives/stm/character/ch/ch50_000/eq50_000_00/eq50_000_parts1_nrmr.tex.760230703 (deflate)
Wrote re_chunk_000.pak.patch_055\natives/stm/streaming/character/_kit/body/body_211_f/body_211_f_high_nrmr.tex.760230703 (deflate)
Wrote re_chunk_000.pak.patch_055\natives/stm/streaming/character/_kit/_equipment/tops/255/tops_255_bd_nrmr.tex.760230703 (deflate)
Wrote re_chunk_000.pak.patch_055\natives/stm/character/ch/ch55_000/ch55_000_body1_nrmr.tex.760230703 (deflate)
Wrote re_chunk_000.pak.patch_055\natives/stm/streaming/character/_kit/body/body_002_m/body_002_m_low_nrm.tex.760230703 (deflate)
Wrote re_chunk_000.pak.patch_055\natives/stm/streaming/character/_kit/_equipment/tops/277/am_277_0_0_nrmr.tex.760230703 (deflate)
Wrote re_chunk_000.pak.patch_055\natives/stm/streaming/character/_kit/_equipment/mantle/832/mt_832_0_0_nrmr.tex.760230703 (deflate)
Wrote re_chunk_000.pak.patch_055\natives/stm/character/_kit/hair/hair_073/band_nrmr.tex.760230703 (deflate)
Wrote re_chunk_000.pak.patch_055\natives/stm/character/_kit/_equipment/helm/540/hl_540_0_0_nrmr.tex.760230703 (deflate)
Wrote re_chunk_000.pak.patch_055\natives/stm/streaming/character/ch/ch26_000/eq26_000_03/eq26_000_03_0_nrmr.tex.760230703 (deflate)
Wrote re_chunk_000.pak.patch_055\natives/stm/character/_kit/_equipment/tops/017/wb_017_0_0_nrmr.tex.760230703 (deflate)
Wrote re_chunk_000.pak.patch_055\natives/stm/streaming/character/_kit/_equipment/helm/051/hl_051_0_0_nrmr.tex.760230703 (deflate)
Wrote re_chunk_000.pak.patch_055\natives/stm/character/_kit/body/body_222_f/body_222_f_low_nrm.tex.760230703 (deflate)
Wrote re_chunk_000.pak.patch_055\natives/stm/character/_kit/body/body_219_f/body_219_f_low_nrm.tex.760230703 (deflate)
Wrote re_chunk_000.pak.patch_055\natives/stm/streaming/character/ch/ch22_002/ch22_002_body_nrmr.tex.760230703 (deflate)
Wrote re_chunk_000.pak.patch_055\natives/stm/streaming/character/wp/wp03/017/wp03_017_0_0_nrmr.tex.760230703 (deflate)
Wrote re_chunk_000.pak.patch_055\natives/stm/character/_kit/hair/hair_070/hair_070_fake_nrmr.tex.760230703 (deflate)
Wrote re_chunk_000.pak.patch_055\natives/stm/streaming/character/_kit/body/body_212_m/hand_212_m_low_nrm.tex.760230703 (deflate)
Wrote re_chunk_000.pak.patch_055\natives/stm/streaming/character/wp/wp02/007/wp02_007_0_0_nrmr.tex.760230703 (deflate)
Wrote re_chunk_000.pak.patch_055\natives/stm/streaming/character/_kit/_equipment/helm/502/hl_502_0_0_nrmr.tex.760230703 (deflate)
Wrote re_chunk_000.pak.patch_055\natives/stm/character/_kit/beard/beard_005/band_005_nrmr.tex.760230703 (deflate)
Wrote re_chunk_000.pak.patch_055\natives/stm/character/_kit/beard/beard_000/beard_000_nrmr.tex.760230703 (deflate)
Wrote re_chunk_000.pak.patch_055\natives/stm/character/ch/ch28_000/body/body_900_f/hand_900_f_nrmr.tex.760230703 (deflate)
Wrote re_chunk_000.pak.patch_055\natives/stm/character/_kit/_equipment/pants/801/lg_801_0_0_nrmr.tex.760230703 (deflate)
Wrote re_chunk_000.pak.patch_055\natives/stm/streaming/character/ch/ch20_001/mantle/01/eq20_001_01_mt_1_nrmr.tex.760230703 (deflate)
Wrote re_chunk_000.pak.patch_055\natives/stm/streaming/character/_kit/_equipment/tops/012/bd_012_0_0_nrmr.tex.760230703 (deflate)
Wrote re_chunk_000.pak.patch_055\natives/stm/streaming/character/_kit/_equipment/tops/510/wb_510_0_0_nrmr.tex.760230703 (deflate)
Wrote re_chunk_000.pak.patch_055\natives/stm/streaming/character/_kit/_equipment/mantle/005/mt_005_0_0_nrmr.tex.760230703 (deflate)
Wrote re_chunk_000.pak.patch_055\natives/stm/character/_kit/_equipment/tops/832/am_832_0_1_nrmr.tex.760230703 (deflate)
Wrote re_chunk_000.pak.patch_055\natives/stm/character/_kit/_equipment/mantle/529/mt_529_0_0_nrmr.tex.760230703 (deflate)
Wrote re_chunk_000.pak.patch_055\natives/stm/character/_kit/hair/hair_040/hair_040_nrmr.tex.760230703 (deflate)
Wrote re_chunk_000.pak.patch_055\natives/stm/streaming/character/_kit/_equipment/helm/801/hl_801_0_0_nrmr.tex.760230703 (deflate)
Wrote re_chunk_000.pak.patch_055\natives/stm/streaming/character/_kit/_equipment/helm/630/hl_630_0_0_nrmr.tex.760230703 (deflate)
Wrote re_chunk_000.pak.patch_055\natives/stm/streaming/character/_kit/_equipment/pants/265/lg_265_0_0_nrmr.tex.760230703 (deflate)
Wrote re_chunk_000.pak.patch_055\natives/stm/streaming/character/_kit/_equipment/pants/517/wl_517_0_0_nrmr.tex.760230703 (deflate)
Wrote re_chunk_000.pak.patch_055\natives/stm/streaming/character/_kit/head/head_001_f/head_001_f_low_nrm.tex.760230703 (deflate)
Wrote re_chunk_000.pak.patch_055\natives/stm/streaming/character/_kit/body/body_201_f/body_201_f_low_nrm.tex.760230703 (deflate)
Wrote re_chunk_000.pak.patch_055\natives/stm/streaming/character/ch/ch28_000/hair/hair_900/hair_900_nrmr.tex.760230703 (deflate)
Wrote re_chunk_000.pak.patch_055\natives/stm/character/ch/ch21_002/ch21_002_eyeflatten_nrmr.tex.760230703 (deflate)
Wrote re_chunk_000.pak.patch_055\natives/stm/character/_kit/_equipment/tops/608/wb_608_0_0_nrmr.tex.760230703 (deflate)
Wrote re_chunk_000.pak.patch_055\natives/stm/character/_kit/_equipment/pants/013/lg_013_0_1_nrmr.tex.760230703 (deflate)
Wrote re_chunk_000.pak.patch_055\natives/stm/streaming/character/_kit/body/body_207_m/body_207_m_low_nrm.tex.760230703 (deflate)
Wrote re_chunk_000.pak.patch_055\natives/stm/character/_kit/_equipment/helm/024/hl_024_0_0_nrmr.tex.760230703 (deflate)
Wrote re_chunk_000.pak.patch_055\natives/stm/streaming/character/_kit/head/head_602_m/head_602_m_low_nrm.tex.760230703 (deflate)
Wrote re_chunk_000.pak.patch_055\natives/stm/streaming/character/it/it09/001/it09_001_0_0_nrmr.tex.760230703 (deflate)
Wrote re_chunk_000.pak.patch_055\natives/stm/character/_kit/head/head_222_f/head_222_f_low_nrm.tex.760230703 (deflate)
Wrote re_chunk_000.pak.patch_055\natives/stm/streaming/character/_kit/_equipment/tops/264/bd_264_0_4_nrmr.tex.760230703 (deflate)
Wrote re_chunk_000.pak.patch_055\natives/stm/streaming/character/_kit/hair/hair_018/hair_018_fake_nrmr.tex.760230703 (deflate)
Wrote re_chunk_000.pak.patch_055\natives/stm/streaming/character/_kit/_equipment/tops/510/bd_510_0_0_nrmr.tex.760230703 (deflate)
Wrote re_chunk_000.pak.patch_055\natives/stm/streaming/character/_kit/_equipment/tops/524/wb_524_0_0_nrmr.tex.760230703 (deflate)
Wrote re_chunk_000.pak.patch_055\natives/stm/streaming/character/_kit/_equipment/mantle/008/008_ embroidery_03_nrmr.tex.760230703 (deflate)
Wrote re_chunk_000.pak.patch_055\natives/stm/character/_kit/hair/hair_059/hair_059_fake_nrmr.tex.760230703 (deflate)
Wrote re_chunk_000.pak.patch_055\natives/stm/character/_kit/body/body_200_f/hand_200_f_high_nrmr.tex.760230703 (deflate)
Wrote re_chunk_000.pak.patch_055\natives/stm/character/_kit/body/body_225_f/hand_225_f_high_nrmr.tex.760230703 (deflate)
Wrote re_chunk_000.pak.patch_055\natives/stm/character/_kit/_equipment/pants/623/lg_623_0_0_nrmr.tex.760230703 (deflate)
Wrote re_chunk_000.pak.patch_055\natives/stm/streaming/character/_kit/_equipment/tops/516/embroidery_02_nrmr.tex.760230703 (deflate)
Wrote re_chunk_000.pak.patch_055\natives/stm/character/_kit/_equipment/tops/630/bd_630_decal_2_nrmr.tex.760230703 (deflate)
Wrote re_chunk_000.pak.patch_055\natives/stm/streaming/character/_kit/body/body_602_m/hand_602_m_high_nrmr.tex.760230703 (deflate)
Wrote re_chunk_000.pak.patch_055\natives/stm/character/_kit/_equipment/tops/048/am_048_0_1_nrmr.tex.760230703 (deflate)
Wrote re_chunk_000.pak.patch_055\natives/stm/character/_kit/beard/beard_843/beard_843_fake_nrmr.tex.760230703 (deflate)
Wrote re_chunk_000.pak.patch_055\natives/stm/character/_kit/eyebrows/eyebrows_011/eyebrows_011_skin_nrmr.tex.760230703 (deflate)
Wrote re_chunk_000.pak.patch_055\natives/stm/streaming/character/_kit/body/body_608_f/hand_608_f_low_nrm.tex.760230703 (deflate)
Wrote re_chunk_000.pak.patch_055\natives/stm/streaming/character/_kit/_equipment/tops/621/lg_621_0_0_nrmr.tex.760230703 (deflate)
Wrote re_chunk_000.pak.patch_055\natives/stm/streaming/character/_kit/body/body_003_m/hand_003_m_high_nrmr.tex.760230703 (deflate)
Wrote re_chunk_000.pak.patch_055\natives/stm/streaming/character/_kit/_equipment/tops/276/wb_276_0_0_nrmr.tex.760230703 (deflate)
Wrote re_chunk_000.pak.patch_055\natives/stm/character/ch/ch22_002/ch22_002_eye_nrmr.tex.760230703 (deflate)
Wrote re_chunk_000.pak.patch_055\natives/stm/streaming/character/_kit/_equipment/mantle/020/mt_020_0_1_nrmr.tex.760230703 (deflate)
Wrote re_chunk_000.pak.patch_055\natives/stm/character/_kit/_equipment/tops/007/bd_007_0_3_nrmr.tex.760230703 (deflate)
Wrote re_chunk_000.pak.patch_055\natives/stm/character/wp/wp08/002/wp08_002_0_0_nrmr.tex.760230703 (deflate)
Wrote re_chunk_000.pak.patch_055\natives/stm/character/_kit/_equipment/tops/046/bd_046_0_3_nrmr.tex.760230703 (deflate)
Wrote re_chunk_000.pak.patch_055\natives/stm/streaming/character/_kit/_equipment/tops/823/wb_823_0_2_nrmr.tex.760230703 (deflate)
Wrote re_chunk_000.pak.patch_055\natives/stm/streaming/character/_kit/_equipment/tops/806/bd_806_0_1_nrmr.tex.760230703 (deflate)
Wrote re_chunk_000.pak.patch_055\natives/stm/streaming/character/ch/ch20_001/wp20_001_20/wp20_001_20_1_nrmr.tex.760230703 (deflate)
Wrote re_chunk_000.pak.patch_055\natives/stm/character/_kit/_equipment/tops/839/wb_839_0_0_nrmr.tex.760230703 (deflate)
Wrote re_chunk_000.pak.patch_055\natives/stm/character/_kit/body/body_606_m/hand_606_m_high_nrmr.tex.760230703 (deflate)
Wrote re_chunk_000.pak.patch_055\natives/stm/character/_kit/head/head_224_f/head_224_f_low_nrm.tex.760230703 (deflate)
Wrote re_chunk_000.pak.patch_055\natives/stm/streaming/character/_kit/_equipment/tops/242/am_242_0_0_nrmr.tex.760230703 (deflate)
Wrote re_chunk_000.pak.patch_055\natives/stm/character/_kit/eyes/common/eye_001_cover_nrmr.tex.760230703 (deflate)
Wrote re_chunk_000.pak.patch_055\natives/stm/streaming/character/_kit/_equipment/tops/301/wb_301_0_0_nrmr.tex.760230703 (deflate)
Wrote re_chunk_000.pak.patch_055\natives/stm/streaming/character/_kit/hair/hair_806/hair_806_nrmr.tex.760230703 (deflate)
Wrote re_chunk_000.pak.patch_055\natives/stm/character/_kit/_equipment/pants/011/lg_011_0_0_nrmr.tex.760230703 (deflate)
Wrote re_chunk_000.pak.patch_055\natives/stm/streaming/character/_kit/_equipment/tops/534/am_534_0_0_nrmr.tex.760230703 (deflate)
Wrote re_chunk_000.pak.patch_055\natives/stm/streaming/character/_kit/_equipment/pants/501/lg_501_0_0_nrmr.tex.760230703 (deflate)
Wrote re_chunk_000.pak.patch_055\natives/stm/streaming/character/_kit/_equipment/tops/003/bd_003_0_2_nrmr.tex.760230703 (deflate)
Wrote re_chunk_000.pak.patch_055\natives/stm/character/wp/wp02/002/wp02_002_0_0_nrmr.tex.760230703 (deflate)
Wrote re_chunk_000.pak.patch_055\natives/stm/streaming/character/_kit/_equipment/tops/035/bd_035_0_0_m_nrmr.tex.760230703 (deflate)
Wrote re_chunk_000.pak.patch_055\natives/stm/vfx/event/texture/decal/13_bloodstain_000_00_nrmr.tex.760230703 (deflate)
Wrote re_chunk_000.pak.patch_055\natives/stm/streaming/character/ch/ch20_000/wp20_000_04/wp20_000_04_0_nrmr.tex.760230703 (deflate)
Wrote re_chunk_000.pak.patch_055\natives/stm/character/wp/wp00/050/wp00_050_0_0_nrmr.tex.760230703 (deflate)
Wrote re_chunk_000.pak.patch_055\natives/stm/character/_kit/_equipment/tops/008/008_ embroidery_01_nrmr.tex.760230703 (deflate)
Wrote re_chunk_000.pak.patch_055\natives/stm/character/_kit/body/body_203_m/hand_203_m_high_nrmr.tex.760230703 (deflate)
Wrote re_chunk_000.pak.patch_055\natives/stm/character/_kit/_equipment/tops/814/wb_814_0_3_nrmr.tex.760230703 (deflate)
Wrote re_chunk_000.pak.patch_055\natives/stm/streaming/character/_kit/_equipment/tops/616/am_616_0_0_nrmr.tex.760230703 (deflate)
Wrote re_chunk_000.pak.patch_055\natives/stm/character/wp/wp02/009/wp02_009_0_0_nrmr.tex.760230703 (deflate)
Wrote re_chunk_000.pak.patch_055\natives/stm/character/_kit/_equipment/tops/225/bd_225_0_0_nrmr.tex.760230703 (deflate)
Wrote re_chunk_000.pak.patch_055\natives/stm/character/_kit/_equipment/helm/630/hl_630_0_0_nrmr.tex.760230703 (deflate)
Wrote re_chunk_000.pak.patch_055\natives/stm/streaming/character/_kit/_equipment/tops/237/bd_237_0_0_nrmr.tex.760230703 (deflate)
Wrote re_chunk_000.pak.patch_055\natives/stm/character/_kit/_equipment/tops/524/bd_524_0_0_nrmr.tex.760230703 (deflate)
Wrote re_chunk_000.pak.patch_055\natives/stm/streaming/character/_kit/_equipment/tops/807/am_807_0_0_nrmr.tex.760230703 (deflate)
Wrote re_chunk_000.pak.patch_055\natives/stm/character/ch/ch20_001/wp20_001_21/wp20_001_21_0_1_nrmr.tex.760230703 (deflate)
Wrote re_chunk_000.pak.patch_055\natives/stm/character/it/it10/008/it10_008_nrmr.tex.760230703 (deflate)
Wrote re_chunk_000.pak.patch_055\natives/stm/streaming/character/_kit/head/head_200_m/head_200_m_low_nrm.tex.760230703 (deflate)
Wrote re_chunk_000.pak.patch_055\natives/stm/streaming/character/_kit/_equipment/helm/501/hl_501_nrmr.tex.760230703 (deflate)
Wrote re_chunk_000.pak.patch_055\natives/stm/streaming/character/_kit/_equipment/helm/277/hl_277_0_0_nrmr.tex.760230703 (deflate)
Wrote re_chunk_000.pak.patch_055\natives/stm/character/ch/ch55_000/ch55_000_atlasangryface_nrmr.tex.760230703 (deflate)
Wrote re_chunk_000.pak.patch_055\natives/stm/streaming/character/ch/ch20_000/wp20_000_20/wp20_000_20_0_2_nrmr.tex.760230703 (deflate)
Wrote re_chunk_000.pak.patch_055\natives/stm/character/_kit/_equipment/tops/512/am_512_0_0_nrmr.tex.760230703 (deflate)
Wrote re_chunk_000.pak.patch_055\natives/stm/vfx/texture/vector/13_vector_005_00_nrmr.tex.760230703 (deflate)
Wrote re_chunk_000.pak.patch_055\natives/stm/streaming/character/wp/wp06/014/wp06_014_0_0_nrmr.tex.760230703 (deflate)
Wrote re_chunk_000.pak.patch_055\natives/stm/streaming/character/wp/wp04/001/wp04_001_0_0_nrmr.tex.760230703 (deflate)
Wrote re_chunk_000.pak.patch_055\natives/stm/character/_kit/_equipment/pants/039/lg_039_0_1_nrmr.tex.760230703 (deflate)
Wrote re_chunk_000.pak.patch_055\natives/stm/character/_kit/_equipment/tops/301/wb_301_0_0_nrmr.tex.760230703 (deflate)
Wrote re_chunk_000.pak.patch_055\natives/stm/streaming/character/_kit/_equipment/tops/517/am_517_0_0_nrmr.tex.760230703 (deflate)
Wrote re_chunk_000.pak.patch_055\natives/stm/character/_kit/_equipment/facewear/310/facewear_310_0_0_nrmr.tex.760230703 (deflate)
Wrote re_chunk_000.pak.patch_055\natives/stm/streaming/character/_kit/_equipment/tops/211/wb_211_0_1_nrmr.tex.760230703 (deflate)
Wrote re_chunk_000.pak.patch_055\natives/stm/character/ch/ch58_001/ch58_001_arm_nrmr.tex.760230703 (deflate)
Wrote re_chunk_000.pak.patch_055\natives/stm/streaming/character/_kit/body/body_214_f/hand_214_f_low_nrm.tex.760230703 (deflate)
Wrote re_chunk_000.pak.patch_055\natives/stm/character/_kit/_equipment/helm/621/hl_621_0_0_nrmr.tex.760230703 (deflate)
Wrote re_chunk_000.pak.patch_055\natives/stm/streaming/character/_kit/body/body_607_m/body_607_m_high_nrmr.tex.760230703 (deflate)
Wrote re_chunk_000.pak.patch_055\natives/stm/streaming/character/ch/ch20_000/wp20_000_20/wp20_000_20_2_nrmr.tex.760230703 (deflate)
Wrote re_chunk_000.pak.patch_055\natives/stm/streaming/character/ch/ch53_001/ch53_001_hairfeather_nrmr.tex.760230703 (deflate)
Wrote re_chunk_000.pak.patch_055\natives/stm/character/wp/wp07/005/wp07_005_0_0_nrmr.tex.760230703 (deflate)
Wrote re_chunk_000.pak.patch_055\natives/stm/streaming/character/_kit/body/body_611_m/body_611_m_high_nrmr.tex.760230703 (deflate)
Wrote re_chunk_000.pak.patch_055\natives/stm/character/_kit/_equipment/tops/046/bd_046_0_0_nrmr.tex.760230703 (deflate)
Wrote re_chunk_000.pak.patch_055\natives/stm/character/ch/ch27_001/ch27_001_body2_nrmr.tex.760230703 (deflate)
Wrote re_chunk_000.pak.patch_055\natives/stm/streaming/character/ch/ch58_001/ch58_001_body_nrmr.tex.760230703 (deflate)
Wrote re_chunk_000.pak.patch_055\natives/stm/character/_kit/_equipment/tops/804/804_embroidery_00_nrmr.tex.760230703 (deflate)
Wrote re_chunk_000.pak.patch_055\natives/stm/character/_kit/head/head_200_f/head_200_f_high_nrmr.tex.760230703 (deflate)
Wrote re_chunk_000.pak.patch_055\natives/stm/streaming/character/_kit/_equipment/pants/530/lg_530_0_0_nrmr.tex.760230703 (deflate)
Wrote re_chunk_000.pak.patch_055\natives/stm/character/_kit/body/body_216_m/hand_216_m_high_nrmr.tex.760230703 (deflate)
Wrote re_chunk_000.pak.patch_055\natives/stm/streaming/character/_kit/_equipment/tops/039/bd_039_0_1_nrmr.tex.760230703 (deflate)
Wrote re_chunk_000.pak.patch_055\natives/stm/streaming/character/ch/ch60_001/ch60_001_eye_nrmr.tex.760230703 (deflate)
Wrote re_chunk_000.pak.patch_055\natives/stm/streaming/character/_kit/hair/hair_021/hair_021_fake_nrmr.tex.760230703 (deflate)
Wrote re_chunk_000.pak.patch_055\natives/stm/character/_kit/body/body_003_f/hand_003_f_low_nrm.tex.760230703 (deflate)
Wrote re_chunk_000.pak.patch_055\natives/stm/character/_kit/_equipment/helm/019/hl_019_0_0_nrmr.tex.760230703 (deflate)
Wrote re_chunk_000.pak.patch_055\natives/stm/streaming/character/wp/wp00/004/wp00_004_0_0_nrmr.tex.760230703 (deflate)
Wrote re_chunk_000.pak.patch_055\natives/stm/character/_kit/_equipment/tops/253/bd_253_0_0_nrmr.tex.760230703 (deflate)
Wrote re_chunk_000.pak.patch_055\natives/stm/character/_kit/_equipment/tops/008/bd_008_0_0_nrmr.tex.760230703 (deflate)
Wrote re_chunk_000.pak.patch_055\natives/stm/streaming/character/_kit/hair/hair_022/hair_022_fake_nrmr.tex.760230703 (deflate)
Wrote re_chunk_000.pak.patch_055\natives/stm/streaming/character/_kit/_equipment/tops/264/am_264_0_1_nrmr.tex.760230703 (deflate)
Wrote re_chunk_000.pak.patch_055\natives/stm/streaming/character/_kit/body/body_002_f/hand_002_f_high_nrmr.tex.760230703 (deflate)
Wrote re_chunk_000.pak.patch_055\natives/stm/streaming/character/_kit/_equipment/helm/025/hl_025_0_0_nrmr.tex.760230703 (deflate)
Wrote re_chunk_000.pak.patch_055\natives/stm/streaming/character/it/it10/032/it10_032_nrmr.tex.760230703 (deflate)
Wrote re_chunk_000.pak.patch_055\natives/stm/character/_kit/_equipment/tops/222/wb_222_0_0_nrmr.tex.760230703 (deflate)
Wrote re_chunk_000.pak.patch_055\natives/stm/streaming/character/_kit/body/body_216_f/body_216_f_low_nrm.tex.760230703 (deflate)
Wrote re_chunk_000.pak.patch_055\natives/stm/character/_kit/_equipment/tops/278/am_278_0_0_nrmr.tex.760230703 (deflate)
Wrote re_chunk_000.pak.patch_055\natives/stm/streaming/character/_kit/_equipment/tops/210/am_210_0_0_nrmr.tex.760230703 (deflate)
Wrote re_chunk_000.pak.patch_055\natives/stm/streaming/character/_kit/_equipment/pants/003/wl_003_0_0_nrmr.tex.760230703 (deflate)
Wrote re_chunk_000.pak.patch_055\natives/stm/character/_kit/_equipment/tops/036/am_036_0_0_nrmr.tex.760230703 (deflate)
Wrote re_chunk_000.pak.patch_055\natives/stm/character/_kit/_equipment/pants/021/lg_021_0_0_nrmr.tex.760230703 (deflate)
Wrote re_chunk_000.pak.patch_055\natives/stm/streaming/character/_kit/_equipment/tops/830/bd_830_0_1_nrmr.tex.760230703 (deflate)
Wrote re_chunk_000.pak.patch_055\natives/stm/streaming/character/_kit/_equipment/helm/528/hl_528_0_0_nrmr.tex.760230703 (deflate)
Wrote re_chunk_000.pak.patch_055\natives/stm/character/_kit/_equipment/tops/838/wb_838_0_1_nrmr.tex.760230703 (deflate)
Wrote re_chunk_000.pak.patch_055\natives/stm/character/_kit/_equipment/facewear/057/facewear_057_m_nrmr.tex.760230703 (deflate)
Wrote re_chunk_000.pak.patch_055\natives/stm/streaming/character/_kit/_equipment/tops/307/wb_307_0_0_nrmr.tex.760230703 (deflate)
Wrote re_chunk_000.pak.patch_055\natives/stm/character/_kit/_equipment/pants/806/wl_806_0_0_nrmr.tex.760230703 (deflate)
Wrote re_chunk_000.pak.patch_055\natives/stm/streaming/character/_kit/_equipment/tops/046/am_046_0_0_nrmr.tex.760230703 (deflate)
Wrote re_chunk_000.pak.patch_055\natives/stm/character/_kit/_equipment/tops/507/am_507_0_0_nrmr.tex.760230703 (deflate)
Wrote re_chunk_000.pak.patch_055\natives/stm/streaming/character/_kit/_equipment/tops/608/wb_608_0_0_nrmr.tex.760230703 (deflate)
Wrote re_chunk_000.pak.patch_055\natives/stm/character/_kit/body/body_605_f/hand_605_f_low_nrm.tex.760230703 (deflate)
Wrote re_chunk_000.pak.patch_055\natives/stm/streaming/character/_kit/_equipment/tops/220/bd_220_0_1_nrmr.tex.760230703 (deflate)
Wrote re_chunk_000.pak.patch_055\natives/stm/streaming/character/_kit/_equipment/pants/042/lg_042_0_0_m_nrmr.tex.760230703 (deflate)
Wrote re_chunk_000.pak.patch_055\natives/stm/streaming/character/_kit/_equipment/tops/273/bd_273_0_0_nrmr.tex.760230703 (deflate)
Wrote re_chunk_000.pak.patch_055\natives/stm/streaming/character/_kit/hair/hair_010/hair_010_nrmr.tex.760230703 (deflate)
Wrote re_chunk_000.pak.patch_055\natives/stm/character/_kit/_equipment/pants/011/wl_011_0_0_nrmr.tex.760230703 (deflate)
Wrote re_chunk_000.pak.patch_055\natives/stm/streaming/character/_kit/_equipment/pants/836/lg_836_0_0_nrmr.tex.760230703 (deflate)
Wrote re_chunk_000.pak.patch_055\natives/stm/character/_kit/head/head_603_f/head_603_f_high_nrmr.tex.760230703 (deflate)
Wrote re_chunk_000.pak.patch_055\natives/stm/streaming/character/_kit/_equipment/tops/805/am_805_0_0_nrmr.tex.760230703 (deflate)
Wrote re_chunk_000.pak.patch_055\natives/stm/streaming/character/_kit/_equipment/tops/807/bd_807_0_1_nrmr.tex.760230703 (deflate)
Wrote re_chunk_000.pak.patch_055\natives/stm/streaming/character/_kit/head/head_204_m/head_204_m_high_nrmr.tex.760230703 (deflate)
Wrote re_chunk_000.pak.patch_055\natives/stm/streaming/character/_kit/head/head_212_f/head_212_f_low_nrm.tex.760230703 (deflate)
Wrote re_chunk_000.pak.patch_055\natives/stm/streaming/character/_kit/head/head_606_m/head_606_m_low_nrm.tex.760230703 (deflate)
Wrote re_chunk_000.pak.patch_055\natives/stm/streaming/character/_kit/_equipment/helm/517/hl_517_0_1_nrmr.tex.760230703 (deflate)
Wrote re_chunk_000.pak.patch_055\natives/stm/streaming/character/_kit/_equipment/tops/809/am_809_0_1_nrmr.tex.760230703 (deflate)
Wrote re_chunk_000.pak.patch_055\natives/stm/streaming/character/_kit/_equipment/pants/277/lg_277_0_1_nrmr.tex.760230703 (deflate)
Wrote re_chunk_000.pak.patch_055\natives/stm/character/_kit/body/body_215_f/body_215_f_low_nrm.tex.760230703 (deflate)
Wrote re_chunk_000.pak.patch_055\natives/stm/character/ch/ch60_001/ch60_001_body1_nrmr.tex.760230703 (deflate)
Wrote re_chunk_000.pak.patch_055\natives/stm/character/_kit/_equipment/tops/621/lg_621_0_0_nrmr.tex.760230703 (deflate)
Wrote re_chunk_000.pak.patch_055\natives/stm/character/ch/ch23_001/ch23_001_fur_nrmr.tex.760230703 (deflate)
Wrote re_chunk_000.pak.patch_055\natives/stm/streaming/character/_kit/hair/hair_014/hair_014_nrmr.tex.760230703 (deflate)
Wrote re_chunk_000.pak.patch_055\natives/stm/character/_kit/_equipment/tops/615/wb_615_0_0_nrmr.tex.760230703 (deflate)
Wrote re_chunk_000.pak.patch_055\natives/stm/character/_kit/_equipment/tops/805/wb_805_0_2_nrmr.tex.760230703 (deflate)
Wrote re_chunk_000.pak.patch_055\natives/stm/character/_kit/_equipment/tops/833/bd_833_0_4_nrmr.tex.760230703 (deflate)
Wrote re_chunk_000.pak.patch_055\natives/stm/streaming/character/_kit/_equipment/helm/301/hl_301_0_0_nrmr.tex.760230703 (deflate)
Wrote re_chunk_000.pak.patch_055\natives/stm/streaming/character/ch/ch21_000/ch21_000_atlasblendbody_nrmr.tex.760230703 (deflate)
Wrote re_chunk_000.pak.patch_055\natives/stm/streaming/character/_kit/_equipment/tops/507/am_507_0_0_nrmr.tex.760230703 (deflate)
Wrote re_chunk_000.pak.patch_055\natives/stm/character/_kit/_equipment/tops/238/am_238_0_0_nrmr.tex.760230703 (deflate)
Wrote re_chunk_000.pak.patch_055\natives/stm/streaming/character/_kit/hair/hair_055/ring_055_nrmr.tex.760230703 (deflate)
Wrote re_chunk_000.pak.patch_055\natives/stm/character/it/it10/007/it10_007_0_0_nrmr.tex.760230703 (deflate)
Wrote re_chunk_000.pak.patch_055\natives/stm/streaming/character/_kit/_equipment/helm/202/hl_202_0_0_nrmr.tex.760230703 (deflate)
Wrote re_chunk_000.pak.patch_055\natives/stm/streaming/character/_kit/_equipment/tops/046/bd_046_0_1_nrmr.tex.760230703 (deflate)
Wrote re_chunk_000.pak.patch_055\natives/stm/streaming/character/_kit/_equipment/tops/805/lace_805_0_0_nrmr.tex.760230703 (deflate)
Wrote re_chunk_000.pak.patch_055\natives/stm/character/_kit/_equipment/lantern/lantern_000/lantern_000_nrmr.tex.760230703 (deflate)
Wrote re_chunk_000.pak.patch_055\natives/stm/streaming/character/_kit/body/body_600_m/body_600_m_high_nrmr.tex.760230703 (deflate)
Wrote re_chunk_000.pak.patch_055\natives/stm/environment/textures/sm82_057_a_mat_nrmr.tex.760230703 (deflate)
Wrote re_chunk_000.pak.patch_055\natives/stm/streaming/character/ch/ch99_020/ch99_020_body_a_nrmr.tex.760230703 (deflate)
Wrote re_chunk_000.pak.patch_055\natives/stm/streaming/character/_kit/body/body_604_m/hand_604_m_high_nrmr.tex.760230703 (deflate)
Wrote re_chunk_000.pak.patch_055\natives/stm/streaming/character/_kit/_equipment/tops/810/bd_810_0_3_nrmr.tex.760230703 (deflate)
Wrote re_chunk_000.pak.patch_055\natives/stm/character/_kit/_equipment/tops/264/bd_264_0_0_nrmr.tex.760230703 (deflate)
Wrote re_chunk_000.pak.patch_055\natives/stm/character/_kit/_equipment/tops/273/bd_273_0_1_nrmr.tex.760230703 (deflate)
Wrote re_chunk_000.pak.patch_055\natives/stm/character/_kit/_equipment/tops/013/am_013_0_0_nrmr.tex.760230703 (deflate)
Wrote re_chunk_000.pak.patch_055\natives/stm/streaming/character/wp/wp03/006/wp03_006_0_0_nrmr.tex.760230703 (deflate)
Wrote re_chunk_000.pak.patch_055\natives/stm/character/ch/ch26_000/eq26_000_03/eq26_000_03_10_nrmr.tex.760230703 (deflate)
Wrote re_chunk_000.pak.patch_055\natives/stm/character/ch/ch22_003/ch22_003_eye_nrmr.tex.760230703 (deflate)
Wrote re_chunk_000.pak.patch_055\natives/stm/character/_kit/_equipment/mantle/803/mt_803_0_1_nrmr.tex.760230703 (deflate)
Wrote re_chunk_000.pak.patch_055\natives/stm/character/_kit/_equipment/tops/239/bd_239_0_0_nrmr.tex.760230703 (deflate)
Wrote re_chunk_000.pak.patch_055\natives/stm/streaming/character/_kit/_equipment/pants/041/lg_041_0_0_nrmr.tex.760230703 (deflate)
Wrote re_chunk_000.pak.patch_055\natives/stm/streaming/character/ch/ch99_220/ch99_220_body_a_eyeflatten_nrmr.tex.760230703 (deflate)
Wrote re_chunk_000.pak.patch_055\natives/stm/character/_kit/_equipment/mantle/828/mt_828_0_1_nrmr.tex.760230703 (deflate)
Wrote re_chunk_000.pak.patch_055\natives/stm/streaming/character/_kit/body/body_204_f/hand_204_f_high_nrmr.tex.760230703 (deflate)
Wrote re_chunk_000.pak.patch_055\natives/stm/streaming/character/_kit/_equipment/tops/621/bd_621_0_0_nrmr.tex.760230703 (deflate)
Wrote re_chunk_000.pak.patch_055\natives/stm/character/it/it10/026/it10_026_nrmr.tex.760230703 (deflate)
Wrote re_chunk_000.pak.patch_055\natives/stm/vfx/texture/decal/13_hugecrack_001_00_nrmr.tex.760230703 (deflate)
Wrote re_chunk_000.pak.patch_055\natives/stm/streaming/character/_kit/_equipment/helm/505/hl_505_0_0_nrmr.tex.760230703 (deflate)
Wrote re_chunk_000.pak.patch_055\natives/stm/character/_kit/_equipment/tops/050/bd_050_0_2_nrmr.tex.760230703 (deflate)
Wrote re_chunk_000.pak.patch_055\natives/stm/streaming/character/_kit/body/body_219_f/hand_219_f_low_nrm.tex.760230703 (deflate)
Wrote re_chunk_000.pak.patch_055\natives/stm/streaming/character/_kit/_equipment/tops/504/am_504_0_0_nrmr.tex.760230703 (deflate)
Wrote re_chunk_000.pak.patch_055\natives/stm/character/_kit/_equipment/tops/048/bd_048_0_2_nrmr.tex.760230703 (deflate)
Wrote re_chunk_000.pak.patch_055\natives/stm/streaming/character/_kit/_equipment/pants/509/lg_509_0_0_nrmr.tex.760230703 (deflate)
Wrote re_chunk_000.pak.patch_055\natives/stm/character/ch/ch28_000/hair/hair_906/hair_906_nrmr.tex.760230703 (deflate)
Wrote re_chunk_000.pak.patch_055\natives/stm/character/ch/ch53_000/ch53_000_wing_nrmr.tex.760230703 (deflate)
Wrote re_chunk_000.pak.patch_055\natives/stm/character/_kit/_equipment/tops/246/bd_246_decal_2_nrmr.tex.760230703 (deflate)
Wrote re_chunk_000.pak.patch_055\natives/stm/character/ch/ch26_000/eq26_000_02/eq26_000_02_1_nrmr.tex.760230703 (deflate)
Wrote re_chunk_000.pak.patch_055\natives/stm/streaming/character/_kit/_equipment/tops/012/bd_012_0_1_nrmr.tex.760230703 (deflate)
Wrote re_chunk_000.pak.patch_055\natives/stm/character/_kit/eyebrows/eyebrows_000/eyebrows_000_skin_nrmr.tex.760230703 (deflate)
Wrote re_chunk_000.pak.patch_055\natives/stm/streaming/character/_kit/_equipment/tops/630/bd_630_decal_2_nrmr.tex.760230703 (deflate)
Wrote re_chunk_000.pak.patch_055\natives/stm/character/_kit/head/head_608_f/head_608_f_high_nrmr.tex.760230703 (deflate)
Wrote re_chunk_000.pak.patch_055\natives/stm/character/_kit/_equipment/tops/286/bd_286_0_1_nrmr.tex.760230703 (deflate)
Wrote re_chunk_000.pak.patch_055\natives/stm/streaming/character/_kit/_equipment/tops/039/bd_039_0_5_nrmr.tex.760230703 (deflate)
Wrote re_chunk_000.pak.patch_055\natives/stm/streaming/character/_kit/head/head_604_m/head_604_m_high_nrmr.tex.760230703 (deflate)
Wrote re_chunk_000.pak.patch_055\natives/stm/character/_kit/_equipment/helm/026/hl_026_0_0_nrmr.tex.760230703 (deflate)
Wrote re_chunk_000.pak.patch_055\natives/stm/character/_kit/_equipment/tops/002/bd_002_0_0_nrmr.tex.760230703 (deflate)
Wrote re_chunk_000.pak.patch_055\natives/stm/character/_kit/head/head_212_f/head_212_f_high_nrmr.tex.760230703 (deflate)
Wrote re_chunk_000.pak.patch_055\natives/stm/character/ch/ch20_002/tops/01/eq20_002_01_am_1_nrmr.tex.760230703 (deflate)
Wrote re_chunk_000.pak.patch_055\natives/stm/character/_kit/_equipment/tops/533/wd_533_0_0_nrmr.tex.760230703 (deflate)
Wrote re_chunk_000.pak.patch_055\natives/stm/character/_kit/_equipment/pants/621/wl_621_0_2_nrmr.tex.760230703 (deflate)
Wrote re_chunk_000.pak.patch_055\natives/stm/streaming/character/_kit/body/body_205_m/body_205_m_high_nrmr.tex.760230703 (deflate)
Wrote re_chunk_000.pak.patch_055\natives/stm/character/_kit/_equipment/mantle/004/mt_004_0_0_nrmr.tex.760230703 (deflate)
Wrote re_chunk_000.pak.patch_055\natives/stm/character/_kit/_equipment/tops/808/bd_808_0_0_nrmr.tex.760230703 (deflate)
Wrote re_chunk_000.pak.patch_055\natives/stm/character/_kit/_equipment/helm/032/hl_032_0_0_nrmr.tex.760230703 (deflate)
Wrote re_chunk_000.pak.patch_055\natives/stm/character/_kit/_equipment/tops/504/am_504_0_0_nrmr.tex.760230703 (deflate)
Wrote re_chunk_000.pak.patch_055\natives/stm/streaming/character/_kit/_equipment/_common/bt_005_0_0_nrmr.tex.760230703 (deflate)
Wrote re_chunk_000.pak.patch_055\natives/stm/streaming/character/ch/ch55_000/ch55_000_body2_nrmr.tex.760230703 (deflate)
Wrote re_chunk_000.pak.patch_055\natives/stm/character/_kit/_equipment/tops/828/bd_828_0_3_nrmr.tex.760230703 (deflate)
Wrote re_chunk_000.pak.patch_055\natives/stm/character/ch/ch21_002/ch21_002_rock_nrmr.tex.760230703 (deflate)
Wrote re_chunk_000.pak.patch_055\natives/stm/character/_kit/body/body_600_m/body_600_m_low_nrm.tex.760230703 (deflate)
Wrote re_chunk_000.pak.patch_055\natives/stm/character/_kit/hair/hair_037/hair_037_fake_nrmr.tex.760230703 (deflate)
Wrote re_chunk_000.pak.patch_055\natives/stm/streaming/character/_kit/head/head_212_m/head_212_m_low_nrm.tex.760230703 (deflate)
Wrote re_chunk_000.pak.patch_055\natives/stm/streaming/character/ch/ch58_001/ch58_001_neck_nrmr.tex.760230703 (deflate)
Wrote re_chunk_000.pak.patch_055\natives/stm/character/ch/ch59_000/ch59_000_upperinner_nrmr.tex.760230703 (deflate)
Wrote re_chunk_000.pak.patch_055\natives/stm/streaming/character/_kit/_equipment/helm/246/hl_246_0_1_nrmr.tex.760230703 (deflate)
Wrote re_chunk_000.pak.patch_055\natives/stm/character/_kit/body/body_209_f/body_209_f_low_nrm.tex.760230703 (deflate)
Wrote re_chunk_000.pak.patch_055\natives/stm/character/_kit/body/body_212_f/hand_212_f_high_nrmr.tex.760230703 (deflate)
Wrote re_chunk_000.pak.patch_055\natives/stm/character/_kit/_equipment/mantle/621/mt_621_0_0_nrmr.tex.760230703 (deflate)
Wrote re_chunk_000.pak.patch_055\natives/stm/character/wp/wp04/018/wp04_018_0_0_nrmr.tex.760230703 (deflate)
Wrote re_chunk_000.pak.patch_055\natives/stm/streaming/character/_kit/_equipment/helm/056/hl_056_0_0_mask_nrmr.tex.760230703 (deflate)
Wrote re_chunk_000.pak.patch_055\natives/stm/vfx/texture/liquid/13_water_010_00_nrmr.tex.760230703 (deflate)
Wrote re_chunk_000.pak.patch_055\natives/stm/character/_kit/_equipment/tops/506/bd_506_0_3_nrmr.tex.760230703 (deflate)
Wrote re_chunk_000.pak.patch_055\natives/stm/character/_kit/body/body_213_f/hand_213_f_low_nrm.tex.760230703 (deflate)
Wrote re_chunk_000.pak.patch_055\natives/stm/streaming/character/_kit/_equipment/pants/015/lg_015_0_1_nrmr.tex.760230703 (deflate)
Wrote re_chunk_000.pak.patch_055\natives/stm/streaming/character/_kit/_equipment/tops/506/bd_506_0_10_nrmr.tex.760230703 (deflate)
Wrote re_chunk_000.pak.patch_055\natives/stm/character/wp/wp11/000/wp11_000_0_0_nrmr.tex.760230703 (deflate)
Wrote re_chunk_000.pak.patch_055\natives/stm/streaming/character/_kit/_equipment/tops/309/bd_309_0_0_nrmr.tex.760230703 (deflate)
Wrote re_chunk_000.pak.patch_055\natives/stm/character/_kit/_equipment/tops/253/bd_253_0_1_nrmr.tex.760230703 (deflate)
Wrote re_chunk_000.pak.patch_055\natives/stm/streaming/character/_kit/body/body_225_f/hand_225_f_low_nrm.tex.760230703 (deflate)
Wrote re_chunk_000.pak.patch_055\natives/stm/streaming/character/_kit/_equipment/pants/001/wl_001_0_0_nrmr.tex.760230703 (deflate)
Wrote re_chunk_000.pak.patch_055\natives/stm/character/_kit/_equipment/pants/806/lg_806_0_0_nrmr.tex.760230703 (deflate)
Wrote re_chunk_000.pak.patch_055\natives/stm/character/wp/wp02/006/wp02_006_0_0_nrmr.tex.760230703 (deflate)
Wrote re_chunk_000.pak.patch_055\natives/stm/character/_kit/_equipment/mantle/007/mt_007_0_0_nrmr.tex.760230703 (deflate)
Wrote re_chunk_000.pak.patch_055\natives/stm/streaming/character/_kit/_equipment/facewear/529/hl_529_0_0_nrmr.tex.760230703 (deflate)
Wrote re_chunk_000.pak.patch_055\natives/stm/streaming/character/ch/ch57_000/ch57_000_wing_nrmr.tex.760230703 (deflate)
Wrote re_chunk_000.pak.patch_055\natives/stm/character/_kit/_equipment/tops/039/am_039_0_1_nrmr.tex.760230703 (deflate)
Wrote re_chunk_000.pak.patch_055\natives/stm/character/_kit/hair/hair_062/hair_062_nrmr.tex.760230703 (deflate)
Wrote re_chunk_000.pak.patch_055\natives/stm/streaming/character/ch/ch28_000/body/body_910_m/pants1_910_m_nrmr.tex.760230703 (deflate)
Wrote re_chunk_000.pak.patch_055\natives/stm/streaming/character/ch/ch26_000/wp26_000_21/wp26_000_21_00_1_nrmr.tex.760230703 (deflate)
Wrote re_chunk_000.pak.patch_055\natives/stm/streaming/character/ch/ch59_000/ch59_000_other_nrmr.tex.760230703 (deflate)
Wrote re_chunk_000.pak.patch_055\natives/stm/streaming/character/_kit/body/body_603_m/hand_603_m_low_nrm.tex.760230703 (deflate)
Wrote re_chunk_000.pak.patch_055\natives/stm/character/_kit/_equipment/helm/266/hl_266_0_0_nrmr.tex.760230703 (deflate)
Wrote re_chunk_000.pak.patch_055\natives/stm/character/_kit/_equipment/tops/248/bd_248_0_1_nrmr.tex.760230703 (deflate)
Wrote re_chunk_000.pak.patch_055\natives/stm/character/_kit/head/head_607_f/head_607_f_low_nrm.tex.760230703 (deflate)
Wrote re_chunk_000.pak.patch_055\natives/stm/streaming/character/_kit/_equipment/tops/519/am_519_0_0_nrmr.tex.760230703 (deflate)
Wrote re_chunk_000.pak.patch_055\natives/stm/character/_kit/body/body_004_f/hand_004_f_high_nrmr.tex.760230703 (deflate)
Wrote re_chunk_000.pak.patch_055\natives/stm/character/ch/ch23_001/ch23_001_body_nrmr.tex.760230703 (deflate)
Wrote re_chunk_000.pak.patch_055\natives/stm/character/ch/ch20_000/tops/00/eq20_000_00_bd_1_nrmr.tex.760230703 (deflate)
Wrote re_chunk_000.pak.patch_055\natives/stm/character/_kit/_equipment/tops/039/bd_039_0_0_nrmr.tex.760230703 (deflate)
Wrote re_chunk_000.pak.patch_055\natives/stm/streaming/character/_kit/eyebrows/eyebrows_008/eyebrows_008_skin_nrmr.tex.760230703 (deflate)
Wrote re_chunk_000.pak.patch_055\natives/stm/streaming/character/_kit/body/body_221_m/body_221_m_high_nrmr.tex.760230703 (deflate)
Wrote re_chunk_000.pak.patch_055\natives/stm/streaming/character/ch/ch26_000/eq26_000_04/eq26_000_04_5_nrmr.tex.760230703 (deflate)
Wrote re_chunk_000.pak.patch_055\natives/stm/streaming/character/_kit/_equipment/tops/800/bd_800_0_1_nrmr.tex.760230703 (deflate)
Wrote re_chunk_000.pak.patch_055\natives/stm/streaming/character/ch/ch20_003/pants/01/eq20_003_01_wl_1_nrmr.tex.760230703 (deflate)
Wrote re_chunk_000.pak.patch_055\natives/stm/streaming/character/_kit/_equipment/tops/832/am_832_0_1_nrmr.tex.760230703 (deflate)
Wrote re_chunk_000.pak.patch_055\natives/stm/streaming/character/_kit/body/body_200_m/hand_200_m_high_nrmr.tex.760230703 (deflate)
Wrote re_chunk_000.pak.patch_055\natives/stm/streaming/character/_kit/_equipment/tops/257/am_257_0_2_nrmr.tex.760230703 (deflate)
Wrote re_chunk_000.pak.patch_055\natives/stm/streaming/character/wp/wp06/003/wp06_003_0_0_nrmr.tex.760230703 (deflate)
Wrote re_chunk_000.pak.patch_055\natives/stm/character/_kit/_equipment/tops/210/210_embroidery_00_nrmr.tex.760230703 (deflate)
Wrote re_chunk_000.pak.patch_055\natives/stm/character/_kit/head/head_222_m/head_222_m_high_nrmr.tex.760230703 (deflate)
Wrote re_chunk_000.pak.patch_055\natives/stm/character/_kit/body/body_221_f/body_221_f_low_nrm.tex.760230703 (deflate)
Wrote re_chunk_000.pak.patch_055\natives/stm/streaming/character/_kit/head/head_003_f/head_003_f_low_nrm.tex.760230703 (deflate)
Wrote re_chunk_000.pak.patch_055\natives/stm/streaming/character/_kit/_equipment/pants/545/wl_545_0_0_nrmr.tex.760230703 (deflate)
Wrote re_chunk_000.pak.patch_055\natives/stm/streaming/character/_kit/head/head_801_f/head_801_f_low_nrm.tex.760230703 (deflate)
Wrote re_chunk_000.pak.patch_055\natives/stm/streaming/character/_kit/_equipment/tops/276/bd_276_0_0_nrmr.tex.760230703 (deflate)
Wrote re_chunk_000.pak.patch_055\natives/stm/character/_kit/_equipment/tops/813/813_embroidery_00_nrmr.tex.760230703 (deflate)
Wrote re_chunk_000.pak.patch_055\natives/stm/character/ch/ch60_000/ch60_000_body1_nrmr.tex.760230703 (deflate)
Wrote re_chunk_000.pak.patch_055\natives/stm/streaming/character/_kit/_equipment/tops/232/bd_232_0_0_nrmr.tex.760230703 (deflate)
Wrote re_chunk_000.pak.patch_055\natives/stm/character/_kit/_equipment/mantle/806/mt_806_0_0_nrmr.tex.760230703 (deflate)
Wrote re_chunk_000.pak.patch_055\natives/stm/character/_kit/_equipment/pants/253/wl_253_0_0_nrmr.tex.760230703 (deflate)
Wrote re_chunk_000.pak.patch_055\natives/stm/streaming/character/_kit/head/head_001_m/head_001_m_high_nrmr.tex.760230703 (deflate)
Wrote re_chunk_000.pak.patch_055\natives/stm/character/ch/ch21_002/ch21_002_body_nrmr.tex.760230703 (deflate)
Wrote re_chunk_000.pak.patch_055\natives/stm/character/ch/ch59_000/ch59_000_skirt_nrmr.tex.760230703 (deflate)
Wrote re_chunk_000.pak.patch_055\natives/stm/streaming/character/_kit/head/head_209_m/head_209_m_low_nrm.tex.760230703 (deflate)
Wrote re_chunk_000.pak.patch_055\natives/stm/streaming/character/ch/ch26_000/eq26_000_05/eq26_000_05_6_nrmr.tex.760230703 (deflate)
Wrote re_chunk_000.pak.patch_055\natives/stm/character/wp/wp01/008/wp01_008_0_1_nrmr.tex.760230703 (deflate)
Wrote re_chunk_000.pak.patch_055\natives/stm/character/_kit/hair/hair_048/hair_048_fake_nrmr.tex.760230703 (deflate)
Wrote re_chunk_000.pak.patch_055\natives/stm/character/ch/ch20_001/mantle/03/eq20_001_03_mt_1_nrmr.tex.760230703 (deflate)
Wrote re_chunk_000.pak.patch_055\natives/stm/streaming/character/_kit/_equipment/tops/035/bd_035_0_1_m_nrmr.tex.760230703 (deflate)
Wrote re_chunk_000.pak.patch_055\natives/stm/streaming/character/_kit/head/head_605_m/head_605_m_low_nrm.tex.760230703 (deflate)
Wrote re_chunk_000.pak.patch_055\natives/stm/character/_kit/head/head_217_m/head_217_m_low_nrm.tex.760230703 (deflate)
Wrote re_chunk_000.pak.patch_055\natives/stm/character/ch/ch20_000/ch20_000_eyeflatten_nrmr.tex.760230703 (deflate)
Wrote re_chunk_000.pak.patch_055\natives/stm/streaming/character/_kit/body/body_606_m/hand_606_m_low_nrm.tex.760230703 (deflate)
Wrote re_chunk_000.pak.patch_055\natives/stm/streaming/character/_kit/_equipment/mantle/527/mt_527_0_0_nrmr.tex.760230703 (deflate)
Wrote re_chunk_000.pak.patch_055\natives/stm/character/_kit/body/body_001_f/hand_001_f_high_nrmr.tex.760230703 (deflate)
Wrote re_chunk_000.pak.patch_055\natives/stm/streaming/character/ch/ch28_000/head/head_910_m/teeth_910_m_nrmr.tex.760230703 (deflate)
Wrote re_chunk_000.pak.patch_055\natives/stm/streaming/character/_kit/_equipment/pants/809/wl_809_0_0_nrmr.tex.760230703 (deflate)
Wrote re_chunk_000.pak.patch_055\natives/stm/vfx/texture/vector/13_vector_005_01_nrmr.tex.760230703 (deflate)
Wrote re_chunk_000.pak.patch_055\natives/stm/streaming/character/_kit/_equipment/pants/246/wl_246_0_0_nrmr.tex.760230703 (deflate)
Wrote re_chunk_000.pak.patch_055\natives/stm/character/_kit/body/body_214_m/body_214_m_high_nrmr.tex.760230703 (deflate)
Wrote re_chunk_000.pak.patch_055\natives/stm/character/ch/ch54_000/ch54_000_eye3_nrmr.tex.760230703 (deflate)
Wrote re_chunk_000.pak.patch_055\natives/stm/streaming/character/ch/ch27_000/wp27_000_00/wp27_000_00_0_nrmr.tex.760230703 (deflate)
Wrote re_chunk_000.pak.patch_055\natives/stm/character/_kit/_equipment/tops/309/bd_309_0_0_nrmr.tex.760230703 (deflate)
Wrote re_chunk_000.pak.patch_055\natives/stm/streaming/character/_kit/_equipment/tops/536/bd_536_0_0_nrmr.tex.760230703 (deflate)
Wrote re_chunk_000.pak.patch_055\natives/stm/streaming/character/_kit/body/body_206_m/hand_206_m_high_nrmr.tex.760230703 (deflate)
Wrote re_chunk_000.pak.patch_055\natives/stm/character/_kit/body/body_206_f/hand_206_f_high_nrmr.tex.760230703 (deflate)
Wrote re_chunk_000.pak.patch_055\natives/stm/streaming/character/_kit/_equipment/tops/513/wb_513_0_0_nrmr.tex.760230703 (deflate)
Wrote re_chunk_000.pak.patch_055\natives/stm/streaming/character/_kit/_equipment/pants/013/lg_013_0_0_nrmr.tex.760230703 (deflate)
Wrote re_chunk_000.pak.patch_055\natives/stm/character/_kit/body/body_612_m/body_612_m_low_nrm.tex.760230703 (deflate)
Wrote re_chunk_000.pak.patch_055\natives/stm/character/_kit/_equipment/mantle/807/mt_807_0_0_nrmr.tex.760230703 (deflate)
Wrote re_chunk_000.pak.patch_055\natives/stm/streaming/character/_kit/_equipment/tops/835/bd_835_0_0_nrmr.tex.760230703 (deflate)
Wrote re_chunk_000.pak.patch_055\natives/stm/character/_kit/body/body_219_m/hand_219_m_high_nrmr.tex.760230703 (deflate)
Wrote re_chunk_000.pak.patch_055\natives/stm/character/_kit/body/body_612_m/hand_612_m_low_nrm.tex.760230703 (deflate)
Wrote re_chunk_000.pak.patch_055\natives/stm/streaming/character/_kit/_equipment/pants/018/wl_018_0_0_nrmr.tex.760230703 (deflate)
Wrote re_chunk_000.pak.patch_055\natives/stm/character/_kit/head/head_001_f/head_001_f_low_nrm.tex.760230703 (deflate)
Wrote re_chunk_000.pak.patch_055\natives/stm/streaming/environment/textures/tx_022_nrmr.tex.760230703 (deflate)
Wrote re_chunk_000.pak.patch_055\natives/stm/character/_kit/_equipment/tops/303/bd_303_0_1_nrmr.tex.760230703 (deflate)
Wrote re_chunk_000.pak.patch_055\natives/stm/streaming/character/_kit/head/head_214_f/head_214_f_low_nrm.tex.760230703 (deflate)
Wrote re_chunk_000.pak.patch_055\natives/stm/streaming/character/ch/ch57_001/ch57_001_body1_nrmr.tex.760230703 (deflate)
Wrote re_chunk_000.pak.patch_055\natives/stm/environment/textures/tx_021_nrmr.tex.760230703 (deflate)
Wrote re_chunk_000.pak.patch_055\natives/stm/character/_kit/_equipment/tops/210/bd_210_0_3_nrmr.tex.760230703 (deflate)
Wrote re_chunk_000.pak.patch_055\natives/stm/streaming/character/wp/wp02/005/wp02_005_0_0_nrmr.tex.760230703 (deflate)
Wrote re_chunk_000.pak.patch_055\natives/stm/streaming/character/_kit/_equipment/pants/618/lg_618_0_0_nrmr.tex.760230703 (deflate)
Wrote re_chunk_000.pak.patch_055\natives/stm/streaming/character/_kit/_equipment/helm/608/hl_608_0_0_nrmr.tex.760230703 (deflate)
Wrote re_chunk_000.pak.patch_055\natives/stm/character/_kit/_equipment/tops/005/bd_005_0_0_nrmr.tex.760230703 (deflate)
Wrote re_chunk_000.pak.patch_055\natives/stm/streaming/character/ch/ch54_000/ch54_000_eye1_nrmr.tex.760230703 (deflate)
Wrote re_chunk_000.pak.patch_055\natives/stm/character/ch/ch20_000/ch20_000_body_nrmr.tex.760230703 (deflate)
Wrote re_chunk_000.pak.patch_055\natives/stm/streaming/character/_kit/body/body_210_m/hand_210_m_high_nrmr.tex.760230703 (deflate)
Wrote re_chunk_000.pak.patch_055\natives/stm/streaming/character/ch/ch20_000/wp20_000_04/wp20_000_04_1_nrmr.tex.760230703 (deflate)
Wrote re_chunk_000.pak.patch_055\natives/stm/character/_kit/hair/hair_023/hair_023_fake_nrmr.tex.760230703 (deflate)
Wrote re_chunk_000.pak.patch_055\natives/stm/streaming/character/ch/ch20_000/wp20_000_42/wp20_000_42_0_nrmr.tex.760230703 (deflate)
Wrote re_chunk_000.pak.patch_055\natives/stm/streaming/character/_kit/head/head_208_f/head_208_f_high_nrmr.tex.760230703 (deflate)
Wrote re_chunk_000.pak.patch_055\natives/stm/character/_kit/_equipment/tops/025/am_025_0_0_nrmr.tex.760230703 (deflate)
Wrote re_chunk_000.pak.patch_055\natives/stm/character/_kit/_equipment/tops/525/bd_525_0_0_nrmr.tex.760230703 (deflate)
Wrote re_chunk_000.pak.patch_055\natives/stm/streaming/character/_kit/head/head_611_m/head_611_m_high_nrmr.tex.760230703 (deflate)
Wrote re_chunk_000.pak.patch_055\natives/stm/character/_kit/body/body_004_f/body_004_f_low_nrm.tex.760230703 (deflate)
Wrote re_chunk_000.pak.patch_055\natives/stm/character/_kit/_equipment/helm/232/hl_232_0_0_nrmr.tex.760230703 (deflate)
Wrote re_chunk_000.pak.patch_055\natives/stm/streaming/character/_kit/head/head_217_m/head_217_m_low_nrm.tex.760230703 (deflate)
Wrote re_chunk_000.pak.patch_055\natives/stm/streaming/character/_kit/_equipment/pants/813/wl_813_0_0_nrmr.tex.760230703 (deflate)
Wrote re_chunk_000.pak.patch_055\natives/stm/character/_kit/_equipment/helm/610/hl_610_0_0_nrmr.tex.760230703 (deflate)
Wrote re_chunk_000.pak.patch_055\natives/stm/streaming/character/_kit/_equipment/pants/246/lg_246_0_1_nrmr.tex.760230703 (deflate)
Wrote re_chunk_000.pak.patch_055\natives/stm/character/_kit/_equipment/helm/514/hl_507_0_1_nrmr.tex.760230703 (deflate)
Wrote re_chunk_000.pak.patch_055\natives/stm/character/ch/ch56_000/ch56_000_head_nrmr.tex.760230703 (deflate)
Wrote re_chunk_000.pak.patch_055\natives/stm/streaming/character/wp/wp07/008/wp07_008_0_0_nrmr.tex.760230703 (deflate)
Wrote re_chunk_000.pak.patch_055\natives/stm/character/_kit/hair/hair_018/hair_018_nrmr.tex.760230703 (deflate)
Wrote re_chunk_000.pak.patch_055\natives/stm/character/ch/ch20_000/tops/00/eq20_000_00_bd_2_nrmr.tex.760230703 (deflate)
Wrote re_chunk_000.pak.patch_055\natives/stm/character/_kit/_equipment/pants/601/lg_601_0_0_nrmr.tex.760230703 (deflate)
Wrote re_chunk_000.pak.patch_055\natives/stm/character/ch/ch59_000/ch59_000_lowerinner_nrmr.tex.760230703 (deflate)
Wrote re_chunk_000.pak.patch_055\natives/stm/streaming/character/_kit/_equipment/helm/015/hl_015_0_0_nrmr.tex.760230703 (deflate)
Wrote re_chunk_000.pak.patch_055\natives/stm/character/_kit/body/body_001_m/body_001_m_low_nrm.tex.760230703 (deflate)
Wrote re_chunk_000.pak.patch_055\natives/stm/streaming/character/_kit/body/body_003_m/body_003_m_low_nrm.tex.760230703 (deflate)
Wrote re_chunk_000.pak.patch_055\natives/stm/streaming/character/_kit/_equipment/mantle/823/mt_823_0_0_nrmr.tex.760230703 (deflate)
Wrote re_chunk_000.pak.patch_055\natives/stm/streaming/character/_kit/head/head_213_f/head_213_f_high_nrmr.tex.760230703 (deflate)
Wrote re_chunk_000.pak.patch_055\natives/stm/streaming/character/_kit/body/body_602_m/body_602_m_low_nrm.tex.760230703 (deflate)
Wrote re_chunk_000.pak.patch_055\natives/stm/character/_kit/_equipment/helm/003/hl_003_0_0_nrmr.tex.760230703 (deflate)
Wrote re_chunk_000.pak.patch_055\natives/stm/streaming/character/_kit/_equipment/tops/832/bd_832_0_1_nrmr.tex.760230703 (deflate)
Wrote re_chunk_000.pak.patch_055\natives/stm/streaming/character/_kit/_equipment/tops/516/wb_516_0_1_nrmr.tex.760230703 (deflate)
Wrote re_chunk_000.pak.patch_055\natives/stm/streaming/character/_kit/body/body_004_m/body_004_m_high_nrmr.tex.760230703 (deflate)
Wrote re_chunk_000.pak.patch_055\natives/stm/character/_kit/head/head_219_m/head_219_m_low_nrm.tex.760230703 (deflate)
Wrote re_chunk_000.pak.patch_055\natives/stm/streaming/character/ch/ch23_001/ch23_001_body_nrmr.tex.760230703 (deflate)
Wrote re_chunk_000.pak.patch_055\natives/stm/streaming/character/_kit/hair/hair_100/hair_100_fake_nrmr.tex.760230703 (deflate)
Wrote re_chunk_000.pak.patch_055\natives/stm/streaming/character/_kit/_equipment/tops/805/wb_805_0_3_nrmr.tex.760230703 (deflate)
Wrote re_chunk_000.pak.patch_055\natives/stm/streaming/character/_kit/_equipment/tops/512/wb_512_0_0_nrmr.tex.760230703 (deflate)
Wrote re_chunk_000.pak.patch_055\natives/stm/streaming/character/_kit/body/body_217_f/body_217_f_high_nrmr.tex.760230703 (deflate)
Wrote re_chunk_000.pak.patch_055\natives/stm/streaming/environment/textures/tx_046_nrmr.tex.760230703 (deflate)
Wrote re_chunk_000.pak.patch_055\natives/stm/streaming/character/_kit/_equipment/tops/025/bd_025_0_1_nrmr.tex.760230703 (deflate)
Wrote re_chunk_000.pak.patch_055\natives/stm/streaming/character/_kit/beard/beard_143/beard_143_fake_nrmr.tex.760230703 (deflate)
Wrote re_chunk_000.pak.patch_055\natives/stm/streaming/character/_kit/_equipment/pants/814/lg_814_0_1_nrmr.tex.760230703 (deflate)
Wrote re_chunk_000.pak.patch_055\natives/stm/character/_kit/_equipment/helm/524/hl_524_0_0_nrmr.tex.760230703 (deflate)
Wrote re_chunk_000.pak.patch_055\natives/stm/streaming/character/_kit/head/head_207_m/head_207_m_high_nrmr.tex.760230703 (deflate)
Wrote re_chunk_000.pak.patch_055\natives/stm/character/_kit/head/head_603_f/head_603_f_low_nrm.tex.760230703 (deflate)
Wrote re_chunk_000.pak.patch_055\natives/stm/character/_kit/hair/hair_000/hair_000_nrmr.tex.760230703 (deflate)
Wrote re_chunk_000.pak.patch_055\natives/stm/streaming/character/it/it09/000/it09_000_nrmr.tex.760230703 (deflate)
Wrote re_chunk_000.pak.patch_055\natives/stm/character/_kit/_equipment/mantle/805/mt_805_0_0_nrmr.tex.760230703 (deflate)
Wrote re_chunk_000.pak.patch_055\natives/stm/streaming/character/_kit/eyebrows/eyebrows_005/eyebrows_005_skin_nrmr.tex.760230703 (deflate)
Wrote re_chunk_000.pak.patch_055\natives/stm/character/_kit/_equipment/tops/807/am_807_0_0_nrmr.tex.760230703 (deflate)
Wrote re_chunk_000.pak.patch_055\natives/stm/character/_kit/_equipment/tops/037/bd_037_0_4_nrmr.tex.760230703 (deflate)
Wrote re_chunk_000.pak.patch_055\natives/stm/streaming/character/_kit/_equipment/pants/253/lg_253_0_1_nrmr.tex.760230703 (deflate)
Wrote re_chunk_000.pak.patch_055\natives/stm/streaming/character/_kit/_equipment/tops/286/wb_286_0_0_nrmr.tex.760230703 (deflate)
Wrote re_chunk_000.pak.patch_055\natives/stm/streaming/character/_kit/head/head_210_f/head_210_f_high_nrmr.tex.760230703 (deflate)
Wrote re_chunk_000.pak.patch_055\natives/stm/character/_kit/body/body_210_f/hand_210_f_low_nrm.tex.760230703 (deflate)
Wrote re_chunk_000.pak.patch_055\natives/stm/character/_kit/_equipment/tops/007/bd_007_0_4_nrmr.tex.760230703 (deflate)
Wrote re_chunk_000.pak.patch_055\natives/stm/streaming/character/_kit/_equipment/helm/038/hl_038_0_0_nrmr.tex.760230703 (deflate)
Wrote re_chunk_000.pak.patch_055\natives/stm/streaming/character/_kit/_equipment/backpack/backpack_500/backpack_500_0_5__nrmr.tex.760230703 (deflate)
Wrote re_chunk_000.pak.patch_055\natives/stm/character/_kit/_equipment/mantle/835/mt_835_0_1_nrmr.tex.760230703 (deflate)
Wrote re_chunk_000.pak.patch_055\natives/stm/character/_kit/_equipment/helm/202/hl_202_0_0_nrmr.tex.760230703 (deflate)
Wrote re_chunk_000.pak.patch_055\natives/stm/streaming/character/ch/ch99_010/ch99_010_horn_a_nrmr.tex.760230703 (deflate)
Wrote re_chunk_000.pak.patch_055\natives/stm/character/ch/ch57_001/ch57_001_body3_nrmr.tex.760230703 (deflate)
Wrote re_chunk_000.pak.patch_055\natives/stm/streaming/character/_kit/_equipment/pants/525/wl_525_0_0_nrmr.tex.760230703 (deflate)
Wrote re_chunk_000.pak.patch_055\natives/stm/streaming/character/_kit/_equipment/tops/035/bd_035_0_3_m_nrmr.tex.760230703 (deflate)
Wrote re_chunk_000.pak.patch_055\natives/stm/streaming/character/ch/ch57_000/ch57_000_nictitatingmembrane_nrmr.tex.760230703 (deflate)
Wrote re_chunk_000.pak.patch_055\natives/stm/character/ch/ch53_001/ch53_001_oral_nrmr.tex.760230703 (deflate)
Wrote re_chunk_000.pak.patch_055\natives/stm/streaming/character/_kit/head/head_218_m/head_218_m_low_nrm.tex.760230703 (deflate)
Wrote re_chunk_000.pak.patch_055\natives/stm/streaming/character/ch/ch50_000/wp50_000_00/wp50_000_00_nrmr.tex.760230703 (deflate)
Wrote re_chunk_000.pak.patch_055\natives/stm/character/_kit/_equipment/tops/239/am_239_0_0_nrmr.tex.760230703 (deflate)
Wrote re_chunk_000.pak.patch_055\natives/stm/character/ch/ch53_010/ch53_010_horn_nrmr.tex.760230703 (deflate)
Wrote re_chunk_000.pak.patch_055\natives/stm/streaming/character/_kit/_equipment/tops/541/wb_541_0_2_nrmr.tex.760230703 (deflate)
Wrote re_chunk_000.pak.patch_055\natives/stm/streaming/character/ch/ch23_000/ch23_000_eye_nrmr.tex.760230703 (deflate)
Wrote re_chunk_000.pak.patch_055\natives/stm/streaming/character/_kit/_equipment/tops/220/bd_220_0_3_nrmr.tex.760230703 (deflate)
Wrote re_chunk_000.pak.patch_055\natives/stm/vfx/texture/liquid/13_vomit_000_00_nrmr.tex.760230703 (deflate)
Wrote re_chunk_000.pak.patch_055\natives/stm/streaming/character/ch/ch99_010/ch99_010_body_a_eyeflatten_nrmr.tex.760230703 (deflate)
Wrote re_chunk_000.pak.patch_055\natives/stm/streaming/character/ch/ch99_430/ch99_430_body_a_eyeflatten_nrmr.tex.760230703 (deflate)
Wrote re_chunk_000.pak.patch_055\natives/stm/character/_kit/_equipment/mantle/524/mt_524_0_0_nrmr.tex.760230703 (deflate)
Wrote re_chunk_000.pak.patch_055\natives/stm/character/wp/wp01/050/wp01_050_0_0_nrmr.tex.760230703 (deflate)
Wrote re_chunk_000.pak.patch_055\natives/stm/streaming/character/_kit/hair/hair_804/crown_804_nrmr.tex.760230703 (deflate)
Wrote re_chunk_000.pak.patch_055\natives/stm/character/_kit/beard/beard_144/beard_144_fake_nrmr.tex.760230703 (deflate)
Wrote re_chunk_000.pak.patch_055\natives/stm/streaming/character/_kit/_equipment/helm/210/hl_210_0_0_nrmr.tex.760230703 (deflate)
Wrote re_chunk_000.pak.patch_055\natives/stm/character/shared/pattern/pattern_snakescale_1_nrmr.tex.760230703 (deflate)
Wrote re_chunk_000.pak.patch_055\natives/stm/character/_kit/_equipment/tops/538/wb_538_0_0_nrmr.tex.760230703 (deflate)
Wrote re_chunk_000.pak.patch_055\natives/stm/character/wp/wp01/010/wp01_010_0_0_nrmr.tex.760230703 (deflate)
Wrote re_chunk_000.pak.patch_055\natives/stm/character/_kit/_equipment/tops/012/wb_012_0_0_nrmr.tex.760230703 (deflate)
Wrote re_chunk_000.pak.patch_055\natives/stm/streaming/character/_kit/head/head_200_f/head_200_f_low_nrm.tex.760230703 (deflate)
Wrote re_chunk_000.pak.patch_055\natives/stm/streaming/character/_kit/beard/beard_140/beard_140_fake_nrmr.tex.760230703 (deflate)
Wrote re_chunk_000.pak.patch_055\natives/stm/character/_kit/head/head_604_m/head_604_m_high_nrmr.tex.760230703 (deflate)
Wrote re_chunk_000.pak.patch_055\natives/stm/character/wp/wp04/010/wp04_010_0_1_nrmr.tex.760230703 (deflate)
Wrote re_chunk_000.pak.patch_055\natives/stm/streaming/character/_kit/head/head_604_f/head_604_f_high_nrmr.tex.760230703 (deflate)
Wrote re_chunk_000.pak.patch_055\natives/stm/streaming/character/wp/wp09/010/wp09_010_0_0_nrmr.tex.760230703 (deflate)
Wrote re_chunk_000.pak.patch_055\natives/stm/streaming/character/_kit/beard/beard_834/beard_834_fake_nrmr.tex.760230703 (deflate)
Wrote re_chunk_000.pak.patch_055\natives/stm/streaming/character/_kit/hair/hair_027/hair_027_fake_nrmr.tex.760230703 (deflate)
Wrote re_chunk_000.pak.patch_055\natives/stm/character/_kit/head/head_001_m/head_001_m_high_nrmr.tex.760230703 (deflate)
Wrote re_chunk_000.pak.patch_055\natives/stm/streaming/character/wp/wp08/009/wp08_009_0_0_nrmr.tex.760230703 (deflate)
Wrote re_chunk_000.pak.patch_055\natives/stm/character/_kit/body/body_610_m/hand_610_m_low_nrm.tex.760230703 (deflate)
Wrote re_chunk_000.pak.patch_055\natives/stm/character/_kit/_equipment/pants/050/lg_050_0_1_nrmr.tex.760230703 (deflate)
Wrote re_chunk_000.pak.patch_055\natives/stm/character/_kit/_equipment/pants/618/wl_618_0_0_nrmr.tex.760230703 (deflate)
Wrote re_chunk_000.pak.patch_055\natives/stm/streaming/character/_kit/eyebrows/eyebrows_007/eyebrows_007_skin_nrmr.tex.760230703 (deflate)
Wrote re_chunk_000.pak.patch_055\natives/stm/character/_kit/eyebrows/eyebrows_010/eyebrows_010_skin_nrmr.tex.760230703 (deflate)
Wrote re_chunk_000.pak.patch_055\natives/stm/character/_kit/hair/hair_064/hair_064_nrmr.tex.760230703 (deflate)
Wrote re_chunk_000.pak.patch_055\natives/stm/streaming/character/ch/ch28_000/hair/hair_910/hair_910_nrmr.tex.760230703 (deflate)
Wrote re_chunk_000.pak.patch_055\natives/stm/character/_kit/_equipment/tops/025/am_025_0_1_nrmr.tex.760230703 (deflate)
Wrote re_chunk_000.pak.patch_055\natives/stm/character/_kit/_equipment/helm/630/630_decal_1_nrmr.tex.760230703 (deflate)
Wrote re_chunk_000.pak.patch_055\natives/stm/streaming/character/_kit/_equipment/tops/242/bd_242_0_1_nrmr.tex.760230703 (deflate)
Wrote re_chunk_000.pak.patch_055\natives/stm/character/_kit/_equipment/tops/832/am_832_0_0_nrmr.tex.760230703 (deflate)
Wrote re_chunk_000.pak.patch_055\natives/stm/streaming/character/ch/ch20_001/wp20_001_21/wp20_001_21_0_1_nrmr.tex.760230703 (deflate)
Wrote re_chunk_000.pak.patch_055\natives/stm/streaming/character/_kit/body/body_212_f/body_212_f_high_nrmr.tex.760230703 (deflate)
Wrote re_chunk_000.pak.patch_055\natives/stm/character/_kit/_equipment/tops/035/wb_035_0_2_m_nrmr.tex.760230703 (deflate)
Wrote re_chunk_000.pak.patch_055\natives/stm/character/_kit/head/head_205_f/head_205_f_low_nrm.tex.760230703 (deflate)
Wrote re_chunk_000.pak.patch_055\natives/stm/character/_kit/_equipment/tops/011/bd_011_0_2_nrmr.tex.760230703 (deflate)
Wrote re_chunk_000.pak.patch_055\natives/stm/streaming/character/_kit/_equipment/pants/618/wl_618_0_0_nrmr.tex.760230703 (deflate)
Wrote re_chunk_000.pak.patch_055\natives/stm/character/ch/ch28_000/body/body_902_m/nail_902_m_nrmr.tex.760230703 (deflate)
Wrote re_chunk_000.pak.patch_055\natives/stm/character/_kit/body/body_205_m/body_205_m_low_nrm.tex.760230703 (deflate)
Wrote re_chunk_000.pak.patch_055\natives/stm/streaming/character/_kit/body/body_220_f/body_220_f_low_nrm.tex.760230703 (deflate)
Wrote re_chunk_000.pak.patch_055\natives/stm/environment/textures/tx_033_nrmr.tex.760230703 (deflate)
Wrote re_chunk_000.pak.patch_055\natives/stm/streaming/character/_kit/body/body_221_f/body_221_f_high_nrmr.tex.760230703 (deflate)
Wrote re_chunk_000.pak.patch_055\natives/stm/character/_kit/head/head_203_f/head_203_f_high_nrmr.tex.760230703 (deflate)
Wrote re_chunk_000.pak.patch_055\natives/stm/character/_kit/_equipment/tops/523/bd_523_0_0_nrmr.tex.760230703 (deflate)
Wrote re_chunk_000.pak.patch_055\natives/stm/streaming/character/_kit/_equipment/tops/267/wb_267_0_0_nrmr.tex.760230703 (deflate)
Wrote re_chunk_000.pak.patch_055\natives/stm/character/_kit/head/head_218_m/head_218_m_low_nrm.tex.760230703 (deflate)
Wrote re_chunk_000.pak.patch_055\natives/stm/streaming/character/_kit/_equipment/tops/601/am_601_0_0_nrmr.tex.760230703 (deflate)
Wrote re_chunk_000.pak.patch_055\natives/stm/streaming/character/_kit/_equipment/pants/037/lg_037_0_0_nrmr.tex.760230703 (deflate)
Wrote re_chunk_000.pak.patch_055\natives/stm/character/_kit/_equipment/tops/042/bd_042_0_0_nrmr.tex.760230703 (deflate)
Wrote re_chunk_000.pak.patch_055\natives/stm/character/_kit/_equipment/tops/630/bd_630_0_0_nrmr.tex.760230703 (deflate)
Wrote re_chunk_000.pak.patch_055\natives/stm/character/_kit/body/body_202_m/body_202_m_low_nrm.tex.760230703 (deflate)
Wrote re_chunk_000.pak.patch_055\natives/stm/character/ch/ch28_000/head/head_900_f/head_900_f_nrmr.tex.760230703 (deflate)
Wrote re_chunk_000.pak.patch_055\natives/stm/streaming/character/_kit/_equipment/tops/804/804_embroidery_02_nrmr.tex.760230703 (deflate)
Wrote re_chunk_000.pak.patch_055\natives/stm/streaming/character/_kit/_equipment/tops/602/wb_602_0_0_nrmr.tex.760230703 (deflate)
Wrote re_chunk_000.pak.patch_055\natives/stm/character/ch/ch28_000/head/head_901_f/head_901_f_nrmr.tex.760230703 (deflate)
Wrote re_chunk_000.pak.patch_055\natives/stm/character/_kit/body/body_211_m/body_211_m_high_nrmr.tex.760230703 (deflate)
Wrote re_chunk_000.pak.patch_055\natives/stm/character/_kit/_equipment/helm/625/hl_625_0_0_nrmr.tex.760230703 (deflate)
Wrote re_chunk_000.pak.patch_055\natives/stm/streaming/character/_kit/_equipment/tops/540/wb_540_0_1_nrmr.tex.760230703 (deflate)
Wrote re_chunk_000.pak.patch_055\natives/stm/character/_kit/_equipment/tops/210/bd_210_0_0_nrmr.tex.760230703 (deflate)
Wrote re_chunk_000.pak.patch_055\natives/stm/streaming/character/_kit/body/body_216_f/hand_216_f_low_nrm.tex.760230703 (deflate)
Wrote re_chunk_000.pak.patch_055\natives/stm/character/_kit/body/body_004_f/body_004_f_high_nrmr.tex.760230703 (deflate)
Wrote re_chunk_000.pak.patch_055\natives/stm/character/_kit/_equipment/pants/506/lg_506_0_1_nrmr.tex.760230703 (deflate)
Wrote re_chunk_000.pak.patch_055\natives/stm/character/_kit/body/body_202_m/hand_202_m_high_nrmr.tex.760230703 (deflate)
Wrote re_chunk_000.pak.patch_055\natives/stm/streaming/character/wp/wp04/050/wp04_050_0_0_nrmr.tex.760230703 (deflate)
Wrote re_chunk_000.pak.patch_055\natives/stm/character/_kit/body/body_211_f/hand_211_f_low_nrm.tex.760230703 (deflate)
Wrote re_chunk_000.pak.patch_055\natives/stm/streaming/character/_kit/_equipment/tops/835/wb_835_0_0_nrmr.tex.760230703 (deflate)
Wrote re_chunk_000.pak.patch_055\natives/stm/streaming/character/_kit/_equipment/tops/046/bd_046_0_3_nrmr.tex.760230703 (deflate)
Wrote re_chunk_000.pak.patch_055\natives/stm/streaming/character/it/it10/024/it10_024_0_0_nrmr.tex.760230703 (deflate)
Wrote re_chunk_000.pak.patch_055\natives/stm/character/ch/ch99_220/ch99_220_body_a_eyeflatten_nrmr.tex.760230703 (deflate)
Wrote re_chunk_000.pak.patch_055\natives/stm/streaming/character/_kit/_equipment/tops/538/wb_538_0_0_nrmr.tex.760230703 (deflate)
Wrote re_chunk_000.pak.patch_055\natives/stm/streaming/character/_kit/_equipment/tops/003/bd_003_0_1_nrmr.tex.760230703 (deflate)
Wrote re_chunk_000.pak.patch_055\natives/stm/character/_kit/_equipment/tops/020/am_020_0_1_nrmr.tex.760230703 (deflate)
Wrote re_chunk_000.pak.patch_055\natives/stm/streaming/character/ch/ch26_000/eq26_000_05/eq26_000_05_3_nrmr.tex.760230703 (deflate)
Wrote re_chunk_000.pak.patch_055\natives/stm/streaming/character/_kit/_equipment/tops/035/bd_035_0_4_nrmr.tex.760230703 (deflate)
Wrote re_chunk_000.pak.patch_055\natives/stm/streaming/character/_kit/_equipment/tops/285/bd_285_0_0_nrmr.tex.760230703 (deflate)
Wrote re_chunk_000.pak.patch_055\natives/stm/character/_kit/_equipment/mantle/831/mt_831_0_0_nrmr.tex.760230703 (deflate)
Wrote re_chunk_000.pak.patch_055\natives/stm/character/_kit/_equipment/tops/038/bd_038_0_4_nrmr.tex.760230703 (deflate)
Wrote re_chunk_000.pak.patch_055\natives/stm/streaming/character/_kit/body/body_600_f/body_600_f_high_nrmr.tex.760230703 (deflate)
Wrote re_chunk_000.pak.patch_055\natives/stm/character/_kit/_equipment/pants/051/lg_051_0_0_nrmr.tex.760230703 (deflate)
Wrote re_chunk_000.pak.patch_055\natives/stm/character/_kit/_equipment/tops/630/bd_630_1_1_nrmr.tex.760230703 (deflate)
Wrote re_chunk_000.pak.patch_055\natives/stm/character/_kit/head/head_219_m/head_219_m_high_nrmr.tex.760230703 (deflate)
Wrote re_chunk_000.pak.patch_055\natives/stm/streaming/character/_kit/body/body_215_f/body_215_f_high_nrmr.tex.760230703 (deflate)
Wrote re_chunk_000.pak.patch_055\natives/stm/character/wp/wp07/050/wp07_050_0_0_nrmr.tex.760230703 (deflate)
Wrote re_chunk_000.pak.patch_055\natives/stm/character/_kit/_equipment/tops/278/am_278_0_2_nrmr.tex.760230703 (deflate)
Wrote re_chunk_000.pak.patch_055\natives/stm/streaming/character/wp/wp03/004/wp03_004_0_0_nrmr.tex.760230703 (deflate)
Wrote re_chunk_000.pak.patch_055\natives/stm/character/_kit/_equipment/helm/264/hl_264_0_0_nrmr.tex.760230703 (deflate)
Wrote re_chunk_000.pak.patch_055\natives/stm/streaming/character/_kit/head/head_601_m/head_601_m_high_nrmr.tex.760230703 (deflate)
Wrote re_chunk_000.pak.patch_055\natives/stm/streaming/vfx/texture/decal/13_ch57_001_liquid00_nrmr.tex.760230703 (deflate)
Wrote re_chunk_000.pak.patch_055\natives/stm/character/_kit/_equipment/tops/835/am_835_0_0_nrmr.tex.760230703 (deflate)
Wrote re_chunk_000.pak.patch_055\natives/stm/character/_kit/_equipment/tops/835/pattern_knittedleather_835_nrmr.tex.760230703 (deflate)
Wrote re_chunk_000.pak.patch_055\natives/stm/character/_kit/_equipment/pants/813/wl_813_0_0_nrmr.tex.760230703 (deflate)
Wrote re_chunk_000.pak.patch_055\natives/stm/character/_kit/head/head_224_f/head_224_f_high_nrmr.tex.760230703 (deflate)
Wrote re_chunk_000.pak.patch_055\natives/stm/character/_kit/body/body_201_m/body_201_m_low_nrm.tex.760230703 (deflate)
Wrote re_chunk_000.pak.patch_055\natives/stm/streaming/character/ch/ch99_430/ch99_430_body_a_nrmr.tex.760230703 (deflate)
Wrote re_chunk_000.pak.patch_055\natives/stm/character/_kit/_equipment/tops/238/bd_238_0_0_nrmr.tex.760230703 (deflate)
Wrote re_chunk_000.pak.patch_055\natives/stm/character/_kit/head/head_211_f/head_211_f_high_nrmr.tex.760230703 (deflate)
Wrote re_chunk_000.pak.patch_055\natives/stm/character/_kit/beard/beard_142/beard_142_fake_nrmr.tex.760230703 (deflate)
Wrote re_chunk_000.pak.patch_055\natives/stm/character/_kit/_equipment/tops/039/bd_039_0_4_nrmr.tex.760230703 (deflate)
Wrote re_chunk_000.pak.patch_055\natives/stm/streaming/character/_kit/hair/hair_008/hair_008_fake_nrmr.tex.760230703 (deflate)
Wrote re_chunk_000.pak.patch_055\natives/stm/streaming/character/_kit/_equipment/tops/248/bd_248_0_2_nrmr.tex.760230703 (deflate)
Wrote re_chunk_000.pak.patch_055\natives/stm/character/ch/ch55_010/ch55_010_body4_nrmr.tex.760230703 (deflate)
Wrote re_chunk_000.pak.patch_055\natives/stm/streaming/character/_kit/body/body_004_f/hand_004_f_high_nrmr.tex.760230703 (deflate)
Wrote re_chunk_000.pak.patch_055\natives/stm/streaming/character/_kit/body/body_226_f/hand_226_f_low_nrm.tex.760230703 (deflate)
Wrote re_chunk_000.pak.patch_055\natives/stm/character/_kit/special_scar/special_scar_001/special_scar_001_hand_m_nrmr.tex.760230703 (deflate)
Wrote re_chunk_000.pak.patch_055\natives/stm/character/it/it02/003/it02_003_0_0_nrmr.tex.760230703 (deflate)
Wrote re_chunk_000.pak.patch_055\natives/stm/streaming/character/_kit/_equipment/tops/041/bd_041_0_1_nrmr.tex.760230703 (deflate)
Wrote re_chunk_000.pak.patch_055\natives/stm/character/_kit/_equipment/tops/009/wb_009_0_0_nrmr.tex.760230703 (deflate)
Wrote re_chunk_000.pak.patch_055\natives/stm/character/_kit/_equipment/pants/050/lg_050_0_0_nrmr.tex.760230703 (deflate)
Wrote re_chunk_000.pak.patch_055\natives/stm/streaming/re_engine_library/vfx_library/texture/tex_vector/tex_capcom_vector_water_0011_array_nrmr.tex.760230703 (deflate)
Wrote re_chunk_000.pak.patch_055\natives/stm/character/_kit/hair/hair_016/hair_016_fake_nrmr.tex.760230703 (deflate)
Wrote re_chunk_000.pak.patch_055\natives/stm/character/_kit/_equipment/tops/249/bd_249_0_0_nrmr.tex.760230703 (deflate)
Wrote re_chunk_000.pak.patch_055\natives/stm/streaming/character/wp/wp01/012/wp01_012_0_0_nrmr.tex.760230703 (deflate)
Wrote re_chunk_000.pak.patch_055\natives/stm/character/_kit/_equipment/helm/037/hl_037_0_0_nrmr.tex.760230703 (deflate)
Wrote re_chunk_000.pak.patch_055\natives/stm/character/_kit/_equipment/tops/532/bd_532_0_1_nrmr.tex.760230703 (deflate)
Wrote re_chunk_000.pak.patch_055\natives/stm/character/wp/wp02/004/wp02_004_0_0_nrmr.tex.760230703 (deflate)
Wrote re_chunk_000.pak.patch_055\natives/stm/streaming/character/_kit/beard/beard_153/beard_153_nrmr.tex.760230703 (deflate)
Wrote re_chunk_000.pak.patch_055\natives/stm/character/_kit/_equipment/pants/276/lg_276_0_0_nrmr.tex.760230703 (deflate)
Wrote re_chunk_000.pak.patch_055\natives/stm/character/_kit/body/body_200_f/hand_200_f_low_nrm.tex.760230703 (deflate)
Wrote re_chunk_000.pak.patch_055\natives/stm/streaming/character/_kit/_equipment/tops/521/wb_521_0_0_nrmr.tex.760230703 (deflate)
Wrote re_chunk_000.pak.patch_055\natives/stm/streaming/character/_kit/_equipment/tops/236/bd_236_0_3_nrmr.tex.760230703 (deflate)
Wrote re_chunk_000.pak.patch_055\natives/stm/streaming/character/_kit/_equipment/tops/249/bd_249_0_1_nrmr.tex.760230703 (deflate)
Wrote re_chunk_000.pak.patch_055\natives/stm/streaming/character/_kit/body/body_215_m/hand_215_m_high_nrmr.tex.760230703 (deflate)
Wrote re_chunk_000.pak.patch_055\natives/stm/character/_kit/_equipment/tops/249/bd_249_0_1_nrmr.tex.760230703 (deflate)
Wrote re_chunk_000.pak.patch_055\natives/stm/character/_kit/hair/hair_041/hair_041_fake_nrmr.tex.760230703 (deflate)
Wrote re_chunk_000.pak.patch_055\natives/stm/streaming/character/_kit/body/body_205_f/body_205_f_high_nrmr.tex.760230703 (deflate)
Wrote re_chunk_000.pak.patch_055\natives/stm/character/_kit/body/body_607_f/body_607_f_low_nrm.tex.760230703 (deflate)
Wrote re_chunk_000.pak.patch_055\natives/stm/vfx/texture/decal/13_shockwavedecal_000_01_nrmr.tex.760230703 (deflate)
Wrote re_chunk_000.pak.patch_055\natives/stm/streaming/character/_kit/_equipment/tops/839/wb_839_0_0_nrmr.tex.760230703 (deflate)
Wrote re_chunk_000.pak.patch_055\natives/stm/character/_kit/_equipment/tops/504/wb_504_0_0_nrmr.tex.760230703 (deflate)
Wrote re_chunk_000.pak.patch_055\natives/stm/streaming/character/_kit/body/body_606_f/hand_606_f_low_nrm.tex.760230703 (deflate)
Wrote re_chunk_000.pak.patch_055\natives/stm/streaming/character/_kit/body/body_603_m/body_603_m_high_nrmr.tex.760230703 (deflate)
Wrote re_chunk_000.pak.patch_055\natives/stm/character/_kit/hair/hair_065/hair_065_fake_nrmr.tex.760230703 (deflate)
Wrote re_chunk_000.pak.patch_055\natives/stm/streaming/character/_kit/body/body_217_m/hand_217_m_low_nrm.tex.760230703 (deflate)
Wrote re_chunk_000.pak.patch_055\natives/stm/streaming/character/_kit/_equipment/facewear/020/hl_020_0_1_nrmr.tex.760230703 (deflate)
Wrote re_chunk_000.pak.patch_055\natives/stm/streaming/environment/textures/tx_044_nrmr.tex.760230703 (deflate)
Wrote re_chunk_000.pak.patch_055\natives/stm/character/_kit/_equipment/tops/502/wb_502_0_0_nrmr.tex.760230703 (deflate)
Wrote re_chunk_000.pak.patch_055\natives/stm/streaming/character/_kit/body/body_221_m/hand_221_m_high_nrmr.tex.760230703 (deflate)
Wrote re_chunk_000.pak.patch_055\natives/stm/streaming/character/_kit/hair/hair_002/hair_002_nrmr.tex.760230703 (deflate)
Wrote re_chunk_000.pak.patch_055\natives/stm/character/_kit/_equipment/tops/518/embroidery_03_nrmr.tex.760230703 (deflate)
Wrote re_chunk_000.pak.patch_055\natives/stm/character/_kit/head/head_202_m/head_202_m_low_nrm.tex.760230703 (deflate)
Wrote re_chunk_000.pak.patch_055\natives/stm/streaming/character/_kit/_equipment/pants/501/wl_501_0_0_nrmr.tex.760230703 (deflate)
Wrote re_chunk_000.pak.patch_055\natives/stm/character/ch/ch28_000/body/body_901_f/hand_901_f_nrmr.tex.760230703 (deflate)
Wrote re_chunk_000.pak.patch_055\natives/stm/character/_kit/_equipment/tops/264/am_264_0_1_nrmr.tex.760230703 (deflate)
Wrote re_chunk_000.pak.patch_055\natives/stm/streaming/character/_kit/_equipment/tops/523/am_523_0_0_nrmr.tex.760230703 (deflate)
Wrote re_chunk_000.pak.patch_055\natives/stm/streaming/character/wp/wp00/013/wp00_013_0_0_nrmr.tex.760230703 (deflate)
Wrote re_chunk_000.pak.patch_055\natives/stm/character/ch/ch56_001/wp56_001_00/wp56_001_00_0_nrmr.tex.760230703 (deflate)
Wrote re_chunk_000.pak.patch_055\natives/stm/character/_kit/body/body_600_f/body_600_f_high_nrmr.tex.760230703 (deflate)
Wrote re_chunk_000.pak.patch_055\natives/stm/streaming/character/_kit/head/head_225_f/head_225_f_low_nrm.tex.760230703 (deflate)
Wrote re_chunk_000.pak.patch_055\natives/stm/character/_kit/_equipment/tops/514/wb_514_0_0_nrmr.tex.760230703 (deflate)
Wrote re_chunk_000.pak.patch_055\natives/stm/character/_kit/_equipment/pants/039/lg_039_0_0_nrmr.tex.760230703 (deflate)
Wrote re_chunk_000.pak.patch_055\natives/stm/character/_kit/_equipment/tops/630/bd_630_0_1_nrmr.tex.760230703 (deflate)
Wrote re_chunk_000.pak.patch_055\natives/stm/character/_kit/_equipment/tops/220/wb_220_0_1_nrmr.tex.760230703 (deflate)
Wrote re_chunk_000.pak.patch_055\natives/stm/streaming/environment/textures/tx_057_nrmr.tex.760230703 (deflate)
Wrote re_chunk_000.pak.patch_055\natives/stm/character/ch/ch20_000/helm/00/eq20_000_00_hl_1_nrmr.tex.760230703 (deflate)
Wrote re_chunk_000.pak.patch_055\natives/stm/character/wp/wp07/010/wp07_010_0_0_nrmr.tex.760230703 (deflate)
Wrote re_chunk_000.pak.patch_055\natives/stm/character/_kit/head/head_801_f/head_801_f_low_nrm.tex.760230703 (deflate)
Wrote re_chunk_000.pak.patch_055\natives/stm/streaming/character/_kit/_equipment/tops/015/bd_015_0_2_nrmr.tex.760230703 (deflate)
Wrote re_chunk_000.pak.patch_055\natives/stm/streaming/character/_kit/hair/hair_012/hair_012_fake_nrmr.tex.760230703 (deflate)
Wrote re_chunk_000.pak.patch_055\natives/stm/character/ch/ch28_000/body/body_900_f/body_900_f_nrmr.tex.760230703 (deflate)
Wrote re_chunk_000.pak.patch_055\natives/stm/character/_kit/_equipment/tops/257/bd_257_0_2_nrmr.tex.760230703 (deflate)
Wrote re_chunk_000.pak.patch_055\natives/stm/streaming/character/_kit/head/head_603_f/head_603_f_high_nrmr.tex.760230703 (deflate)
Wrote re_chunk_000.pak.patch_055\natives/stm/streaming/character/_kit/hair/hair_055/hair_055_nrmr.tex.760230703 (deflate)
Wrote re_chunk_000.pak.patch_055\natives/stm/character/it/it02/005/it02_005_0_0_nrmr.tex.760230703 (deflate)
Wrote re_chunk_000.pak.patch_055\natives/stm/character/_kit/body/body_608_m/body_608_m_low_nrm.tex.760230703 (deflate)
Wrote re_chunk_000.pak.patch_055\natives/stm/streaming/character/_kit/_equipment/tops/527/wb_527_0_0_nrmr.tex.760230703 (deflate)
Wrote re_chunk_000.pak.patch_055\natives/stm/streaming/character/ch/ch26_000/wp26_000_05/wp26_000_05_0_nrmr.tex.760230703 (deflate)
Wrote re_chunk_000.pak.patch_055\natives/stm/vfx/texture/noise/13_wave_000_00_nrmr.tex.760230703 (deflate)
Wrote re_chunk_000.pak.patch_055\natives/stm/character/_kit/head/head_801_m/head_801_m_high_nrmr.tex.760230703 (deflate)
Wrote re_chunk_000.pak.patch_055\natives/stm/streaming/character/_kit/_equipment/tops/529/bd_529_0_0_nrmr.tex.760230703 (deflate)
Wrote re_chunk_000.pak.patch_055\natives/stm/streaming/character/_kit/hair/hair_039/hair_039_nrmr.tex.760230703 (deflate)
Wrote re_chunk_000.pak.patch_055\natives/stm/character/_kit/_equipment/helm/516/hl_516_0_1_nrmr.tex.760230703 (deflate)
Wrote re_chunk_000.pak.patch_055\natives/stm/character/_kit/_equipment/tops/632/am_632_0_1_nrmr.tex.760230703 (deflate)
Wrote re_chunk_000.pak.patch_055\natives/stm/character/_kit/head/head_203_m/head_203_m_low_nrm.tex.760230703 (deflate)
Wrote re_chunk_000.pak.patch_055\natives/stm/character/_kit/head/head_204_f/head_204_f_low_nrm.tex.760230703 (deflate)
Wrote re_chunk_000.pak.patch_055\natives/stm/character/_kit/_equipment/tops/035/am_035_0_0_m_nrmr.tex.760230703 (deflate)
Wrote re_chunk_000.pak.patch_055\natives/stm/character/_kit/_equipment/tops/048/am_048_0_0_nrmr.tex.760230703 (deflate)
Wrote re_chunk_000.pak.patch_055\natives/stm/character/_kit/_equipment/tops/628/am_628_0_0_nrmr.tex.760230703 (deflate)
Wrote re_chunk_000.pak.patch_055\natives/stm/character/ch/ch99_031/ch99_031_eyeflatten_nrmr.tex.760230703 (deflate)
Wrote re_chunk_000.pak.patch_055\natives/stm/streaming/character/ch/ch27_000/ch27_000_body1_nrmr.tex.760230703 (deflate)
Wrote re_chunk_000.pak.patch_055\natives/stm/streaming/character/_kit/_equipment/tops/046/bd_046_0_0_nrmr.tex.760230703 (deflate)
Wrote re_chunk_000.pak.patch_055\natives/stm/streaming/character/wp/wp06/013/wp06_013_0_0_nrmr.tex.760230703 (deflate)
Wrote re_chunk_000.pak.patch_055\natives/stm/streaming/character/_kit/_equipment/pants/005/wl_005_0_0_nrmr.tex.760230703 (deflate)
Wrote re_chunk_000.pak.patch_055\natives/stm/streaming/character/ch/ch55_010/ch55_010_body2_nrmr.tex.760230703 (deflate)
Wrote re_chunk_000.pak.patch_055\natives/stm/streaming/character/_kit/_equipment/helm/266/hl_266_0_0_nrmr.tex.760230703 (deflate)
Wrote re_chunk_000.pak.patch_055\natives/stm/character/_kit/_equipment/pants/005/lg_005_0_0_nrmr.tex.760230703 (deflate)
Wrote re_chunk_000.pak.patch_055\natives/stm/streaming/character/_kit/_equipment/pants/047/lg_047_0_0_nrmr.tex.760230703 (deflate)
Wrote re_chunk_000.pak.patch_055\natives/stm/streaming/character/wp/wp04/018/wp04_018_0_0_nrmr.tex.760230703 (deflate)
Wrote re_chunk_000.pak.patch_055\natives/stm/character/_kit/_equipment/tops/838/am_838_0_0_nrmr.tex.760230703 (deflate)
Wrote re_chunk_000.pak.patch_055\natives/stm/character/_kit/body/body_213_f/body_213_f_high_nrmr.tex.760230703 (deflate)
Wrote re_chunk_000.pak.patch_055\natives/stm/vfx/texture/decal/13_crack_000_00_nrmr.tex.760230703 (deflate)
Wrote re_chunk_000.pak.patch_055\natives/stm/character/wp/wp10/003/wp10_003_0_0_nrmr.tex.760230703 (deflate)
Wrote re_chunk_000.pak.patch_055\natives/stm/streaming/character/_kit/_equipment/tops/809/wb_809_0_2_nrmr.tex.760230703 (deflate)
Wrote re_chunk_000.pak.patch_055\natives/stm/character/ch/ch99_003/ch99_003_fur_a_nrmr.tex.760230703 (deflate)
Wrote re_chunk_000.pak.patch_055\natives/stm/character/_kit/body/body_600_m/body_600_m_high_nrmr.tex.760230703 (deflate)
Wrote re_chunk_000.pak.patch_055\natives/stm/character/ch/ch99_003/ch99_003_body_a_nrmr.tex.760230703 (deflate)
Wrote re_chunk_000.pak.patch_055\natives/stm/streaming/character/_kit/hair/hair_054/hair_054_fake_nrmr.tex.760230703 (deflate)
Wrote re_chunk_000.pak.patch_055\natives/stm/character/_kit/_equipment/helm/001/hl_001_0_0_nrmr.tex.760230703 (deflate)
Wrote re_chunk_000.pak.patch_055\natives/stm/character/_kit/head/head_201_m/head_201_m_low_nrm.tex.760230703 (deflate)
Wrote re_chunk_000.pak.patch_055\natives/stm/streaming/character/_kit/hair/hair_041/hair_041_nrmr.tex.760230703 (deflate)
Wrote re_chunk_000.pak.patch_055\natives/stm/streaming/character/_kit/_equipment/tops/523/wb_523_0_0_nrmr.tex.760230703 (deflate)
Wrote re_chunk_000.pak.patch_055\natives/stm/character/ch/ch99_031/ch99_031_body_a_nrmr.tex.760230703 (deflate)
Wrote re_chunk_000.pak.patch_055\natives/stm/streaming/character/ch/ch60_000/ch60_000_body2_nrmr.tex.760230703 (deflate)
Wrote re_chunk_000.pak.patch_055\natives/stm/streaming/character/_kit/_equipment/pants/621/wl_621_0_1_nrmr.tex.760230703 (deflate)
Wrote re_chunk_000.pak.patch_055\natives/stm/character/ch/ch22_000/ch22_000_eyeflatten_nrmr.tex.760230703 (deflate)
Wrote re_chunk_000.pak.patch_055\natives/stm/streaming/character/_kit/_equipment/tops/529/wb_529_0_1_nrmr.tex.760230703 (deflate)
Wrote re_chunk_000.pak.patch_055\natives/stm/character/_kit/body/body_612_m/body_612_m_high_nrmr.tex.760230703 (deflate)
Wrote re_chunk_000.pak.patch_055\natives/stm/character/_kit/_equipment/tops/239/wb_239_0_0_nrmr.tex.760230703 (deflate)
Wrote re_chunk_000.pak.patch_055\natives/stm/character/_kit/_equipment/pants/037/lg_037_0_0_nrmr.tex.760230703 (deflate)
Wrote re_chunk_000.pak.patch_055\natives/stm/character/_kit/head/head_207_m/head_207_m_high_nrmr.tex.760230703 (deflate)
Wrote re_chunk_000.pak.patch_055\natives/stm/streaming/character/ch/ch53_000/ch53_000_eye_nrmr.tex.760230703 (deflate)
Wrote re_chunk_000.pak.patch_055\natives/stm/streaming/character/_kit/_equipment/helm/513/hl_513_0_0_nrmr.tex.760230703 (deflate)
Wrote re_chunk_000.pak.patch_055\natives/stm/character/ch/ch21_000/ch21_000_atlasblendbody_nrmr.tex.760230703 (deflate)
Wrote re_chunk_000.pak.patch_055\natives/stm/character/_kit/body/body_221_m/body_221_m_low_nrm.tex.760230703 (deflate)
Wrote re_chunk_000.pak.patch_055\natives/stm/character/_kit/_equipment/tops/510/bd_510_0_0_nrmr.tex.760230703 (deflate)
Wrote re_chunk_000.pak.patch_055\natives/stm/character/ch/ch50_000/eq50_000_00/eq50_000_parts2_nrmr.tex.760230703 (deflate)
Wrote re_chunk_000.pak.patch_055\natives/stm/character/_kit/_equipment/helm/509/hl_509_0_0_nrmr.tex.760230703 (deflate)
Wrote re_chunk_000.pak.patch_055\natives/stm/character/_kit/_equipment/mantle/007/mt_007_0_1_nrmr.tex.760230703 (deflate)
Wrote re_chunk_000.pak.patch_055\natives/stm/character/wp/wp07/003/wp07_003_0_0_nrmr.tex.760230703 (deflate)
Wrote re_chunk_000.pak.patch_055\natives/stm/streaming/character/_kit/_equipment/tops/628/wb_628_0_0_nrmr.tex.760230703 (deflate)
Wrote re_chunk_000.pak.patch_055\natives/stm/streaming/character/_kit/_equipment/tops/035/bd_035_0_5_nrmr.tex.760230703 (deflate)
Wrote re_chunk_000.pak.patch_055\natives/stm/character/_kit/_equipment/pants/510/lg_510_0_0_nrmr.tex.760230703 (deflate)
Wrote re_chunk_000.pak.patch_055\natives/stm/streaming/character/_kit/_equipment/tops/253/am_253_0_0_nrmr.tex.760230703 (deflate)
Wrote re_chunk_000.pak.patch_055\natives/stm/character/_kit/_equipment/mantle/606/mt_606_0_0_nrmr.tex.760230703 (deflate)
Wrote re_chunk_000.pak.patch_055\natives/stm/character/_kit/_equipment/mantle/813/mt_813_0_0_nrmr.tex.760230703 (deflate)
Wrote re_chunk_000.pak.patch_055\natives/stm/character/wp/wp04/002/wp04_002_0_0_nrmr.tex.760230703 (deflate)
Wrote re_chunk_000.pak.patch_055\natives/stm/character/_kit/_equipment/tops/506/bd_506_0_5_nrmr.tex.760230703 (deflate)
Wrote re_chunk_000.pak.patch_055\natives/stm/streaming/character/_kit/body/body_610_m/body_610_m_low_nrm.tex.760230703 (deflate)
Wrote re_chunk_000.pak.patch_055\natives/stm/character/ch/ch26_000/eq26_000_01/eq26_000_01_2_nrmr.tex.760230703 (deflate)
Wrote re_chunk_000.pak.patch_055\natives/stm/character/_kit/_equipment/tops/811/bd_811_0_0_nrmr.tex.760230703 (deflate)
Wrote re_chunk_000.pak.patch_055\natives/stm/streaming/character/ch/ch59_000/wp59_000_00/wp59_000_00_0_nrmr.tex.760230703 (deflate)
Wrote re_chunk_000.pak.patch_055\natives/stm/streaming/character/_kit/_equipment/tops/242/wb_242_0_0_nrmr.tex.760230703 (deflate)
Wrote re_chunk_000.pak.patch_055\natives/stm/streaming/character/_kit/_equipment/tops/039/am_039_0_0_nrmr.tex.760230703 (deflate)
Wrote re_chunk_000.pak.patch_055\natives/stm/environment/textures/tx_030_nrmr.tex.760230703 (deflate)
Wrote re_chunk_000.pak.patch_055\natives/stm/streaming/character/wp/wp10/000/wp10_000_0_0_nrmr.tex.760230703 (deflate)
Wrote re_chunk_000.pak.patch_055\natives/stm/streaming/character/_kit/_equipment/mantle/501/mt_501_0_0_nrmr.tex.760230703 (deflate)
Wrote re_chunk_000.pak.patch_055\natives/stm/character/_kit/_equipment/_common/bt_002_0_0_nrmr.tex.760230703 (deflate)
Wrote re_chunk_000.pak.patch_055\natives/stm/character/_kit/_equipment/tops/038/bd_038_0_0_nrmr.tex.760230703 (deflate)
Wrote re_chunk_000.pak.patch_055\natives/stm/streaming/character/_kit/head/head_207_f/head_207_f_high_nrmr.tex.760230703 (deflate)
Wrote re_chunk_000.pak.patch_055\natives/stm/character/_kit/_equipment/tops/506/bd_506_0_2_nrmr.tex.760230703 (deflate)
Wrote re_chunk_000.pak.patch_055\natives/stm/streaming/character/_kit/_equipment/mantle/051/mt_051_0_0_nrmr.tex.760230703 (deflate)
Wrote re_chunk_000.pak.patch_055\natives/stm/character/ch/ch20_000/wp20_000_40/wp20_000_40_0_nrmr.tex.760230703 (deflate)
Wrote re_chunk_000.pak.patch_055\natives/stm/streaming/character/_kit/_equipment/mantle/042/mt_042_0_0_nrmr.tex.760230703 (deflate)
Wrote re_chunk_000.pak.patch_055\natives/stm/character/ch/ch54_001/ch54_001_eye1_nrmr.tex.760230703 (deflate)
Wrote re_chunk_000.pak.patch_055\natives/stm/character/ch/ch60_001/ch60_001_body2_nrmr.tex.760230703 (deflate)
Wrote re_chunk_000.pak.patch_055\natives/stm/streaming/character/ch/ch51_000/ch51_000_body_nrmr.tex.760230703 (deflate)
Wrote re_chunk_000.pak.patch_055\natives/stm/streaming/character/_kit/head/head_603_m/head_603_m_high_nrmr.tex.760230703 (deflate)
Wrote re_chunk_000.pak.patch_055\natives/stm/character/_kit/body/body_605_f/body_605_f_low_nrm.tex.760230703 (deflate)
Wrote re_chunk_000.pak.patch_055\natives/stm/character/_kit/_equipment/pants/537/wl_537_0_0_nrmr.tex.760230703 (deflate)
Wrote re_chunk_000.pak.patch_055\natives/stm/streaming/character/_kit/hair/hair_015/hair_015_nrmr.tex.760230703 (deflate)
Wrote re_chunk_000.pak.patch_055\natives/stm/character/_kit/_equipment/tops/239/bd_239_embroidery_nrmr.tex.760230703 (deflate)
Wrote re_chunk_000.pak.patch_055\natives/stm/streaming/character/ch/ch20_001/helm/00/eq20_001_00_hl_1_nrmr.tex.760230703 (deflate)
Wrote re_chunk_000.pak.patch_055\natives/stm/streaming/character/_kit/body/body_220_m/body_220_m_low_nrm.tex.760230703 (deflate)
Wrote re_chunk_000.pak.patch_055\natives/stm/character/wp/wp09/011/wp09_011_0_0_nrmr.tex.760230703 (deflate)
Wrote re_chunk_000.pak.patch_055\natives/stm/streaming/character/_kit/_equipment/tops/049/wb_049_0_1_nrmr.tex.760230703 (deflate)
Wrote re_chunk_000.pak.patch_055\natives/stm/character/ch/ch58_001/ch58_001_body_nrmr.tex.760230703 (deflate)
Wrote re_chunk_000.pak.patch_055\natives/stm/character/_kit/hair/hair_012/hair_012_nrmr.tex.760230703 (deflate)
Wrote re_chunk_000.pak.patch_055\natives/stm/streaming/character/ch/ch20_000/wp20_000_04/wp20_000_04_2_nrmr.tex.760230703 (deflate)
Wrote re_chunk_000.pak.patch_055\natives/stm/streaming/character/_kit/_equipment/mantle/823/mt_823_0_1_nrmr.tex.760230703 (deflate)
Wrote re_chunk_000.pak.patch_055\natives/stm/character/wp/wp04/014/wp04_014_0_0_nrmr.tex.760230703 (deflate)
Wrote re_chunk_000.pak.patch_055\natives/stm/character/_kit/beard/beard_111/beard_111_fake_nrmr.tex.760230703 (deflate)
Wrote re_chunk_000.pak.patch_055\natives/stm/streaming/character/_kit/_equipment/tops/005/bd_005_0_0_nrmr.tex.760230703 (deflate)
Wrote re_chunk_000.pak.patch_055\natives/stm/character/_kit/body/body_201_f/body_201_f_low_nrm.tex.760230703 (deflate)
Wrote re_chunk_000.pak.patch_055\natives/stm/streaming/character/_kit/_equipment/tops/021/am_021_0_0_nrmr.tex.760230703 (deflate)
Wrote re_chunk_000.pak.patch_055\natives/stm/streaming/character/wp/wp03/000/wp03_000_0_0_nrmr.tex.760230703 (deflate)
Wrote re_chunk_000.pak.patch_055\natives/stm/streaming/character/_kit/body/body_207_m/hand_207_m_high_nrmr.tex.760230703 (deflate)
Wrote re_chunk_000.pak.patch_055\natives/stm/character/ch/ch58_001/ch58_001_wing1_nrmr.tex.760230703 (deflate)
Wrote re_chunk_000.pak.patch_055\natives/stm/character/wp/wp01/012/wp01_012_0_0_nrmr.tex.760230703 (deflate)
Wrote re_chunk_000.pak.patch_055\natives/stm/character/ch/ch20_000/wp20_000_04/wp20_000_04_0_nrmr.tex.760230703 (deflate)
Wrote re_chunk_000.pak.patch_055\natives/stm/environment/textures/sm51_138_nrmr.tex.760230703 (deflate)
Wrote re_chunk_000.pak.patch_055\natives/stm/streaming/character/_kit/body/body_600_f/hand_600_f_low_nrm.tex.760230703 (deflate)
Wrote re_chunk_000.pak.patch_055\natives/stm/streaming/character/wp/wp00/007/wp00_007_0_0_nrmr.tex.760230703 (deflate)
Wrote re_chunk_000.pak.patch_055\natives/stm/character/_kit/body/body_214_f/body_214_f_high_nrmr.tex.760230703 (deflate)
Wrote re_chunk_000.pak.patch_055\natives/stm/streaming/character/_kit/head/head_600_m/head_600_m_low_nrm.tex.760230703 (deflate)
Wrote re_chunk_000.pak.patch_055\natives/stm/streaming/character/ch/ch57_000/ch57_000_body2_nrmr.tex.760230703 (deflate)
Wrote re_chunk_000.pak.patch_055\natives/stm/character/_kit/_equipment/tops/237/bd_237_0_0_nrmr.tex.760230703 (deflate)
Wrote re_chunk_000.pak.patch_055\natives/stm/character/_kit/_equipment/tops/246/bd_246_0_3_nrmr.tex.760230703 (deflate)
Wrote re_chunk_000.pak.patch_055\natives/stm/character/_kit/body/body_203_m/body_203_m_low_nrm.tex.760230703 (deflate)
Wrote re_chunk_000.pak.patch_055\natives/stm/streaming/character/ch/ch20_000/eq20_000_00/eq20_000_00_0_0_nrmr.tex.760230703 (deflate)
Wrote re_chunk_000.pak.patch_055\natives/stm/streaming/character/_kit/hair/hair_017/hair_017_nrmr.tex.760230703 (deflate)
Wrote re_chunk_000.pak.patch_055\natives/stm/streaming/character/_kit/_equipment/tops/002/bd_002_0_5_nrmr.tex.760230703 (deflate)
Wrote re_chunk_000.pak.patch_055\natives/stm/streaming/character/_kit/_equipment/tops/238/bd_238_0_0_nrmr.tex.760230703 (deflate)
Wrote re_chunk_000.pak.patch_055\natives/stm/streaming/character/_kit/beard/beard_152/beard_152_fake_nrmr.tex.760230703 (deflate)
Wrote re_chunk_000.pak.patch_055\natives/stm/streaming/character/ch/ch99_221/ch99_221_body_a_nrmr.tex.760230703 (deflate)
Wrote re_chunk_000.pak.patch_055\natives/stm/streaming/character/_kit/hair/hair_049/haircap_049_nrmr.tex.760230703 (deflate)
Wrote re_chunk_000.pak.patch_055\natives/stm/character/_kit/beard/beard_104/beard_104_fake_nrmr.tex.760230703 (deflate)
Wrote re_chunk_000.pak.patch_055\natives/stm/character/_kit/_equipment/pants/621/wl_621_0_0_nrmr.tex.760230703 (deflate)
Wrote re_chunk_000.pak.patch_055\natives/stm/character/wp/wp01/000/wp01_000_0_0_nrmr.tex.760230703 (deflate)
Wrote re_chunk_000.pak.patch_055\natives/stm/character/_kit/body/body_605_m/body_605_m_high_nrmr.tex.760230703 (deflate)
Wrote re_chunk_000.pak.patch_055\natives/stm/streaming/character/wp/wp03/016/wp03_016_0_0_nrmr.tex.760230703 (deflate)
Wrote re_chunk_000.pak.patch_055\natives/stm/character/_kit/body/body_604_f/hand_604_f_high_nrmr.tex.760230703 (deflate)
Wrote re_chunk_000.pak.patch_055\natives/stm/streaming/character/_kit/_equipment/tops/006/bd_006_0_0_nrmr.tex.760230703 (deflate)
Wrote re_chunk_000.pak.patch_055\natives/stm/streaming/character/_kit/_equipment/tops/039/bd_039_0_2_nrmr.tex.760230703 (deflate)
Wrote re_chunk_000.pak.patch_055\natives/stm/streaming/character/wp/wp07/013/wp07_013_0_0_nrmr.tex.760230703 (deflate)
Wrote re_chunk_000.pak.patch_055\natives/stm/streaming/character/_kit/head/head_218_m/head_218_m_high_nrmr.tex.760230703 (deflate)
Wrote re_chunk_000.pak.patch_055\natives/stm/character/_kit/_equipment/pants/009/wl_009_0_0_nrmr.tex.760230703 (deflate)
Wrote re_chunk_000.pak.patch_055\natives/stm/character/ch/ch21_004/ch21_004_eye_nrmr.tex.760230703 (deflate)
Wrote re_chunk_000.pak.patch_055\natives/stm/streaming/character/_kit/_equipment/helm/545/hl_545_0_0_nrmr.tex.760230703 (deflate)
Wrote re_chunk_000.pak.patch_055\natives/stm/character/_kit/beard/beard_812/beard_812_fake_nrmr.tex.760230703 (deflate)
Wrote re_chunk_000.pak.patch_055\natives/stm/vfx/texture/liquid/13_ch57_001_liquid02_nrmr.tex.760230703 (deflate)
Wrote re_chunk_000.pak.patch_055\natives/stm/streaming/character/_kit/_equipment/pants/210/lg_210_0_1_nrmr.tex.760230703 (deflate)
Wrote re_chunk_000.pak.patch_055\natives/stm/streaming/character/_kit/body/body_211_m/hand_211_m_low_nrm.tex.760230703 (deflate)
Wrote re_chunk_000.pak.patch_055\natives/stm/character/_kit/hair/hair_063/hair_063_fake_nrmr.tex.760230703 (deflate)
Wrote re_chunk_000.pak.patch_055\natives/stm/streaming/character/_kit/_equipment/tops/036/am_036_0_1_nrmr.tex.760230703 (deflate)
Wrote re_chunk_000.pak.patch_055\natives/stm/streaming/character/ch/ch51_001/ch51_001_fur_nrmr.tex.760230703 (deflate)
Wrote re_chunk_000.pak.patch_055\natives/stm/streaming/character/_kit/_equipment/tops/838/wb_838_0_1_nrmr.tex.760230703 (deflate)
Wrote re_chunk_000.pak.patch_055\natives/stm/streaming/character/_kit/hair/hair_005/hair_005_nrmr.tex.760230703 (deflate)
Wrote re_chunk_000.pak.patch_055\natives/stm/streaming/character/ch/ch52_000/ch52_000_body4_nrmr.tex.760230703 (deflate)
Wrote re_chunk_000.pak.patch_055\natives/stm/character/_kit/body/body_600_f/hand_600_f_high_nrmr.tex.760230703 (deflate)
Wrote re_chunk_000.pak.patch_055\natives/stm/character/wp/wp01/009/wp01_009_0_1_nrmr.tex.760230703 (deflate)
Wrote re_chunk_000.pak.patch_055\natives/stm/character/_kit/beard/beard_005/beard_005_nrmr.tex.760230703 (deflate)
Wrote re_chunk_000.pak.patch_055\natives/stm/streaming/character/_kit/_equipment/mantle/035/mt_035_0_1_m_nrmr.tex.760230703 (deflate)
Wrote re_chunk_000.pak.patch_055\natives/stm/character/ch/ch27_000/ch27_000_body1_nrmr.tex.760230703 (deflate)
Wrote re_chunk_000.pak.patch_055\natives/stm/streaming/character/_kit/_equipment/tops/003/wb_003_0_1_nrmr.tex.760230703 (deflate)
Wrote re_chunk_000.pak.patch_055\natives/stm/streaming/character/_kit/body/body_821_m/hand_821_m_high_nrmr.tex.760230703 (deflate)
Wrote re_chunk_000.pak.patch_055\natives/stm/streaming/character/_kit/_equipment/helm/509/hl_509_0_0_nrmr.tex.760230703 (deflate)
Wrote re_chunk_000.pak.patch_055\natives/stm/streaming/character/_kit/_equipment/pants/006/lg_006_0_0_nrmr.tex.760230703 (deflate)
Wrote re_chunk_000.pak.patch_055\natives/stm/streaming/character/_kit/_equipment/tops/045/bd_045_0_2_nrmr.tex.760230703 (deflate)
Wrote re_chunk_000.pak.patch_055\natives/stm/streaming/character/wp/wp00/003/wp00_003_0_0_nrmr.tex.760230703 (deflate)
Wrote re_chunk_000.pak.patch_055\natives/stm/streaming/character/wp/wp00/001/wp00_001_0_0_nrmr.tex.760230703 (deflate)
Wrote re_chunk_000.pak.patch_055\natives/stm/streaming/character/_kit/body/body_607_m/body_607_m_low_nrm.tex.760230703 (deflate)
Wrote re_chunk_000.pak.patch_055\natives/stm/character/_kit/_equipment/tops/246/bd_246_0_1_nrmr.tex.760230703 (deflate)
Wrote re_chunk_000.pak.patch_055\natives/stm/streaming/character/_kit/_equipment/pants/623/lg_623_0_0_nrmr.tex.760230703 (deflate)
Wrote re_chunk_000.pak.patch_055\natives/stm/streaming/character/_kit/hair/hair_065/hair_065_nrmr.tex.760230703 (deflate)
Wrote re_chunk_000.pak.patch_055\natives/stm/streaming/character/ch/ch57_000/ch57_000_body3_nrmr.tex.760230703 (deflate)
Wrote re_chunk_000.pak.patch_055\natives/stm/streaming/character/ch/ch28_000/body/body_902_m/body_902_m_nrmr.tex.760230703 (deflate)
Wrote re_chunk_000.pak.patch_055\natives/stm/streaming/character/ch/ch99_030/ch99_030_body_a_nrmr.tex.760230703 (deflate)
Wrote re_chunk_000.pak.patch_055\natives/stm/character/_kit/body/body_220_m/body_220_m_low_nrm.tex.760230703 (deflate)
Wrote re_chunk_000.pak.patch_055\natives/stm/streaming/character/_kit/body/body_207_f/body_207_f_low_nrm.tex.760230703 (deflate)
Wrote re_chunk_000.pak.patch_055\natives/stm/character/_kit/body/body_215_f/hand_215_f_high_nrmr.tex.760230703 (deflate)
Wrote re_chunk_000.pak.patch_055\natives/stm/character/_kit/head/head_227_f/head_227_f_high_nrmr.tex.760230703 (deflate)
Wrote re_chunk_000.pak.patch_055\natives/stm/character/_kit/head/head_221_f/head_221_f_low_nrm.tex.760230703 (deflate)
Wrote re_chunk_000.pak.patch_055\natives/stm/streaming/character/ch/ch26_000/eq26_000_03/eq26_000_03_7_nrmr.tex.760230703 (deflate)
Wrote re_chunk_000.pak.patch_055\natives/stm/streaming/character/_kit/_equipment/tops/257/bd_257_0_1_nrmr.tex.760230703 (deflate)
Wrote re_chunk_000.pak.patch_055\natives/stm/character/_kit/_equipment/tops/516/embroidery_02_nrmr.tex.760230703 (deflate)
Wrote re_chunk_000.pak.patch_055\natives/stm/character/_kit/body/body_202_m/body_202_m_high_nrmr.tex.760230703 (deflate)
Wrote re_chunk_000.pak.patch_055\natives/stm/streaming/character/_kit/body/body_213_f/body_213_f_low_nrm.tex.760230703 (deflate)
Wrote re_chunk_000.pak.patch_055\natives/stm/streaming/character/_kit/_equipment/tops/625/wb_625_0_0_nrmr.tex.760230703 (deflate)
Wrote re_chunk_000.pak.patch_055\natives/stm/character/_kit/_equipment/mantle/831/mt_831_0_1_nrmr.tex.760230703 (deflate)
Wrote re_chunk_000.pak.patch_055\natives/stm/streaming/character/_kit/_equipment/pants/005/wl_005_0_1_nrmr.tex.760230703 (deflate)
Wrote re_chunk_000.pak.patch_055\natives/stm/character/_kit/beard/beard_104/beard_104_nrmr.tex.760230703 (deflate)
Wrote re_chunk_000.pak.patch_055\natives/stm/streaming/character/_kit/_equipment/backpack/backpack_500/backpack_500_0_0_nrmr.tex.760230703 (deflate)
Wrote re_chunk_000.pak.patch_055\natives/stm/character/_kit/_equipment/tops/050/am_050_0_0_nrmr.tex.760230703 (deflate)
Wrote re_chunk_000.pak.patch_055\natives/stm/streaming/character/_kit/_equipment/tops/804/bd_804_0_3_nrmr.tex.760230703 (deflate)
Wrote re_chunk_000.pak.patch_055\natives/stm/character/_kit/hair/hair_043/hair_043_fake_nrmr.tex.760230703 (deflate)
Wrote re_chunk_000.pak.patch_055\natives/stm/streaming/character/ch/ch20_003/helm/06/eq20_003_06_hl_1_nrmr.tex.760230703 (deflate)
Wrote re_chunk_000.pak.patch_055\natives/stm/character/_kit/_equipment/tops/600/wb_600_0_0_nrmr.tex.760230703 (deflate)
Wrote re_chunk_000.pak.patch_055\natives/stm/streaming/character/wp/wp08/008/wp08_008_0_0_nrmr.tex.760230703 (deflate)
Wrote re_chunk_000.pak.patch_055\natives/stm/streaming/character/_kit/_equipment/tops/050/bd_050_0_0_nrmr.tex.760230703 (deflate)
Wrote re_chunk_000.pak.patch_055\natives/stm/character/_kit/body/body_604_f/hand_604_f_low_nrm.tex.760230703 (deflate)
Wrote re_chunk_000.pak.patch_055\natives/stm/character/_kit/_equipment/tops/835/bd_835_0_0_nrmr.tex.760230703 (deflate)
Wrote re_chunk_000.pak.patch_055\natives/stm/streaming/character/_kit/body/body_611_m/hand_611_m_high_nrmr.tex.760230703 (deflate)
Wrote re_chunk_000.pak.patch_055\natives/stm/character/_kit/head/head_003_f/head_003_f_low_nrm.tex.760230703 (deflate)
Wrote re_chunk_000.pak.patch_055\natives/stm/streaming/character/_kit/_equipment/tops/009/bd_009_0_2_nrmr.tex.760230703 (deflate)
Wrote re_chunk_000.pak.patch_055\natives/stm/character/_kit/_equipment/pants/516/wl_516_0_0_nrmr.tex.760230703 (deflate)
Wrote re_chunk_000.pak.patch_055\natives/stm/streaming/character/_kit/_equipment/pants/039/lg_039_0_1_nrmr.tex.760230703 (deflate)
Wrote re_chunk_000.pak.patch_055\natives/stm/streaming/character/_kit/_equipment/pants/210/lg_210_0_2_nrmr.tex.760230703 (deflate)
Wrote re_chunk_000.pak.patch_055\natives/stm/character/ch/ch52_012/ch52_012_head_nrmr.tex.760230703 (deflate)
Wrote re_chunk_000.pak.patch_055\natives/stm/streaming/character/wp/wp08/005/wp08_005_0_0_nrmr.tex.760230703 (deflate)
Wrote re_chunk_000.pak.patch_055\natives/stm/streaming/character/_kit/_equipment/tops/521/embroidery_01_nrmr.tex.760230703 (deflate)
Wrote re_chunk_000.pak.patch_055\natives/stm/streaming/character/_kit/body/body_209_m/hand_209_m_low_nrm.tex.760230703 (deflate)
Wrote re_chunk_000.pak.patch_055\natives/stm/streaming/character/_kit/body/body_608_m/body_608_m_high_nrmr.tex.760230703 (deflate)
Wrote re_chunk_000.pak.patch_055\natives/stm/streaming/character/_kit/_equipment/pants/500/wl_500_0_0_nrmr.tex.760230703 (deflate)
Wrote re_chunk_000.pak.patch_055\natives/stm/character/ch/ch53_001/ch53_001_accessories_nrmr.tex.760230703 (deflate)
Wrote re_chunk_000.pak.patch_055\natives/stm/streaming/character/wp/wp00/018/wp00_018_0_0_nrmr.tex.760230703 (deflate)
Wrote re_chunk_000.pak.patch_055\natives/stm/streaming/character/_kit/_equipment/tops/248/bd_248_0_1_nrmr.tex.760230703 (deflate)
Wrote re_chunk_000.pak.patch_055\natives/stm/character/_kit/_equipment/tops/202/wb_202_0_0_nrmr.tex.760230703 (deflate)
Wrote re_chunk_000.pak.patch_055\natives/stm/character/_kit/body/body_208_m/hand_208_m_low_nrm.tex.760230703 (deflate)
Wrote re_chunk_000.pak.patch_055\natives/stm/character/ch/ch54_000/ch54_000_body2_nrmr.tex.760230703 (deflate)
Wrote re_chunk_000.pak.patch_055\natives/stm/streaming/environment/textures/tx_035_nrmr.tex.760230703 (deflate)
Wrote re_chunk_000.pak.patch_055\natives/stm/character/_kit/hair/hair_015/hair_015_nrmr.tex.760230703 (deflate)
Wrote re_chunk_000.pak.patch_055\natives/stm/character/_kit/head/head_801_m/head_801_m_low_nrm.tex.760230703 (deflate)
Wrote re_chunk_000.pak.patch_055\natives/stm/streaming/character/_kit/_equipment/tops/048/bd_048_0_2_nrmr.tex.760230703 (deflate)
Wrote re_chunk_000.pak.patch_055\natives/stm/character/_kit/_equipment/pants/038/lg_038_0_1_nrmr.tex.760230703 (deflate)
Wrote re_chunk_000.pak.patch_055\natives/stm/character/_kit/_equipment/pants/814/lg_814_0_1_nrmr.tex.760230703 (deflate)
Wrote re_chunk_000.pak.patch_055\natives/stm/streaming/character/_kit/eyebrows/eyebrows_003/eyebrows_003_skin_nrmr.tex.760230703 (deflate)
Wrote re_chunk_000.pak.patch_055\natives/stm/streaming/character/_kit/head/head_220_m/head_220_m_low_nrm.tex.760230703 (deflate)
Wrote re_chunk_000.pak.patch_055\natives/stm/streaming/character/_kit/_equipment/tops/832/bd_832_0_0_nrmr.tex.760230703 (deflate)
Wrote re_chunk_000.pak.patch_055\natives/stm/character/ch/ch57_000/ch57_000_wing_nrmr.tex.760230703 (deflate)
Wrote re_chunk_000.pak.patch_055\natives/stm/character/_kit/_equipment/tops/528/bd_528_0_0_nrmr.tex.760230703 (deflate)
Wrote re_chunk_000.pak.patch_055\natives/stm/streaming/character/_kit/_equipment/tops/541/wb_541_0_1_nrmr.tex.760230703 (deflate)
Wrote re_chunk_000.pak.patch_055\natives/stm/streaming/character/wp/wp04/001/wp04_001_0_1_nrmr.tex.760230703 (deflate)
Wrote re_chunk_000.pak.patch_055\natives/stm/streaming/character/_kit/_equipment/tops/264/am_264_0_0_nrmr.tex.760230703 (deflate)
Wrote re_chunk_000.pak.patch_055\natives/stm/character/_kit/_equipment/helm/042/hl_042_0_0_nrmr.tex.760230703 (deflate)
Wrote re_chunk_000.pak.patch_055\natives/stm/character/wp/wp03/005/wp03_005_0_0_nrmr.tex.760230703 (deflate)
Wrote re_chunk_000.pak.patch_055\natives/stm/character/_kit/hair/hair_026/hair_026_fake_nrmr.tex.760230703 (deflate)
Wrote re_chunk_000.pak.patch_055\natives/stm/streaming/character/_kit/body/body_205_f/body_205_f_low_nrm.tex.760230703 (deflate)
Wrote re_chunk_000.pak.patch_055\natives/stm/character/_kit/body/body_222_m/hand_222_m_high_nrmr.tex.760230703 (deflate)
Wrote re_chunk_000.pak.patch_055\natives/stm/character/_kit/body/body_605_f/hand_605_f_high_nrmr.tex.760230703 (deflate)
Wrote re_chunk_000.pak.patch_055\natives/stm/character/_kit/_equipment/pants/005/wl_005_0_0_nrmr.tex.760230703 (deflate)
Wrote re_chunk_000.pak.patch_055\natives/stm/character/it/it10/001/it10_001_0_0_nrmr.tex.760230703 (deflate)
Wrote re_chunk_000.pak.patch_055\natives/stm/character/_kit/_equipment/pants/003/wl_003_0_1_nrmr.tex.760230703 (deflate)
Wrote re_chunk_000.pak.patch_055\natives/stm/streaming/character/wp/wp02/004/wp02_004_0_0_nrmr.tex.760230703 (deflate)
Wrote re_chunk_000.pak.patch_055\natives/stm/streaming/vfx/texture/gimmick/gm81_116/13_gm81_116_tornado_01_nrmr.tex.760230703 (deflate)
Wrote re_chunk_000.pak.patch_055\natives/stm/character/_kit/_equipment/tops/801/bd_801_0_2_nrmr.tex.760230703 (deflate)
Wrote re_chunk_000.pak.patch_055\natives/stm/streaming/character/_kit/_equipment/pants/011/wl_011_0_1_nrmr.tex.760230703 (deflate)
Wrote re_chunk_000.pak.patch_055\natives/stm/streaming/character/_kit/body/body_208_f/hand_208_f_low_nrm.tex.760230703 (deflate)
Wrote re_chunk_000.pak.patch_055\natives/stm/streaming/environment/textures/tx_113_nrmr.tex.760230703 (deflate)
Wrote re_chunk_000.pak.patch_055\natives/stm/character/wp/wp04/005/wp04_005_0_0_nrmr.tex.760230703 (deflate)
Wrote re_chunk_000.pak.patch_055\natives/stm/streaming/character/wp/wp05/003/wp05_003_0_0_nrmr.tex.760230703 (deflate)
Wrote re_chunk_000.pak.patch_055\natives/stm/streaming/character/_kit/head/head_204_m/head_204_m_low_nrm.tex.760230703 (deflate)
Wrote re_chunk_000.pak.patch_055\natives/stm/streaming/character/_kit/body/body_202_f/body_202_f_high_nrmr.tex.760230703 (deflate)
Wrote re_chunk_000.pak.patch_055\natives/stm/character/ch/ch28_000/body/body_901_m/hand_901_m_nrmr.tex.760230703 (deflate)
Wrote re_chunk_000.pak.patch_055\natives/stm/character/_kit/_equipment/tops/517/am_517_0_0_nrmr.tex.760230703 (deflate)
Wrote re_chunk_000.pak.patch_055\natives/stm/streaming/character/_kit/_equipment/tops/249/bd_249_0_0_nrmr.tex.760230703 (deflate)
Wrote re_chunk_000.pak.patch_055\natives/stm/character/_kit/_equipment/pants/002/wl_002_0_0_nrmr.tex.760230703 (deflate)
Wrote re_chunk_000.pak.patch_055\natives/stm/streaming/character/ch/ch26_000/eq26_000_02/eq26_000_02_2_nrmr.tex.760230703 (deflate)
Wrote re_chunk_000.pak.patch_055\natives/stm/character/_kit/_equipment/tops/601/wb_601_0_0_nrmr.tex.760230703 (deflate)
Wrote re_chunk_000.pak.patch_055\natives/stm/character/_kit/_equipment/pants/501/wl_501_0_0_nrmr.tex.760230703 (deflate)
Wrote re_chunk_000.pak.patch_055\natives/stm/streaming/character/_kit/_equipment/mantle/523/mt_523_0_0_nrmr.tex.760230703 (deflate)
Wrote re_chunk_000.pak.patch_055\natives/stm/character/_kit/_equipment/helm/279/hl_279_0_0_nrmr.tex.760230703 (deflate)
Wrote re_chunk_000.pak.patch_055\natives/stm/streaming/character/_kit/_equipment/tops/808/bd_808_0_3_nrmr.tex.760230703 (deflate)
Wrote re_chunk_000.pak.patch_055\natives/stm/re_engine_library/vfx_library/texture/tex_vector/tex_capcom_vector_water_0011_array_nrmr.tex.760230703 (deflate)
Wrote re_chunk_000.pak.patch_055\natives/stm/character/_kit/body/body_218_m/body_218_m_low_nrm.tex.760230703 (deflate)
Wrote re_chunk_000.pak.patch_055\natives/stm/streaming/character/_kit/_equipment/helm/002/hl_002_0_0_nrmr.tex.760230703 (deflate)
Wrote re_chunk_000.pak.patch_055\natives/stm/character/it/it09/000/it09_000_nrmr.tex.760230703 (deflate)
Wrote re_chunk_000.pak.patch_055\natives/stm/character/_kit/_equipment/tops/278/bd_278_0_0_nrmr.tex.760230703 (deflate)
Wrote re_chunk_000.pak.patch_055\natives/stm/character/_kit/_equipment/tops/017/bd_017_0_0_nrmr.tex.760230703 (deflate)
Wrote re_chunk_000.pak.patch_055\natives/stm/character/it/it09/001/it09_001_0_0_nrmr.tex.760230703 (deflate)
Wrote re_chunk_000.pak.patch_055\natives/stm/streaming/character/_kit/_equipment/tops/229/bd_229_0_0_nrmr.tex.760230703 (deflate)
Wrote re_chunk_000.pak.patch_055\natives/stm/character/_kit/body/body_002_f/hand_002_f_low_nrm.tex.760230703 (deflate)
Wrote re_chunk_000.pak.patch_055\natives/stm/streaming/character/wp/wp00/005/wp00_005_0_0_nrmr.tex.760230703 (deflate)
Wrote re_chunk_000.pak.patch_055\natives/stm/streaming/character/wp/wp03/003/wp03_003_0_0_nrmr.tex.760230703 (deflate)
Wrote re_chunk_000.pak.patch_055\natives/stm/streaming/character/_kit/_equipment/mantle/813/mt_813_0_0_nrmr.tex.760230703 (deflate)
Wrote re_chunk_000.pak.patch_055\natives/stm/character/wp/wp08/001/wp08_001_0_0_nrmr.tex.760230703 (deflate)
Wrote re_chunk_000.pak.patch_055\natives/stm/character/_kit/_equipment/tops/505/bd_505_0_2_nrmr.tex.760230703 (deflate)
Wrote re_chunk_000.pak.patch_055\natives/stm/streaming/character/_kit/head/head_206_f/head_206_f_high_nrmr.tex.760230703 (deflate)
Wrote re_chunk_000.pak.patch_055\natives/stm/character/_kit/hair/hair_039/band_039_nrmr.tex.760230703 (deflate)
Wrote re_chunk_000.pak.patch_055\natives/stm/streaming/character/_kit/_equipment/pants/050/lg_050_0_1_nrmr.tex.760230703 (deflate)
Wrote re_chunk_000.pak.patch_055\natives/stm/character/_kit/_equipment/tops/805/wb_805_0_0_nrmr.tex.760230703 (deflate)
Wrote re_chunk_000.pak.patch_055\natives/stm/character/_kit/head/head_601_f/head_601_f_low_nrm.tex.760230703 (deflate)
Wrote re_chunk_000.pak.patch_055\natives/stm/character/ch/ch28_000/body/body_910_m/pants1_910_m_nrmr.tex.760230703 (deflate)
Wrote re_chunk_000.pak.patch_055\natives/stm/character/ch/ch53_001/ch53_001_angryface_nrmr.tex.760230703 (deflate)
Wrote re_chunk_000.pak.patch_055\natives/stm/streaming/character/_kit/_equipment/tops/012/bd_012_0_2_nrmr.tex.760230703 (deflate)
Wrote re_chunk_000.pak.patch_055\natives/stm/character/_kit/head/head_610_m/head_610_m_high_nrmr.tex.760230703 (deflate)
Wrote re_chunk_000.pak.patch_055\natives/stm/character/_kit/_equipment/mantle/017/mt_017_0_1_nrmr.tex.760230703 (deflate)
Wrote re_chunk_000.pak.patch_055\natives/stm/streaming/character/ch/ch53_001/ch53_001_bodyfeather_nrmr.tex.760230703 (deflate)
Wrote re_chunk_000.pak.patch_055\natives/stm/character/_kit/beard/beard_143/beard_143_fake_nrmr.tex.760230703 (deflate)
Wrote re_chunk_000.pak.patch_055\natives/stm/streaming/character/_kit/head/head_608_m/head_608_m_high_nrmr.tex.760230703 (deflate)
Wrote re_chunk_000.pak.patch_055\natives/stm/character/_kit/body/body_002_f/hand_002_f_high_nrmr.tex.760230703 (deflate)
Wrote re_chunk_000.pak.patch_055\natives/stm/character/_kit/_equipment/tops/630/bd_630_1_0_nrmr.tex.760230703 (deflate)
Wrote re_chunk_000.pak.patch_055\natives/stm/character/_kit/_equipment/tops/039/bd_039_0_2_nrmr.tex.760230703 (deflate)
Wrote re_chunk_000.pak.patch_055\natives/stm/character/_kit/_equipment/mantle/002/mt_002_0_0_nrmr.tex.760230703 (deflate)
Wrote re_chunk_000.pak.patch_055\natives/stm/streaming/character/_kit/_equipment/pants/045/lg_045_0_1_nrmr.tex.760230703 (deflate)
Wrote re_chunk_000.pak.patch_055\natives/stm/character/_kit/_equipment/pants/630/lg_630_0_0_nrmr.tex.760230703 (deflate)
Wrote re_chunk_000.pak.patch_055\natives/stm/character/_kit/_equipment/tops/020/bd_020_0_2_nrmr.tex.760230703 (deflate)
Wrote re_chunk_000.pak.patch_055\natives/stm/character/_kit/_equipment/mantle/806/mt_806_0_1_nrmr.tex.760230703 (deflate)
Wrote re_chunk_000.pak.patch_055\natives/stm/character/ch/ch28_000/hair/hair_907/hair_907_nrmr.tex.760230703 (deflate)
Wrote re_chunk_000.pak.patch_055\natives/stm/character/_kit/body/body_204_f/body_204_f_low_nrm.tex.760230703 (deflate)
Wrote re_chunk_000.pak.patch_055\natives/stm/character/ch/ch50_000/ch50_000_body2_nrmr.tex.760230703 (deflate)
Wrote re_chunk_000.pak.patch_055\natives/stm/environment/textures/tx_034_nrmr.tex.760230703 (deflate)
Wrote re_chunk_000.pak.patch_055\natives/stm/character/_kit/head/head_209_f/head_209_f_high_nrmr.tex.760230703 (deflate)
Wrote re_chunk_000.pak.patch_055\natives/stm/character/_kit/_equipment/tops/007/bd_007_0_2_nrmr.tex.760230703 (deflate)
Wrote re_chunk_000.pak.patch_055\natives/stm/character/it/it10/019/it10_019_00_nrmr.tex.760230703 (deflate)
Wrote re_chunk_000.pak.patch_055\natives/stm/streaming/character/_kit/_equipment/tops/036/wb_036_0_0_nrmr.tex.760230703 (deflate)
Wrote re_chunk_000.pak.patch_055\natives/stm/streaming/character/_kit/body/body_200_m/hand_200_m_low_nrm.tex.760230703 (deflate)
Wrote re_chunk_000.pak.patch_055\natives/stm/character/_kit/body/body_201_m/hand_201_m_high_nrmr.tex.760230703 (deflate)
Wrote re_chunk_000.pak.patch_055\natives/stm/streaming/character/_kit/body/body_001_m/body_001_m_high_nrmr.tex.760230703 (deflate)
Wrote re_chunk_000.pak.patch_055\natives/stm/character/_kit/head/head_608_f/head_608_f_low_nrm.tex.760230703 (deflate)
Wrote re_chunk_000.pak.patch_055\natives/stm/character/_kit/_equipment/mantle/036/036_embroidery_02_nrmr.tex.760230703 (deflate)
Wrote re_chunk_000.pak.patch_055\natives/stm/character/_kit/_equipment/tops/817/bd_817_0_3_nrmr.tex.760230703 (deflate)
Wrote re_chunk_000.pak.patch_055\natives/stm/character/ch/ch56_000/ch56_000_body_nrmr.tex.760230703 (deflate)
Wrote re_chunk_000.pak.patch_055\natives/stm/streaming/character/_kit/_equipment/tops/607/wb_607_0_0_nrmr.tex.760230703 (deflate)
Wrote re_chunk_000.pak.patch_055\natives/stm/character/_kit/head/head_222_m/head_222_m_low_nrm.tex.760230703 (deflate)
Wrote re_chunk_000.pak.patch_055\natives/stm/character/_kit/_equipment/tops/278/bd_278_0_1_nrmr.tex.760230703 (deflate)
Wrote re_chunk_000.pak.patch_055\natives/stm/character/ch/ch21_004/ch21_004_eyeflatten_nrmr.tex.760230703 (deflate)
Wrote re_chunk_000.pak.patch_055\natives/stm/character/_kit/_equipment/tops/035/wb_035_0_1_f_nrmr.tex.760230703 (deflate)
Wrote re_chunk_000.pak.patch_055\natives/stm/streaming/character/_kit/body/body_821_f/body_821_f_high_nrmr.tex.760230703 (deflate)
Wrote re_chunk_000.pak.patch_055\natives/stm/character/wp/wp08/003/wp08_003_0_0_nrmr.tex.760230703 (deflate)
Wrote re_chunk_000.pak.patch_055\natives/stm/character/_kit/hair/hair_014/hair_014_fake_nrmr.tex.760230703 (deflate)
Wrote re_chunk_000.pak.patch_055\natives/stm/streaming/character/shared/pattern/pattern_snakescale_1_nrmr.tex.760230703 (deflate)
Wrote re_chunk_000.pak.patch_055\natives/stm/character/_kit/_equipment/tops/050/am_050_0_1_nrmr.tex.760230703 (deflate)
Wrote re_chunk_000.pak.patch_055\natives/stm/streaming/character/it/it10/001/it10_001_0_0_nrmr.tex.760230703 (deflate)
Wrote re_chunk_000.pak.patch_055\natives/stm/streaming/character/_kit/body/body_609_m/body_609_m_low_nrm.tex.760230703 (deflate)
Wrote re_chunk_000.pak.patch_055\natives/stm/character/wp/wp01/003/wp01_003_0_0_nrmr.tex.760230703 (deflate)
Wrote re_chunk_000.pak.patch_055\natives/stm/character/_kit/_equipment/tops/017/am_017_0_0_nrmr.tex.760230703 (deflate)
Wrote re_chunk_000.pak.patch_055\natives/stm/streaming/character/ch/ch26_000/eq26_000_02/eq26_000_02_1_nrmr.tex.760230703 (deflate)
Wrote re_chunk_000.pak.patch_055\natives/stm/character/_kit/_equipment/pants/220/wl_220_0_1_nrmr.tex.760230703 (deflate)
Wrote re_chunk_000.pak.patch_055\natives/stm/streaming/character/_kit/head/head_608_m/head_608_m_low_nrm.tex.760230703 (deflate)
Wrote re_chunk_000.pak.patch_055\natives/stm/streaming/character/_kit/_equipment/tops/045/bd_045_0_0_nrmr.tex.760230703 (deflate)
Wrote re_chunk_000.pak.patch_055\natives/stm/character/_kit/_equipment/helm/056/hl_056_0_1_nrmr.tex.760230703 (deflate)
Wrote re_chunk_000.pak.patch_055\natives/stm/character/_kit/_equipment/tops/809/bd_809_0_1_nrmr.tex.760230703 (deflate)
Wrote re_chunk_000.pak.patch_055\natives/stm/character/ch/ch22_003/ch22_003_human_nrmr.tex.760230703 (deflate)
Wrote re_chunk_000.pak.patch_055\natives/stm/streaming/character/_kit/_equipment/tops/051/wb_051_0_0_nrmr.tex.760230703 (deflate)
Wrote re_chunk_000.pak.patch_055\natives/stm/streaming/character/_kit/_equipment/helm/279/hl_279_0_0_nrmr.tex.760230703 (deflate)
Wrote re_chunk_000.pak.patch_055\natives/stm/streaming/character/_kit/_equipment/tops/008/bd_008_0_2_nrmr.tex.760230703 (deflate)
Wrote re_chunk_000.pak.patch_055\natives/stm/streaming/character/it/it10/019/it10_019_00_nrmr.tex.760230703 (deflate)
Wrote re_chunk_000.pak.patch_055\natives/stm/streaming/character/wp/wp01/050/wp01_050_0_1_nrmr.tex.760230703 (deflate)
Wrote re_chunk_000.pak.patch_055\natives/stm/streaming/character/_kit/body/body_600_f/hand_600_f_high_nrmr.tex.760230703 (deflate)
Wrote re_chunk_000.pak.patch_055\natives/stm/character/_kit/_equipment/tops/814/bd_814_0_0_nrmr.tex.760230703 (deflate)
Wrote re_chunk_000.pak.patch_055\natives/stm/character/_kit/_equipment/tops/050/am_050_0_2_nrmr.tex.760230703 (deflate)
Wrote re_chunk_000.pak.patch_055\natives/stm/character/_kit/_equipment/pants/527/lg_527_0_0_nrmr.tex.760230703 (deflate)
Wrote re_chunk_000.pak.patch_055\natives/stm/character/_kit/_equipment/pants/008/wl_008_0_1_nrmr.tex.760230703 (deflate)
Wrote re_chunk_000.pak.patch_055\natives/stm/character/_kit/head/head_204_f/head_204_f_high_nrmr.tex.760230703 (deflate)
Wrote re_chunk_000.pak.patch_055\natives/stm/character/_kit/beard/beard_003/beard_003_fake_nrmr.tex.760230703 (deflate)
Wrote re_chunk_000.pak.patch_055\natives/stm/character/_kit/_equipment/tops/823/wb_823_0_0_nrmr.tex.760230703 (deflate)
Wrote re_chunk_000.pak.patch_055\natives/stm/streaming/character/ch/ch20_001/wp20_001_02/wp20_001_02_1_nrmr.tex.760230703 (deflate)
Wrote re_chunk_000.pak.patch_055\natives/stm/character/_kit/body/body_207_m/body_207_m_high_nrmr.tex.760230703 (deflate)
Wrote re_chunk_000.pak.patch_055\natives/stm/character/ch/ch22_002/ch22_002_feather_nrmr.tex.760230703 (deflate)
Wrote re_chunk_000.pak.patch_055\natives/stm/character/ch/ch20_000/wp20_000_21/wp20_000_21_1_nrmr.tex.760230703 (deflate)
Wrote re_chunk_000.pak.patch_055\natives/stm/streaming/character/_kit/head/head_202_m/head_202_m_low_nrm.tex.760230703 (deflate)
Wrote re_chunk_000.pak.patch_055\natives/stm/streaming/character/_kit/_equipment/tops/242/wb_242_0_1_nrmr.tex.760230703 (deflate)
Wrote re_chunk_000.pak.patch_055\natives/stm/streaming/character/_kit/_equipment/tops/505/bd_505_0_2_nrmr.tex.760230703 (deflate)
Wrote re_chunk_000.pak.patch_055\natives/stm/character/_kit/_equipment/helm/503/hl_503_0_0_nrmr.tex.760230703 (deflate)
Wrote re_chunk_000.pak.patch_055\natives/stm/character/wp/wp02/012/wp02_012_0_0_nrmr.tex.760230703 (deflate)
Wrote re_chunk_000.pak.patch_055\natives/stm/character/wp/wp05/009/wp05_009_0_0_nrmr.tex.760230703 (deflate)
Wrote re_chunk_000.pak.patch_055\natives/stm/streaming/character/_kit/_equipment/tops/621/lg_621_0_1_nrmr.tex.760230703 (deflate)
Wrote re_chunk_000.pak.patch_055\natives/stm/character/_kit/body/body_212_m/body_212_m_low_nrm.tex.760230703 (deflate)
Wrote re_chunk_000.pak.patch_055\natives/stm/character/ch/ch26_000/eq26_000_05/eq26_000_05_4_nrmr.tex.760230703 (deflate)
Wrote re_chunk_000.pak.patch_055\natives/stm/streaming/character/_kit/_equipment/tops/035/wb_035_0_2_m_nrmr.tex.760230703 (deflate)
Wrote re_chunk_000.pak.patch_055\natives/stm/streaming/character/_kit/_equipment/tops/023/wb_023_0_0_nrmr.tex.760230703 (deflate)
Wrote re_chunk_000.pak.patch_055\natives/stm/streaming/character/_kit/_equipment/mantle/047/mt_047_0_0_nrmr.tex.760230703 (deflate)
Wrote re_chunk_000.pak.patch_055\natives/stm/streaming/character/_kit/head/head_612_m/head_612_m_low_nrm.tex.760230703 (deflate)
Wrote re_chunk_000.pak.patch_055\natives/stm/character/_kit/_equipment/pants/237/lg_237_0_1_nrmr.tex.760230703 (deflate)
Wrote re_chunk_000.pak.patch_055\natives/stm/streaming/character/_kit/_equipment/tops/516/am_516_0_0_nrmr.tex.760230703 (deflate)
Wrote re_chunk_000.pak.patch_055\natives/stm/character/_kit/body/body_221_f/body_221_f_high_nrmr.tex.760230703 (deflate)
Wrote re_chunk_000.pak.patch_055\natives/stm/character/_kit/_equipment/helm/501/hl_501_0_0_nrmr.tex.760230703 (deflate)
Wrote re_chunk_000.pak.patch_055\natives/stm/streaming/character/ch/ch21_003/ch21_003_eye_nrmr.tex.760230703 (deflate)
Wrote re_chunk_000.pak.patch_055\natives/stm/character/_kit/body/body_601_f/body_601_f_high_nrmr.tex.760230703 (deflate)
Extracted 4926 files from D:\GAMES\Dragons.Dogma.2.Deluxe.Edition-InsaneRamZes\re_chunk_000.pak.patch_055.pak
Extracted 4926 files compressed with deflate


[extract_tex.py] Still missing ['tex_ui01c00_03_iam.tex.760230703']
[extract_tex.py] Running REtool on re_chunk_000.pak.patch_056.pak...
[extract_tex.py] Using REtool.exe at: D:\GAMES\REtool\REtool.exe
[extract_tex.py] REtool output for re_chunk_000.pak.patch_056.pak: RE Engine PAK tool v0.240 (by youtube.com/user/FluffyQuack)

Read 4 entries from D:\GAMES\Dragons.Dogma.2.Deluxe.Edition-InsaneRamZes\reframework\images\ItemBelt\pytools\tex_list.txt
Attempting to unpack D:\GAMES\Dragons.Dogma.2.Deluxe.Edition-InsaneRamZes\re_chunk_000.pak.patch_056.pak...
Read 3 entries
Loaded hash list from manifest
Extracting files...
Wrote re_chunk_000.pak.patch_056\natives/stm/appsystem/charaedit/ch000/parts/underwear/mesh/underwear_500_f.pfb.17 (deflate)
Wrote re_chunk_000.pak.patch_056\__MANIFEST/MANIFEST.TXT (deflate)
Wrote re_chunk_000.pak.patch_056\modinfo.ini (copied)
Extracted 3 files from D:\GAMES\Dragons.Dogma.2.Deluxe.Edition-InsaneRamZes\re_chunk_000.pak.patch_056.pak
Extracted 1 files with zero compression
Extracted 2 files compressed with deflate


[extract_tex.py] Still missing ['tex_ui01c00_03_iam.tex.760230703']
[extract_tex.py] Running REtool on re_chunk_000.pak.patch_057.pak...
[extract_tex.py] Using REtool.exe at: D:\GAMES\REtool\REtool.exe
[extract_tex.py] REtool output for re_chunk_000.pak.patch_057.pak: RE Engine PAK tool v0.240 (by youtube.com/user/FluffyQuack)

Read 4 entries from D:\GAMES\Dragons.Dogma.2.Deluxe.Edition-InsaneRamZes\reframework\images\ItemBelt\pytools\tex_list.txt
Attempting to unpack D:\GAMES\Dragons.Dogma.2.Deluxe.Edition-InsaneRamZes\re_chunk_000.pak.patch_057.pak...
Read 41 entries
Loaded hash list from manifest
Extracting files...
Wrote re_chunk_000.pak.patch_057\natives/stm/streaming/environment/textures/tx_236_nrra.tex.760230703 (deflate)
Wrote re_chunk_000.pak.patch_057\natives/stm/environment/textures/tx_035_nrra.tex.760230703 (deflate)
Wrote re_chunk_000.pak.patch_057\natives/stm/streaming/environment/textures/tx_236_albd.tex.760230703 (deflate)
Wrote re_chunk_000.pak.patch_057\natives/stm/environment/textures/tx_302_nrra.tex.760230703 (deflate)
Wrote re_chunk_000.pak.patch_057\__MANIFEST/MANIFEST.TXT (deflate)
Wrote re_chunk_000.pak.patch_057\natives/stm/environment/textures/tx_082_alb.tex.760230703 (deflate)
Wrote re_chunk_000.pak.patch_057\natives/stm/streaming/environment/textures/sm51_379_albd.tex.760230703 (deflate)
Wrote re_chunk_000.pak.patch_057\natives/stm/environment/textures/sm51_379_alb.tex.760230703 (deflate)
Wrote re_chunk_000.pak.patch_057\natives/stm/streaming/environment/textures/sm52_174_albd.tex.760230703 (deflate)
Wrote re_chunk_000.pak.patch_057\natives/stm/environment/textures/sm51_379_albd.tex.760230703 (deflate)
Wrote re_chunk_000.pak.patch_057\natives/stm/environment/textures/tx_235_albd.tex.760230703 (deflate)
Wrote re_chunk_000.pak.patch_057\natives/stm/environment/textures/tx_035_albd.tex.760230703 (deflate)
Wrote re_chunk_000.pak.patch_057\natives/stm/environment/textures/sm52_174_albd.tex.760230703 (deflate)
Wrote re_chunk_000.pak.patch_057\natives/stm/streaming/environment/textures/tx_302_nrra.tex.760230703 (deflate)
Wrote re_chunk_000.pak.patch_057\natives/stm/streaming/environment/textures/sm81_009_albd.tex.760230703 (deflate)
Wrote re_chunk_000.pak.patch_057\natives/stm/environment/textures/tx_236_albd.tex.760230703 (deflate)
Wrote re_chunk_000.pak.patch_057\natives/stm/streaming/environment/textures/tx_155_albd.tex.760230703 (deflate)
Wrote re_chunk_000.pak.patch_057\natives/stm/environment/textures/tx_302_albd.tex.760230703 (deflate)
Wrote re_chunk_000.pak.patch_057\natives/stm/streaming/environment/textures/tx_234_nrra.tex.760230703 (deflate)
Wrote re_chunk_000.pak.patch_057\natives/stm/streaming/environment/textures/tx_082_alb.tex.760230703 (deflate)
Wrote re_chunk_000.pak.patch_057\natives/stm/environment/textures/tx_236_nrra.tex.760230703 (deflate)
Wrote re_chunk_000.pak.patch_057\natives/stm/streaming/environment/textures/tx_082_albd.tex.760230703 (deflate)
Wrote re_chunk_000.pak.patch_057\natives/stm/streaming/environment/textures/sm81_009_nrrc.tex.760230703 (deflate)
Wrote re_chunk_000.pak.patch_057\natives/stm/streaming/environment/textures/tx_235_nrra.tex.760230703 (deflate)
Wrote re_chunk_000.pak.patch_057\natives/stm/environment/textures/tx_235_nrra.tex.760230703 (deflate)
Wrote re_chunk_000.pak.patch_057\natives/stm/streaming/environment/textures/sm51_379_alb.tex.760230703 (deflate)
Wrote re_chunk_000.pak.patch_057\natives/stm/environment/textures/tx_234_albd.tex.760230703 (deflate)
Wrote re_chunk_000.pak.patch_057\natives/stm/streaming/environment/textures/tx_035_nrra.tex.760230703 (deflate)
Wrote re_chunk_000.pak.patch_057\natives/stm/environment/textures/tx_234_nrra.tex.760230703 (deflate)
Wrote re_chunk_000.pak.patch_057\natives/stm/streaming/environment/textures/tx_035_albd.tex.760230703 (deflate)
Wrote re_chunk_000.pak.patch_057\natives/stm/environment/textures/tx_035_nrmr.tex.760230703 (deflate)
Wrote re_chunk_000.pak.patch_057\natives/stm/environment/textures/sm52_174_nrra.tex.760230703 (deflate)
Wrote re_chunk_000.pak.patch_057\natives/stm/streaming/environment/textures/sm52_174_nrra.tex.760230703 (deflate)
Wrote re_chunk_000.pak.patch_057\natives/stm/environment/textures/tx_155_albd.tex.760230703 (deflate)
Wrote re_chunk_000.pak.patch_057\natives/stm/streaming/environment/textures/tx_235_albd.tex.760230703 (deflate)
Wrote re_chunk_000.pak.patch_057\natives/stm/environment/textures/tx_082_albd.tex.760230703 (deflate)
Wrote re_chunk_000.pak.patch_057\natives/stm/environment/textures/sm81_009_albd.tex.760230703 (deflate)
Wrote re_chunk_000.pak.patch_057\natives/stm/streaming/environment/textures/tx_234_albd.tex.760230703 (deflate)
Wrote re_chunk_000.pak.patch_057\natives/stm/environment/textures/sm81_009_nrrc.tex.760230703 (deflate)
Wrote re_chunk_000.pak.patch_057\natives/stm/streaming/environment/textures/tx_302_albd.tex.760230703 (deflate)
Wrote re_chunk_000.pak.patch_057\natives/stm/streaming/environment/textures/tx_035_nrmr.tex.760230703 (deflate)
Extracted 41 files from D:\GAMES\Dragons.Dogma.2.Deluxe.Edition-InsaneRamZes\re_chunk_000.pak.patch_057.pak
Extracted 41 files compressed with deflate


[extract_tex.py] Still missing ['tex_ui01c00_03_iam.tex.760230703']
[extract_tex.py] Running REtool on re_chunk_000.pak.patch_058.pak...
[extract_tex.py] Using REtool.exe at: D:\GAMES\REtool\REtool.exe
[extract_tex.py] REtool output for re_chunk_000.pak.patch_058.pak: RE Engine PAK tool v0.240 (by youtube.com/user/FluffyQuack)

Read 4 entries from D:\GAMES\Dragons.Dogma.2.Deluxe.Edition-InsaneRamZes\reframework\images\ItemBelt\pytools\tex_list.txt
Attempting to unpack D:\GAMES\Dragons.Dogma.2.Deluxe.Edition-InsaneRamZes\re_chunk_000.pak.patch_058.pak...
Read 5 entries
Loaded hash list from manifest
Extracting files...
Wrote re_chunk_000.pak.patch_058\natives/stm/streaming/environment/textures/sm50_429_pattern_albd.tex.760230703 (deflate)
Wrote re_chunk_000.pak.patch_058\__MANIFEST/MANIFEST.TXT (deflate)
Wrote re_chunk_000.pak.patch_058\natives/stm/streaming/environment/textures/sm50_429_pattern2_albd.tex.760230703 (deflate)
Wrote re_chunk_000.pak.patch_058\natives/stm/environment/textures/sm50_429_pattern_albd.tex.760230703 (deflate)
Wrote re_chunk_000.pak.patch_058\natives/stm/environment/textures/sm50_429_pattern2_albd.tex.760230703 (deflate)
Extracted 5 files from D:\GAMES\Dragons.Dogma.2.Deluxe.Edition-InsaneRamZes\re_chunk_000.pak.patch_058.pak
Extracted 5 files compressed with deflate


[extract_tex.py] Still missing ['tex_ui01c00_03_iam.tex.760230703']
[extract_tex.py] Running REtool on re_chunk_000.pak.patch_059.pak...
[extract_tex.py] Using REtool.exe at: D:\GAMES\REtool\REtool.exe
[extract_tex.py] REtool output for re_chunk_000.pak.patch_059.pak: RE Engine PAK tool v0.240 (by youtube.com/user/FluffyQuack)

Read 4 entries from D:\GAMES\Dragons.Dogma.2.Deluxe.Edition-InsaneRamZes\reframework\images\ItemBelt\pytools\tex_list.txt
Attempting to unpack D:\GAMES\Dragons.Dogma.2.Deluxe.Edition-InsaneRamZes\re_chunk_000.pak.patch_059.pak...
Read 15 entries
Loaded hash list from manifest
Extracting files...
Wrote re_chunk_000.pak.patch_059\natives/stm/streaming/environment/textures/tx_272_albd.tex.760230703 (deflate)
Wrote re_chunk_000.pak.patch_059\natives/stm/environment/textures/tx_268_albd.tex.760230703 (deflate)
Wrote re_chunk_000.pak.patch_059\natives/stm/streaming/environment/textures/tx_095_albd.tex.760230703 (deflate)
Wrote re_chunk_000.pak.patch_059\natives/stm/environment/textures/tx_272_nrra.tex.760230703 (deflate)
Wrote re_chunk_000.pak.patch_059\natives/stm/environment/textures/sm51_296_albd.tex.760230703 (deflate)
Wrote re_chunk_000.pak.patch_059\__MANIFEST/MANIFEST.TXT (deflate)
Wrote re_chunk_000.pak.patch_059\natives/stm/environment/textures/sm51_296_nrra.tex.760230703 (deflate)
Wrote re_chunk_000.pak.patch_059\natives/stm/environment/textures/tx_095_albd.tex.760230703 (deflate)
Wrote re_chunk_000.pak.patch_059\natives/stm/streaming/environment/textures/tx_094_albd.tex.760230703 (deflate)
Wrote re_chunk_000.pak.patch_059\natives/stm/streaming/environment/textures/sm51_296_albd.tex.760230703 (deflate)
Wrote re_chunk_000.pak.patch_059\natives/stm/streaming/environment/textures/sm51_296_nrra.tex.760230703 (deflate)
Wrote re_chunk_000.pak.patch_059\natives/stm/streaming/environment/textures/tx_268_albd.tex.760230703 (deflate)
Wrote re_chunk_000.pak.patch_059\natives/stm/environment/textures/tx_094_albd.tex.760230703 (deflate)
Wrote re_chunk_000.pak.patch_059\natives/stm/environment/textures/tx_272_albd.tex.760230703 (deflate)
Wrote re_chunk_000.pak.patch_059\natives/stm/streaming/environment/textures/tx_272_nrra.tex.760230703 (deflate)
Extracted 15 files from D:\GAMES\Dragons.Dogma.2.Deluxe.Edition-InsaneRamZes\re_chunk_000.pak.patch_059.pak
Extracted 15 files compressed with deflate


[extract_tex.py] Still missing ['tex_ui01c00_03_iam.tex.760230703']
[extract_tex.py] Running REtool on re_chunk_000.pak.patch_060.pak...
[extract_tex.py] Using REtool.exe at: D:\GAMES\REtool\REtool.exe
[extract_tex.py] REtool output for re_chunk_000.pak.patch_060.pak: RE Engine PAK tool v0.240 (by youtube.com/user/FluffyQuack)

Read 4 entries from D:\GAMES\Dragons.Dogma.2.Deluxe.Edition-InsaneRamZes\reframework\images\ItemBelt\pytools\tex_list.txt
Attempting to unpack D:\GAMES\Dragons.Dogma.2.Deluxe.Edition-InsaneRamZes\re_chunk_000.pak.patch_060.pak...
Read 9 entries
Loaded hash list from manifest
Extracting files...
Wrote re_chunk_000.pak.patch_060\natives/stm/gui/ui02/ui0210/ui021001.gui.620035 (deflate)
Wrote re_chunk_000.pak.patch_060\__MANIFEST/MANIFEST.TXT (deflate)
Wrote re_chunk_000.pak.patch_060\natives/stm/gui/ui02/ui0209/ui020901.gui.620035 (deflate)
Wrote re_chunk_000.pak.patch_060\natives/stm/gui/ui02/common/tex_ui02_common_01.tex.760230703 (deflate)
Wrote re_chunk_000.pak.patch_060\screenshot.png (copied)
Wrote re_chunk_000.pak.patch_060\modinfo.ini (copied)
Wrote re_chunk_000.pak.patch_060\natives/stm/gui/ui02/ui0206/ui020601.gui.620035 (deflate)
Wrote re_chunk_000.pak.patch_060\natives/stm/gui/ui02/ui0205/ui020501.gui.620035 (deflate)
Wrote re_chunk_000.pak.patch_060\natives/stm/gui/ui02/ui0205/tex_ui020501_01.tex.760230703 (deflate)
Extracted 9 files from D:\GAMES\Dragons.Dogma.2.Deluxe.Edition-InsaneRamZes\re_chunk_000.pak.patch_060.pak
Extracted 2 files with zero compression
Extracted 7 files compressed with deflate


[extract_tex.py] Still missing ['tex_ui01c00_03_iam.tex.760230703']
[extract_tex.py] Running REtool on re_chunk_000.pak.patch_061.pak...
[extract_tex.py] Using REtool.exe at: D:\GAMES\REtool\REtool.exe
[extract_tex.py] REtool output for re_chunk_000.pak.patch_061.pak: RE Engine PAK tool v0.240 (by youtube.com/user/FluffyQuack)

Read 4 entries from D:\GAMES\Dragons.Dogma.2.Deluxe.Edition-InsaneRamZes\reframework\images\ItemBelt\pytools\tex_list.txt
Attempting to unpack D:\GAMES\Dragons.Dogma.2.Deluxe.Edition-InsaneRamZes\re_chunk_000.pak.patch_061.pak...
Read 5 entries
Loaded hash list from manifest
Extracting files...
Wrote re_chunk_000.pak.patch_061\natives/stm/gui/ui01/common/item/c00/tex_ui01c00_03_iam.tex.760230703 (deflate)
Wrote re_chunk_000.pak.patch_061\__MANIFEST/MANIFEST.TXT (deflate)
Wrote re_chunk_000.pak.patch_061\natives/stm/gui/ui01/common/item/c00/tex_ui01c00_04_iam.tex.760230703 (deflate)
Wrote re_chunk_000.pak.patch_061\screenshot.png (copied)
Wrote re_chunk_000.pak.patch_061\modinfo.ini (copied)
Extracted 5 files from D:\GAMES\Dragons.Dogma.2.Deluxe.Edition-InsaneRamZes\re_chunk_000.pak.patch_061.pak
Extracted 2 files with zero compression
Extracted 3 files compressed with deflate


[extract_tex.py] Moved tex_ui01c00_03_iam.tex.760230703 --> reframework\images\ItemBelt\tex_ui01c00_03_iam.tex.760230703
[extract_tex.py] All target .tex files found — stopping early.
[extract_tex.py] --- Extraction Summary ---
[extract_tex.py] Found:   ['tex_ui01c00_00_iam.tex.760230703', 'tex_ui01c00_01_iam.tex.760230703', 'tex_ui01c00_02_iam.tex.760230703', 'tex_ui01c00_03_iam.tex.760230703']
[extract_tex.py] Missing: []
[extract_tex.py] Temporary folder cleaned up.
[extract_tex.py] Extraction finished. Verify the 'ItemBelt' folder for TEX files.
[image_installer.py] Running convert_tex_to_dds.py from run_step()
[convert_tex_to_dds.py] --- TEX --> DDS Converter ---
[convert_tex_to_dds.py] Found 4 TEX files in: D:\GAMES\Dragons.Dogma.2.Deluxe.Edition-InsaneRamZes\reframework\images\ItemBelt
[convert_tex_to_dds.py] Running REtool on tex_ui01c00_00_iam.tex.760230703...
[convert_tex_to_dds.py] REtool output for tex_ui01c00_00_iam.tex.760230703: RE Engine PAK tool v0.240 (by youtube.com/user/FluffyQuack)

TEX info: DXGI_FORMAT_BC7_UNORM_SRGB, 1560x1560, mipcount=1 (high-res texture)
Wrote D:\GAMES\Dragons.Dogma.2.Deluxe.Edition-InsaneRamZes\reframework\images\ItemBelt\tex_ui01c00_00_iam.dds


[convert_tex_to_dds.py] Running REtool on tex_ui01c00_01_iam.tex.760230703...
[convert_tex_to_dds.py] REtool output for tex_ui01c00_01_iam.tex.760230703: RE Engine PAK tool v0.240 (by youtube.com/user/FluffyQuack)

TEX info: DXGI_FORMAT_BC7_UNORM_SRGB, 1600x1560, mipcount=1 (high-res texture)
Wrote D:\GAMES\Dragons.Dogma.2.Deluxe.Edition-InsaneRamZes\reframework\images\ItemBelt\tex_ui01c00_01_iam.dds


[convert_tex_to_dds.py] Running REtool on tex_ui01c00_02_iam.tex.760230703...
[convert_tex_to_dds.py] REtool output for tex_ui01c00_02_iam.tex.760230703: RE Engine PAK tool v0.240 (by youtube.com/user/FluffyQuack)

TEX info: DXGI_FORMAT_BC7_UNORM_SRGB, 1600x1560, mipcount=1 (high-res texture)
Wrote D:\GAMES\Dragons.Dogma.2.Deluxe.Edition-InsaneRamZes\reframework\images\ItemBelt\tex_ui01c00_02_iam.dds


[convert_tex_to_dds.py] Running REtool on tex_ui01c00_03_iam.tex.760230703...
[convert_tex_to_dds.py] REtool output for tex_ui01c00_03_iam.tex.760230703: RE Engine PAK tool v0.240 (by youtube.com/user/FluffyQuack)

TEX info: DXGI_FORMAT_BC7_UNORM_SRGB, 1600x1560, mipcount=1 (high-res texture)
Wrote D:\GAMES\Dragons.Dogma.2.Deluxe.Edition-InsaneRamZes\reframework\images\ItemBelt\tex_ui01c00_03_iam.dds


[convert_tex_to_dds.py] Conversion finished. Verify the 'ItemBelt' folder for DDS files.
[image_installer.py] Found 4 DDS files to slice.
[image_installer.py] 'Better UI - Informative Icons' mod is installed.
[image_installer.py] Slicing tex_ui01c00_00_iam.dds (start_id=1)
[image_installer.py] Running slice_dds_grid.py from run_step()
[slice_dds_grid.py] --- DDS Grid Slicer ---
[slice_dds_grid.py] Slicing finished. Verify the 'tiles' folder for PNG files.
[slice_dds_grid.py] Exported 100 images to D:\GAMES\Dragons.Dogma.2.Deluxe.Edition-InsaneRamZes\reframework\images\ItemBelt\tiles
[image_installer.py] Slicing tex_ui01c00_01_iam.dds (start_id=101)
[image_installer.py] Running slice_dds_grid.py from run_step()
[slice_dds_grid.py] --- DDS Grid Slicer ---
[slice_dds_grid.py] Slicing finished. Verify the 'tiles' folder for PNG files.
[slice_dds_grid.py] Exported 100 images to D:\GAMES\Dragons.Dogma.2.Deluxe.Edition-InsaneRamZes\reframework\images\ItemBelt\tiles
[image_installer.py] Slicing tex_ui01c00_02_iam.dds (start_id=201)
[image_installer.py] Running slice_dds_grid.py from run_step()
[slice_dds_grid.py] --- DDS Grid Slicer ---
[slice_dds_grid.py] Slicing finished. Verify the 'tiles' folder for PNG files.
[slice_dds_grid.py] Exported 100 images to D:\GAMES\Dragons.Dogma.2.Deluxe.Edition-InsaneRamZes\reframework\images\ItemBelt\tiles
[image_installer.py] Slicing tex_ui01c00_03_iam.dds (start_id=301)
[image_installer.py] Running slice_dds_grid.py from run_step()
[slice_dds_grid.py] --- DDS Grid Slicer ---
[slice_dds_grid.py] Slicing finished. Verify the 'tiles' folder for PNG files.
[slice_dds_grid.py] Exported 100 images to D:\GAMES\Dragons.Dogma.2.Deluxe.Edition-InsaneRamZes\reframework\images\ItemBelt\tiles
[image_installer.py] All DDS files processed.
[image_installer.py] Running cleanup_tiles.py from run_step()
[cleanup_tiles.py] --- Tile Files Cleaner ---
[cleanup_tiles.py] Removed 323 unused tiles.
[cleanup_tiles.py] Kept 77 out of the 77 tiles defined in D:\GAMES\Dragons.Dogma.2.Deluxe.Edition-InsaneRamZes\reframework\images\ItemBelt\pytools\keep_list.txt
[image_installer.py] Check tiles in: D:\GAMES\Dragons.Dogma.2.Deluxe.Edition-InsaneRamZes\reframework\images\ItemBelt\tiles
[image_installer.py] Log saved at: D:\GAMES\Dragons.Dogma.2.Deluxe.Edition-InsaneRamZes\reframework\images\ItemBelt\ItemBelt.log
